loss,accuracy
17.373,0.278
16.172,0.280
12.886,0.318
2.870,0.365
0.312,0.868
0.327,0.873
0.331,0.848
0.393,0.863
0.364,0.838
0.476,0.853
0.381,0.825
0.503,0.850
0.380,0.828
0.494,0.853
0.376,0.833
0.486,0.850
0.376,0.830
0.489,0.853
0.378,0.828
0.493,0.853
0.379,0.835
0.494,0.853
0.379,0.835
0.494,0.853
0.379,0.833
0.493,0.853
0.378,0.833
0.493,0.853
0.379,0.835
0.494,0.853
0.379,0.835
0.494,0.853
0.379,0.835
0.494,0.853
0.379,0.835
0.494,0.853
0.378,0.835
0.493,0.853
0.378,0.835
0.493,0.853
0.378,0.835
0.493,0.853
0.378,0.835
0.493,0.853
0.378,0.833
0.493,0.853
0.378,0.833
0.493,0.853
0.378,0.833
0.493,0.853
0.378,0.833
0.493,0.853
0.378,0.833
0.493,0.853
0.378,0.833
0.493,0.853
0.378,0.833
0.493,0.853
0.378,0.833
0.493,0.853
0.378,0.833
0.493,0.853
0.378,0.833
0.493,0.853
0.378,0.833
0.493,0.853
0.378,0.833
0.493,0.853
0.378,0.833
0.493,0.853
0.378,0.833
0.493,0.853
0.378,0.833
0.492,0.853
0.378,0.833
0.492,0.853
0.378,0.833
0.492,0.853
0.378,0.833
0.492,0.853
0.378,0.833
0.492,0.853
0.378,0.833
0.492,0.853
0.378,0.833
0.492,0.853
0.378,0.833
0.492,0.853
0.378,0.833
0.492,0.853
0.378,0.833
0.492,0.853
0.378,0.833
0.492,0.853
0.378,0.833
0.492,0.853
0.378,0.833
0.492,0.853
0.378,0.833
0.492,0.853
0.378,0.833
0.492,0.853
0.378,0.833
0.492,0.853
0.378,0.833
0.492,0.853
0.378,0.833
0.492,0.853
0.378,0.833
0.492,0.853
0.378,0.833
0.491,0.853
0.377,0.833
0.491,0.853
0.377,0.833
0.491,0.853
0.377,0.833
0.491,0.853
0.377,0.833
0.491,0.853
0.377,0.833
0.491,0.853
0.377,0.833
0.491,0.853
0.377,0.833
0.491,0.853
0.377,0.833
0.491,0.853
0.377,0.833
0.491,0.853
0.377,0.833
0.491,0.853
0.377,0.833
0.491,0.853
0.377,0.833
0.491,0.853
0.377,0.833
0.491,0.853
0.377,0.833
0.491,0.853
0.377,0.833
0.491,0.853
0.377,0.833
0.491,0.853
0.377,0.833
0.491,0.853
0.377,0.833
0.490,0.853
0.377,0.833
0.490,0.853
0.377,0.833
0.490,0.853
0.377,0.833
0.490,0.853
0.377,0.833
0.490,0.853
0.377,0.833
0.490,0.853
0.377,0.833
0.490,0.853
0.377,0.833
0.490,0.853
0.377,0.833
0.490,0.853
0.377,0.833
0.490,0.853
0.377,0.833
0.490,0.853
0.377,0.833
0.490,0.853
0.377,0.833
0.490,0.853
0.377,0.833
0.490,0.853
0.377,0.833
0.490,0.853
0.377,0.833
0.490,0.853
0.377,0.833
0.490,0.853
0.377,0.833
0.490,0.853
0.377,0.833
0.489,0.853
0.377,0.833
0.489,0.853
0.376,0.833
0.489,0.853
0.376,0.833
0.489,0.853
0.376,0.833
0.489,0.853
0.376,0.833
0.489,0.853
0.376,0.833
0.489,0.853
0.376,0.833
0.489,0.853
0.376,0.833
0.489,0.853
0.376,0.833
0.489,0.853
0.376,0.833
0.489,0.853
0.376,0.833
0.489,0.853
0.376,0.833
0.489,0.853
0.376,0.833
0.489,0.853
0.376,0.833
0.489,0.853
0.376,0.833
0.489,0.853
0.376,0.833
0.489,0.853
0.376,0.833
0.489,0.853
0.376,0.833
0.489,0.853
0.376,0.833
0.488,0.853
0.376,0.833
0.488,0.853
0.376,0.833
0.488,0.853
0.376,0.833
0.488,0.853
0.376,0.833
0.488,0.853
0.376,0.833
0.488,0.853
0.376,0.833
0.488,0.853
0.376,0.833
0.488,0.853
0.376,0.833
0.488,0.853
0.376,0.833
0.488,0.853
0.376,0.833
0.488,0.853
0.376,0.833
0.488,0.853
0.376,0.833
0.488,0.853
0.376,0.833
0.488,0.853
0.376,0.833
0.488,0.853
0.376,0.833
0.488,0.853
0.376,0.833
0.488,0.853
0.376,0.833
0.488,0.853
0.376,0.833
0.487,0.853
0.376,0.833
0.487,0.853
0.375,0.833
0.487,0.853
0.375,0.833
0.487,0.853
0.375,0.833
0.487,0.853
0.375,0.833
0.487,0.853
0.375,0.833
0.487,0.853
0.375,0.833
0.487,0.853
0.375,0.833
0.487,0.853
0.375,0.833
0.487,0.853
0.375,0.833
0.487,0.853
0.375,0.833
0.487,0.853
0.375,0.833
0.487,0.853
0.375,0.833
0.487,0.853
0.375,0.833
0.487,0.853
0.375,0.833
0.487,0.853
0.375,0.833
0.487,0.853
0.375,0.833
0.487,0.853
0.375,0.833
0.487,0.853
0.375,0.833
0.486,0.853
0.375,0.833
0.486,0.853
0.375,0.833
0.486,0.853
0.375,0.833
0.486,0.853
0.375,0.833
0.486,0.853
0.375,0.833
0.486,0.853
0.375,0.833
0.486,0.853
0.375,0.833
0.486,0.853
0.375,0.833
0.486,0.853
0.375,0.833
0.486,0.853
0.375,0.833
0.486,0.853
0.375,0.833
0.486,0.853
0.375,0.833
0.486,0.853
0.375,0.833
0.486,0.850
0.375,0.833
0.486,0.850
0.375,0.833
0.486,0.850
0.375,0.833
0.486,0.850
0.375,0.833
0.486,0.850
0.375,0.833
0.486,0.850
0.375,0.833
0.485,0.850
0.375,0.833
0.485,0.850
0.374,0.833
0.485,0.850
0.374,0.833
0.485,0.850
0.374,0.833
0.485,0.850
0.374,0.833
0.485,0.850
0.374,0.833
0.485,0.850
0.374,0.833
0.485,0.850
0.374,0.833
0.485,0.850
0.374,0.833
0.485,0.850
0.374,0.833
0.485,0.850
0.374,0.833
0.485,0.850
0.374,0.833
0.485,0.850
0.374,0.833
0.485,0.850
0.374,0.833
0.485,0.850
0.374,0.833
0.485,0.850
0.374,0.833
0.485,0.850
0.374,0.833
0.485,0.850
0.374,0.833
0.484,0.850
0.374,0.833
0.484,0.850
0.374,0.833
0.484,0.850
0.374,0.833
0.484,0.850
0.374,0.833
0.484,0.850
0.374,0.833
0.484,0.850
0.374,0.833
0.484,0.850
0.374,0.833
0.484,0.850
0.374,0.833
0.484,0.850
0.374,0.833
0.484,0.850
0.374,0.833
0.484,0.850
0.374,0.833
0.484,0.850
0.374,0.833
0.484,0.850
0.374,0.833
0.484,0.850
0.374,0.833
0.484,0.850
0.374,0.833
0.484,0.850
0.374,0.833
0.484,0.850
0.374,0.833
0.484,0.850
0.374,0.833
0.484,0.850
0.374,0.833
0.483,0.850
0.374,0.833
0.483,0.850
0.374,0.833
0.483,0.850
0.373,0.833
0.483,0.850
0.373,0.833
0.483,0.850
0.373,0.833
0.483,0.850
0.373,0.833
0.483,0.850
0.373,0.833
0.483,0.850
0.373,0.833
0.483,0.850
0.373,0.833
0.483,0.850
0.373,0.833
0.483,0.850
0.373,0.833
0.483,0.850
0.373,0.833
0.483,0.850
0.373,0.833
0.483,0.850
0.373,0.833
0.483,0.850
0.373,0.833
0.483,0.850
0.373,0.833
0.483,0.850
0.373,0.833
0.483,0.850
0.373,0.833
0.483,0.850
0.373,0.833
0.482,0.850
0.373,0.833
0.482,0.850
0.373,0.833
0.482,0.850
0.373,0.833
0.482,0.850
0.373,0.833
0.482,0.850
0.373,0.833
0.482,0.850
0.373,0.833
0.482,0.850
0.373,0.833
0.482,0.850
0.373,0.833
0.482,0.850
0.373,0.833
0.482,0.850
0.373,0.833
0.482,0.850
0.373,0.833
0.482,0.850
0.373,0.833
0.482,0.850
0.373,0.833
0.482,0.850
0.373,0.833
0.482,0.850
0.373,0.833
0.482,0.850
0.373,0.833
0.482,0.850
0.373,0.833
0.482,0.850
0.373,0.833
0.482,0.850
0.373,0.833
0.481,0.850
0.373,0.833
0.481,0.850
0.373,0.833
0.481,0.850
0.372,0.833
0.481,0.850
0.372,0.833
0.481,0.850
0.372,0.833
0.481,0.850
0.372,0.833
0.481,0.850
0.372,0.833
0.481,0.850
0.372,0.833
0.481,0.850
0.372,0.833
0.481,0.850
0.372,0.833
0.481,0.850
0.372,0.833
0.481,0.850
0.372,0.833
0.481,0.850
0.372,0.833
0.481,0.850
0.372,0.833
0.481,0.850
0.372,0.833
0.481,0.850
0.372,0.833
0.481,0.850
0.372,0.833
0.481,0.850
0.372,0.833
0.481,0.850
0.372,0.833
0.480,0.850
0.372,0.833
0.480,0.850
0.372,0.833
0.480,0.850
0.372,0.833
0.480,0.850
0.372,0.833
0.480,0.850
0.372,0.833
0.480,0.850
0.372,0.833
0.480,0.850
0.372,0.833
0.480,0.850
0.372,0.833
0.480,0.850
0.372,0.833
0.480,0.850
0.372,0.833
0.480,0.850
0.372,0.833
0.480,0.850
0.372,0.833
0.480,0.850
0.372,0.833
0.480,0.850
0.372,0.833
0.480,0.850
0.372,0.833
0.480,0.850
0.372,0.833
0.480,0.850
0.372,0.833
0.480,0.850
0.372,0.833
0.480,0.850
0.372,0.833
0.479,0.850
0.372,0.833
0.479,0.850
0.372,0.833
0.479,0.850
0.372,0.833
0.479,0.850
0.371,0.833
0.479,0.850
0.371,0.833
0.479,0.850
0.371,0.833
0.479,0.850
0.371,0.833
0.479,0.850
0.371,0.833
0.479,0.850
0.371,0.833
0.479,0.850
0.371,0.833
0.479,0.850
0.371,0.833
0.479,0.850
0.371,0.833
0.479,0.850
0.371,0.833
0.479,0.850
0.371,0.833
0.479,0.850
0.371,0.833
0.479,0.850
0.371,0.833
0.479,0.850
0.371,0.833
0.479,0.850
0.371,0.833
0.479,0.850
0.371,0.833
0.478,0.850
0.371,0.833
0.478,0.850
0.371,0.833
0.478,0.850
0.371,0.833
0.478,0.850
0.371,0.833
0.478,0.850
0.371,0.833
0.478,0.850
0.371,0.833
0.478,0.850
0.371,0.833
0.478,0.850
0.371,0.833
0.478,0.850
0.371,0.833
0.478,0.850
0.371,0.833
0.478,0.850
0.371,0.833
0.478,0.850
0.371,0.833
0.478,0.850
0.371,0.833
0.478,0.850
0.371,0.833
0.478,0.850
0.371,0.833
0.478,0.850
0.371,0.833
0.478,0.850
0.371,0.833
0.478,0.850
0.371,0.833
0.478,0.850
0.371,0.833
0.478,0.850
0.371,0.833
0.477,0.850
0.371,0.833
0.477,0.850
0.371,0.833
0.477,0.850
0.371,0.833
0.477,0.850
0.370,0.833
0.477,0.850
0.370,0.833
0.477,0.850
0.370,0.833
0.477,0.850
0.370,0.833
0.477,0.850
0.370,0.833
0.477,0.850
0.370,0.833
0.477,0.850
0.370,0.833
0.477,0.850
0.370,0.833
0.477,0.850
0.370,0.833
0.477,0.850
0.370,0.833
0.477,0.850
0.370,0.833
0.477,0.850
0.370,0.833
0.477,0.850
0.370,0.833
0.477,0.850
0.370,0.833
0.477,0.850
0.370,0.833
0.477,0.850
0.370,0.833
0.476,0.850
0.370,0.833
0.476,0.850
0.370,0.833
0.476,0.850
0.370,0.833
0.476,0.850
0.370,0.833
0.476,0.850
0.370,0.833
0.476,0.850
0.370,0.833
0.476,0.850
0.370,0.833
0.476,0.850
0.370,0.833
0.476,0.850
0.370,0.833
0.476,0.850
0.370,0.833
0.476,0.850
0.370,0.833
0.476,0.850
0.370,0.833
0.476,0.850
0.370,0.833
0.476,0.850
0.370,0.833
0.476,0.850
0.370,0.833
0.476,0.850
0.370,0.833
0.476,0.850
0.370,0.833
0.476,0.850
0.370,0.833
0.476,0.850
0.370,0.833
0.475,0.850
0.370,0.833
0.475,0.850
0.370,0.833
0.475,0.850
0.370,0.833
0.475,0.850
0.370,0.833
0.475,0.850
0.370,0.833
0.475,0.850
0.369,0.833
0.475,0.850
0.369,0.833
0.475,0.850
0.369,0.833
0.475,0.850
0.369,0.833
0.475,0.850
0.369,0.833
0.475,0.850
0.369,0.833
0.475,0.850
0.369,0.833
0.475,0.850
0.369,0.833
0.475,0.850
0.369,0.833
0.475,0.850
0.369,0.833
0.475,0.850
0.369,0.833
0.475,0.850
0.369,0.833
0.475,0.850
0.369,0.833
0.475,0.850
0.369,0.833
0.475,0.850
0.369,0.833
0.474,0.850
0.369,0.833
0.474,0.850
0.369,0.833
0.474,0.850
0.369,0.833
0.474,0.850
0.369,0.833
0.474,0.850
0.369,0.833
0.474,0.850
0.369,0.833
0.474,0.850
0.369,0.833
0.474,0.850
0.369,0.833
0.474,0.850
0.369,0.833
0.474,0.850
0.369,0.833
0.474,0.850
0.369,0.833
0.474,0.850
0.369,0.833
0.474,0.850
0.369,0.833
0.474,0.850
0.369,0.833
0.474,0.850
0.369,0.835
0.474,0.850
0.369,0.835
0.474,0.850
0.369,0.835
0.474,0.850
0.369,0.835
0.474,0.850
0.369,0.835
0.474,0.850
0.369,0.835
0.473,0.850
0.369,0.835
0.473,0.850
0.369,0.835
0.473,0.850
0.369,0.835
0.473,0.850
0.369,0.835
0.473,0.850
0.369,0.835
0.473,0.850
0.368,0.835
0.473,0.850
0.368,0.835
0.473,0.850
0.368,0.835
0.473,0.850
0.368,0.835
0.473,0.850
0.368,0.835
0.473,0.850
0.368,0.835
0.473,0.850
0.368,0.835
0.473,0.850
0.368,0.835
0.473,0.850
0.368,0.835
0.473,0.850
0.368,0.835
0.473,0.850
0.368,0.835
0.473,0.850
0.368,0.835
0.473,0.850
0.368,0.835
0.473,0.850
0.368,0.835
0.472,0.850
0.368,0.835
0.472,0.850
0.368,0.835
0.472,0.850
0.368,0.835
0.472,0.850
0.368,0.835
0.472,0.850
0.368,0.835
0.472,0.850
0.368,0.835
0.472,0.850
0.368,0.835
0.472,0.850
0.368,0.835
0.472,0.850
0.368,0.835
0.472,0.850
0.368,0.835
0.472,0.850
0.368,0.835
0.472,0.850
0.368,0.835
0.472,0.850
0.368,0.835
0.472,0.850
0.368,0.835
0.472,0.850
0.368,0.835
0.472,0.850
0.368,0.835
0.472,0.850
0.368,0.835
0.472,0.850
0.368,0.835
0.472,0.850
0.368,0.835
0.472,0.850
0.368,0.835
0.471,0.850
0.368,0.835
0.471,0.850
0.368,0.835
0.471,0.850
0.368,0.835
0.471,0.850
0.368,0.835
0.471,0.850
0.368,0.835
0.471,0.850
0.368,0.835
0.471,0.850
0.367,0.835
0.471,0.850
0.367,0.838
0.471,0.850
0.367,0.838
0.471,0.850
0.367,0.838
0.471,0.850
0.367,0.838
0.471,0.850
0.367,0.838
0.471,0.850
0.367,0.838
0.471,0.850
0.367,0.838
0.471,0.850
0.367,0.838
0.471,0.850
0.367,0.838
0.471,0.850
0.367,0.838
0.471,0.850
0.367,0.838
0.471,0.850
0.367,0.838
0.471,0.850
0.367,0.838
0.470,0.850
0.367,0.838
0.470,0.850
0.367,0.838
0.470,0.850
0.367,0.838
0.470,0.850
0.367,0.838
0.470,0.850
0.367,0.838
0.470,0.850
0.367,0.838
0.470,0.850
0.367,0.838
0.470,0.850
0.367,0.838
0.470,0.850
0.367,0.838
0.470,0.850
0.367,0.838
0.470,0.850
0.367,0.838
0.470,0.850
0.367,0.838
0.470,0.850
0.367,0.838
0.470,0.850
0.367,0.838
0.470,0.850
0.367,0.838
0.470,0.850
0.367,0.838
0.470,0.850
0.367,0.838
0.470,0.850
0.367,0.838
0.470,0.850
0.367,0.838
0.470,0.850
0.367,0.838
0.469,0.850
0.367,0.838
0.469,0.850
0.367,0.838
0.469,0.850
0.367,0.838
0.469,0.850
0.367,0.838
0.469,0.850
0.367,0.838
0.469,0.850
0.367,0.838
0.469,0.850
0.367,0.838
0.469,0.850
0.366,0.838
0.469,0.850
0.366,0.838
0.469,0.850
0.366,0.838
0.469,0.850
0.366,0.838
0.469,0.850
0.366,0.838
0.469,0.850
0.366,0.838
0.469,0.850
0.366,0.838
0.469,0.850
0.366,0.838
0.469,0.850
0.366,0.838
0.469,0.850
0.366,0.838
0.469,0.850
0.366,0.838
0.469,0.850
0.366,0.838
0.469,0.850
0.366,0.838
0.468,0.850
0.366,0.838
0.468,0.850
0.366,0.838
0.468,0.850
0.366,0.838
0.468,0.850
0.366,0.838
0.468,0.850
0.366,0.838
0.468,0.850
0.366,0.838
0.468,0.850
0.366,0.838
0.468,0.850
0.366,0.838
0.468,0.850
0.366,0.838
0.468,0.850
0.366,0.838
0.468,0.850
0.366,0.838
0.468,0.850
0.366,0.838
0.468,0.850
0.366,0.838
0.468,0.850
0.366,0.838
0.468,0.850
0.366,0.838
0.468,0.850
0.366,0.838
0.468,0.850
0.366,0.838
0.468,0.850
0.366,0.838
0.468,0.850
0.366,0.838
0.468,0.850
0.366,0.838
0.467,0.850
0.366,0.838
0.467,0.850
0.366,0.838
0.467,0.850
0.366,0.838
0.467,0.850
0.366,0.838
0.467,0.850
0.366,0.838
0.467,0.850
0.366,0.838
0.467,0.850
0.366,0.838
0.467,0.850
0.366,0.838
0.467,0.850
0.365,0.838
0.467,0.850
0.365,0.838
0.467,0.850
0.365,0.838
0.467,0.850
0.365,0.838
0.467,0.850
0.365,0.838
0.467,0.850
0.365,0.838
0.467,0.850
0.365,0.838
0.467,0.850
0.365,0.838
0.467,0.850
0.365,0.838
0.467,0.850
0.365,0.838
0.467,0.850
0.365,0.838
0.467,0.850
0.365,0.838
0.466,0.850
0.365,0.838
0.466,0.850
0.365,0.838
0.466,0.850
0.365,0.840
0.466,0.850
0.365,0.840
0.466,0.850
0.365,0.840
0.466,0.850
0.365,0.840
0.466,0.850
0.365,0.840
0.466,0.850
0.365,0.840
0.466,0.850
0.365,0.840
0.466,0.850
0.365,0.840
0.466,0.850
0.365,0.840
0.466,0.850
0.365,0.840
0.466,0.850
0.365,0.840
0.466,0.850
0.365,0.840
0.466,0.850
0.365,0.840
0.466,0.850
0.365,0.840
0.466,0.850
0.365,0.840
0.466,0.850
0.365,0.840
0.466,0.850
0.365,0.840
0.466,0.850
0.365,0.840
0.465,0.850
0.365,0.840
0.465,0.850
0.365,0.840
0.465,0.850
0.365,0.840
0.465,0.850
0.365,0.840
0.465,0.850
0.365,0.840
0.465,0.850
0.365,0.840
0.465,0.850
0.365,0.840
0.465,0.850
0.365,0.840
0.465,0.850
0.365,0.840
0.465,0.850
0.365,0.840
0.465,0.850
0.364,0.840
0.465,0.850
0.364,0.840
0.465,0.850
0.364,0.843
0.465,0.850
0.364,0.843
0.465,0.850
0.364,0.843
0.465,0.850
0.364,0.843
0.465,0.850
0.364,0.843
0.465,0.850
0.364,0.843
0.465,0.850
0.364,0.843
0.465,0.850
0.364,0.843
0.465,0.850
0.364,0.843
0.464,0.850
0.364,0.843
0.464,0.850
0.364,0.843
0.464,0.850
0.364,0.843
0.464,0.850
0.364,0.843
0.464,0.850
0.364,0.843
0.464,0.850
0.364,0.843
0.464,0.850
0.364,0.843
0.464,0.850
0.364,0.843
0.464,0.850
0.364,0.843
0.464,0.850
0.364,0.843
0.464,0.850
0.364,0.843
0.464,0.850
0.364,0.843
0.464,0.850
0.364,0.843
0.464,0.850
0.364,0.843
0.464,0.850
0.364,0.843
0.464,0.850
0.364,0.843
0.464,0.850
0.364,0.843
0.464,0.850
0.364,0.843
0.464,0.850
0.364,0.843
0.464,0.850
0.364,0.843
0.463,0.850
0.364,0.843
0.463,0.850
0.364,0.843
0.463,0.850
0.364,0.843
0.463,0.850
0.364,0.843
0.463,0.850
0.364,0.843
0.463,0.850
0.364,0.843
0.463,0.850
0.364,0.843
0.463,0.850
0.364,0.843
0.463,0.850
0.364,0.843
0.463,0.850
0.364,0.843
0.463,0.850
0.364,0.843
0.463,0.850
0.363,0.843
0.463,0.850
0.363,0.843
0.463,0.850
0.363,0.843
0.463,0.850
0.363,0.843
0.463,0.850
0.363,0.843
0.463,0.850
0.363,0.843
0.463,0.850
0.363,0.843
0.463,0.850
0.363,0.843
0.463,0.850
0.363,0.843
0.463,0.850
0.363,0.843
0.462,0.850
0.363,0.843
0.462,0.850
0.363,0.843
0.462,0.850
0.363,0.843
0.462,0.850
0.363,0.843
0.462,0.850
0.363,0.843
0.462,0.850
0.363,0.843
0.462,0.850
0.363,0.843
0.462,0.850
0.363,0.843
0.462,0.850
0.363,0.843
0.462,0.850
0.363,0.843
0.462,0.850
0.363,0.843
0.462,0.850
0.363,0.843
0.462,0.850
0.363,0.843
0.462,0.850
0.363,0.843
0.462,0.850
0.363,0.843
0.462,0.850
0.363,0.843
0.462,0.850
0.363,0.843
0.462,0.850
0.363,0.843
0.462,0.850
0.363,0.843
0.462,0.850
0.363,0.843
0.461,0.850
0.363,0.843
0.461,0.850
0.363,0.843
0.461,0.850
0.363,0.843
0.461,0.850
0.363,0.843
0.461,0.850
0.363,0.843
0.461,0.850
0.363,0.843
0.461,0.850
0.363,0.843
0.461,0.850
0.363,0.843
0.461,0.850
0.363,0.843
0.461,0.850
0.363,0.843
0.461,0.850
0.363,0.843
0.461,0.850
0.363,0.843
0.461,0.850
0.362,0.843
0.461,0.850
0.362,0.843
0.461,0.850
0.362,0.843
0.461,0.850
0.362,0.843
0.461,0.850
0.362,0.843
0.461,0.850
0.362,0.843
0.461,0.850
0.362,0.843
0.461,0.850
0.362,0.843
0.461,0.850
0.362,0.843
0.460,0.850
0.362,0.843
0.460,0.850
0.362,0.843
0.460,0.850
0.362,0.843
0.460,0.850
0.362,0.843
0.460,0.850
0.362,0.843
0.460,0.850
0.362,0.843
0.460,0.850
0.362,0.843
0.460,0.850
0.362,0.843
0.460,0.850
0.362,0.843
0.460,0.850
0.362,0.843
0.460,0.850
0.362,0.843
0.460,0.850
0.362,0.843
0.460,0.850
0.362,0.843
0.460,0.850
0.362,0.843
0.460,0.850
0.362,0.843
0.460,0.850
0.362,0.843
0.460,0.850
0.362,0.843
0.460,0.850
0.362,0.843
0.460,0.850
0.362,0.843
0.460,0.850
0.362,0.843
0.460,0.850
0.362,0.843
0.459,0.850
0.362,0.843
0.459,0.850
0.362,0.843
0.459,0.850
0.362,0.843
0.459,0.850
0.362,0.843
0.459,0.850
0.362,0.843
0.459,0.850
0.362,0.843
0.459,0.850
0.362,0.843
0.459,0.850
0.362,0.843
0.459,0.850
0.362,0.843
0.459,0.850
0.362,0.843
0.459,0.850
0.362,0.843
0.459,0.850
0.362,0.843
0.459,0.850
0.362,0.843
0.459,0.850
0.361,0.843
0.459,0.850
0.361,0.843
0.459,0.850
0.361,0.843
0.459,0.850
0.361,0.843
0.459,0.850
0.361,0.843
0.459,0.850
0.361,0.843
0.459,0.850
0.361,0.843
0.459,0.850
0.361,0.843
0.458,0.850
0.361,0.843
0.458,0.850
0.361,0.843
0.458,0.850
0.361,0.843
0.458,0.850
0.361,0.843
0.458,0.850
0.361,0.843
0.458,0.850
0.361,0.843
0.458,0.850
0.361,0.843
0.458,0.850
0.361,0.843
0.458,0.850
0.361,0.843
0.458,0.850
0.361,0.843
0.458,0.850
0.361,0.843
0.458,0.850
0.361,0.843
0.458,0.850
0.361,0.843
0.458,0.850
0.361,0.843
0.458,0.850
0.361,0.843
0.458,0.850
0.361,0.843
0.458,0.850
0.361,0.843
0.458,0.850
0.361,0.843
0.458,0.850
0.361,0.843
0.458,0.850
0.361,0.843
0.458,0.850
0.361,0.843
0.457,0.850
0.361,0.843
0.457,0.850
0.361,0.843
0.457,0.850
0.361,0.843
0.457,0.850
0.361,0.843
0.457,0.850
0.361,0.843
0.457,0.850
0.361,0.843
0.457,0.850
0.361,0.843
0.457,0.850
0.361,0.843
0.457,0.850
0.361,0.843
0.457,0.850
0.361,0.843
0.457,0.850
0.361,0.843
0.457,0.850
0.361,0.843
0.457,0.850
0.361,0.843
0.457,0.850
0.361,0.843
0.457,0.850
0.360,0.843
0.457,0.850
0.360,0.843
0.457,0.850
0.360,0.843
0.457,0.850
0.360,0.843
0.457,0.850
0.360,0.843
0.457,0.850
0.360,0.843
0.457,0.850
0.360,0.843
0.456,0.850
0.360,0.843
0.456,0.850
0.360,0.843
0.456,0.850
0.360,0.843
0.456,0.850
0.360,0.843
0.456,0.850
0.360,0.843
0.456,0.850
0.360,0.843
0.456,0.850
0.360,0.843
0.456,0.850
0.360,0.843
0.456,0.850
0.360,0.843
0.456,0.850
0.360,0.843
0.456,0.850
0.360,0.843
0.456,0.850
0.360,0.843
0.456,0.850
0.360,0.843
0.456,0.850
0.360,0.843
0.456,0.850
0.360,0.843
0.456,0.850
0.360,0.843
0.456,0.850
0.360,0.843
0.456,0.850
0.360,0.843
0.456,0.850
0.360,0.843
0.456,0.850
0.360,0.843
0.456,0.850
0.360,0.843
0.455,0.850
0.360,0.843
0.455,0.850
0.360,0.843
0.455,0.850
0.360,0.843
0.455,0.850
0.360,0.843
0.455,0.850
0.360,0.843
0.455,0.850
0.360,0.843
0.455,0.850
0.360,0.843
0.455,0.850
0.360,0.843
0.455,0.850
0.360,0.843
0.455,0.850
0.360,0.843
0.455,0.850
0.360,0.843
0.455,0.850
0.360,0.843
0.455,0.850
0.360,0.843
0.455,0.850
0.360,0.843
0.455,0.850
0.360,0.843
0.455,0.850
0.360,0.843
0.455,0.850
0.359,0.843
0.455,0.850
0.359,0.843
0.455,0.850
0.359,0.843
0.455,0.850
0.359,0.843
0.455,0.850
0.359,0.843
0.455,0.850
0.359,0.843
0.454,0.850
0.359,0.843
0.454,0.850
0.359,0.843
0.454,0.850
0.359,0.843
0.454,0.850
0.359,0.843
0.454,0.850
0.359,0.843
0.454,0.850
0.359,0.843
0.454,0.850
0.359,0.843
0.454,0.850
0.359,0.843
0.454,0.850
0.359,0.843
0.454,0.850
0.359,0.843
0.454,0.850
0.359,0.843
0.454,0.850
0.359,0.843
0.454,0.850
0.359,0.843
0.454,0.850
0.359,0.843
0.454,0.850
0.359,0.843
0.454,0.850
0.359,0.843
0.454,0.850
0.359,0.843
0.454,0.850
0.359,0.843
0.454,0.850
0.359,0.843
0.454,0.850
0.359,0.843
0.454,0.850
0.359,0.843
0.453,0.850
0.359,0.843
0.453,0.850
0.359,0.843
0.453,0.850
0.359,0.843
0.453,0.850
0.359,0.843
0.453,0.850
0.359,0.843
0.453,0.850
0.359,0.843
0.453,0.850
0.359,0.843
0.453,0.850
0.359,0.843
0.453,0.850
0.359,0.843
0.453,0.850
0.359,0.843
0.453,0.850
0.359,0.843
0.453,0.850
0.359,0.843
0.453,0.850
0.359,0.843
0.453,0.850
0.359,0.843
0.453,0.850
0.359,0.843
0.453,0.850
0.359,0.843
0.453,0.850
0.359,0.843
0.453,0.850
0.358,0.843
0.453,0.850
0.358,0.843
0.453,0.850
0.358,0.843
0.453,0.850
0.358,0.843
0.453,0.850
0.358,0.843
0.452,0.850
0.358,0.843
0.452,0.850
0.358,0.843
0.452,0.850
0.358,0.843
0.452,0.850
0.358,0.843
0.452,0.850
0.358,0.843
0.452,0.850
0.358,0.843
0.452,0.850
0.358,0.843
0.452,0.850
0.358,0.843
0.452,0.850
0.358,0.843
0.452,0.850
0.358,0.843
0.452,0.850
0.358,0.843
0.452,0.850
0.358,0.843
0.452,0.850
0.358,0.843
0.452,0.850
0.358,0.843
0.452,0.850
0.358,0.843
0.452,0.850
0.358,0.843
0.452,0.850
0.358,0.843
0.452,0.850
0.358,0.843
0.452,0.850
0.358,0.843
0.452,0.850
0.358,0.843
0.452,0.850
0.358,0.843
0.451,0.850
0.358,0.843
0.451,0.850
0.358,0.843
0.451,0.850
0.358,0.843
0.451,0.850
0.358,0.843
0.451,0.850
0.358,0.843
0.451,0.850
0.358,0.843
0.451,0.850
0.358,0.843
0.451,0.850
0.358,0.843
0.451,0.850
0.358,0.843
0.451,0.850
0.358,0.843
0.451,0.850
0.358,0.843
0.451,0.850
0.358,0.843
0.451,0.850
0.358,0.843
0.451,0.850
0.358,0.843
0.451,0.850
0.358,0.843
0.451,0.850
0.358,0.843
0.451,0.850
0.358,0.843
0.451,0.850
0.358,0.843
0.451,0.850
0.358,0.843
0.451,0.850
0.357,0.843
0.451,0.850
0.357,0.843
0.451,0.850
0.357,0.843
0.450,0.850
0.357,0.843
0.450,0.850
0.357,0.843
0.450,0.850
0.357,0.843
0.450,0.850
0.357,0.843
0.450,0.850
0.357,0.843
0.450,0.850
0.357,0.843
0.450,0.850
0.357,0.843
0.450,0.850
0.357,0.843
0.450,0.850
0.357,0.843
0.450,0.850
0.357,0.843
0.450,0.850
0.357,0.843
0.450,0.850
0.357,0.843
0.450,0.850
0.357,0.843
0.450,0.850
0.357,0.843
0.450,0.850
0.357,0.843
0.450,0.850
0.357,0.843
0.450,0.850
0.357,0.843
0.450,0.850
0.357,0.843
0.450,0.850
0.357,0.843
0.450,0.850
0.357,0.843
0.450,0.850
0.357,0.843
0.450,0.850
0.357,0.843
0.449,0.850
0.357,0.843
0.449,0.850
0.357,0.843
0.449,0.850
0.357,0.843
0.449,0.850
0.357,0.843
0.449,0.850
0.357,0.843
0.449,0.850
0.357,0.843
0.449,0.850
0.357,0.843
0.449,0.850
0.357,0.843
0.449,0.850
0.357,0.843
0.449,0.850
0.357,0.843
0.449,0.850
0.357,0.843
0.449,0.850
0.357,0.843
0.449,0.850
0.357,0.843
0.449,0.850
0.357,0.843
0.449,0.850
0.357,0.843
0.449,0.850
0.357,0.843
0.449,0.850
0.357,0.843
0.449,0.850
0.357,0.843
0.449,0.850
0.357,0.843
0.449,0.850
0.357,0.843
0.449,0.850
0.356,0.843
0.449,0.850
0.356,0.843
0.448,0.850
0.356,0.843
0.448,0.850
0.356,0.843
0.448,0.850
0.356,0.843
0.448,0.850
0.356,0.843
0.448,0.850
0.356,0.843
0.448,0.850
0.356,0.843
0.448,0.850
0.356,0.843
0.448,0.850
0.356,0.843
0.448,0.850
0.356,0.843
0.448,0.850
0.356,0.843
0.448,0.850
0.356,0.843
0.448,0.850
0.356,0.843
0.448,0.850
0.356,0.843
0.448,0.850
0.356,0.843
0.448,0.850
0.356,0.843
0.448,0.850
0.356,0.843
0.448,0.850
0.356,0.843
0.448,0.850
0.356,0.843
0.448,0.850
0.356,0.843
0.448,0.850
0.356,0.843
0.448,0.850
0.356,0.843
0.448,0.850
0.356,0.843
0.447,0.850
0.356,0.843
0.447,0.850
0.356,0.843
0.447,0.850
0.356,0.843
0.447,0.850
0.356,0.843
0.447,0.850
0.356,0.843
0.447,0.850
0.356,0.843
0.447,0.850
0.356,0.843
0.447,0.850
0.356,0.843
0.447,0.850
0.356,0.843
0.447,0.850
0.356,0.843
0.447,0.850
0.356,0.843
0.447,0.850
0.356,0.843
0.447,0.850
0.356,0.843
0.447,0.850
0.356,0.843
0.447,0.850
0.356,0.843
0.447,0.850
0.356,0.843
0.447,0.850
0.356,0.843
0.447,0.850
0.356,0.843
0.447,0.850
0.356,0.843
0.447,0.850
0.356,0.843
0.447,0.850
0.356,0.843
0.447,0.850
0.356,0.843
0.446,0.850
0.355,0.843
0.446,0.850
0.355,0.843
0.446,0.850
0.355,0.843
0.446,0.850
0.355,0.843
0.446,0.850
0.355,0.843
0.446,0.850
0.355,0.843
0.446,0.850
0.355,0.843
0.446,0.850
0.355,0.843
0.446,0.850
0.355,0.843
0.446,0.850
0.355,0.843
0.446,0.850
0.355,0.843
0.446,0.850
0.355,0.843
0.446,0.850
0.355,0.843
0.446,0.850
0.355,0.843
0.446,0.850
0.355,0.843
0.446,0.850
0.355,0.843
0.446,0.850
0.355,0.843
0.446,0.850
0.355,0.843
0.446,0.850
0.355,0.843
0.446,0.850
0.355,0.843
0.446,0.850
0.355,0.843
0.446,0.850
0.355,0.843
0.445,0.850
0.355,0.843
0.445,0.850
0.355,0.843
0.445,0.850
0.355,0.843
0.445,0.850
0.355,0.843
0.445,0.850
0.355,0.843
0.445,0.850
0.355,0.843
0.445,0.850
0.355,0.843
0.445,0.850
0.355,0.843
0.445,0.850
0.355,0.843
0.445,0.850
0.355,0.843
0.445,0.850
0.355,0.843
0.445,0.850
0.355,0.843
0.445,0.850
0.355,0.843
0.445,0.850
0.355,0.843
0.445,0.850
0.355,0.843
0.445,0.850
0.355,0.843
0.445,0.850
0.355,0.843
0.445,0.850
0.355,0.843
0.445,0.850
0.355,0.843
0.445,0.850
0.355,0.843
0.445,0.850
0.355,0.843
0.445,0.850
0.355,0.843
0.444,0.850
0.355,0.843
0.444,0.850
0.355,0.843
0.444,0.850
0.354,0.843
0.444,0.850
0.354,0.843
0.444,0.850
0.354,0.843
0.444,0.850
0.354,0.843
0.444,0.850
0.354,0.843
0.444,0.850
0.354,0.843
0.444,0.850
0.354,0.843
0.444,0.850
0.354,0.843
0.444,0.850
0.354,0.843
0.444,0.850
0.354,0.843
0.444,0.850
0.354,0.843
0.444,0.850
0.354,0.843
0.444,0.850
0.354,0.843
0.444,0.850
0.354,0.843
0.444,0.850
0.354,0.843
0.444,0.850
0.354,0.843
0.444,0.850
0.354,0.843
0.444,0.850
0.354,0.843
0.444,0.850
0.354,0.843
0.444,0.850
0.354,0.843
0.444,0.850
0.354,0.843
0.443,0.850
0.354,0.843
0.443,0.850
0.354,0.843
0.443,0.850
0.354,0.843
0.443,0.850
0.354,0.843
0.443,0.850
0.354,0.843
0.443,0.850
0.354,0.843
0.443,0.850
0.354,0.843
0.443,0.850
0.354,0.843
0.443,0.850
0.354,0.843
0.443,0.850
0.354,0.843
0.443,0.850
0.354,0.843
0.443,0.850
0.354,0.843
0.443,0.850
0.354,0.843
0.443,0.850
0.354,0.843
0.443,0.850
0.354,0.843
0.443,0.850
0.354,0.843
0.443,0.850
0.354,0.843
0.443,0.850
0.354,0.843
0.443,0.850
0.354,0.843
0.443,0.850
0.354,0.843
0.443,0.850
0.354,0.843
0.443,0.850
0.354,0.843
0.442,0.850
0.354,0.843
0.442,0.850
0.354,0.843
0.442,0.850
0.354,0.843
0.442,0.850
0.354,0.843
0.442,0.850
0.353,0.843
0.442,0.850
0.353,0.843
0.442,0.850
0.353,0.843
0.442,0.850
0.353,0.843
0.442,0.850
0.353,0.843
0.442,0.850
0.353,0.843
0.442,0.850
0.353,0.843
0.442,0.850
0.353,0.843
0.442,0.850
0.353,0.843
0.442,0.850
0.353,0.843
0.442,0.850
0.353,0.843
0.442,0.850
0.353,0.843
0.442,0.850
0.353,0.843
0.442,0.850
0.353,0.843
0.442,0.850
0.353,0.843
0.442,0.850
0.353,0.843
0.442,0.850
0.353,0.843
0.442,0.850
0.353,0.843
0.442,0.850
0.353,0.843
0.441,0.850
0.353,0.843
0.441,0.850
0.353,0.843
0.441,0.850
0.353,0.843
0.441,0.850
0.353,0.843
0.441,0.850
0.353,0.843
0.441,0.850
0.353,0.843
0.441,0.850
0.353,0.843
0.441,0.850
0.353,0.843
0.441,0.850
0.353,0.843
0.441,0.850
0.353,0.843
0.441,0.850
0.353,0.843
0.441,0.850
0.353,0.843
0.441,0.850
0.353,0.843
0.441,0.850
0.353,0.843
0.441,0.850
0.353,0.843
0.441,0.850
0.353,0.843
0.441,0.850
0.353,0.843
0.441,0.850
0.353,0.843
0.441,0.850
0.353,0.843
0.441,0.850
0.353,0.843
0.441,0.850
0.353,0.843
0.441,0.850
0.353,0.843
0.441,0.850
0.353,0.843
0.440,0.850
0.353,0.843
0.440,0.850
0.353,0.843
0.440,0.850
0.353,0.843
0.440,0.850
0.353,0.843
0.440,0.850
0.353,0.843
0.440,0.850
0.353,0.843
0.440,0.850
0.352,0.843
0.440,0.850
0.352,0.843
0.440,0.850
0.352,0.843
0.440,0.850
0.352,0.843
0.440,0.850
0.352,0.843
0.440,0.850
0.352,0.843
0.440,0.850
0.352,0.843
0.440,0.850
0.352,0.843
0.440,0.850
0.352,0.843
0.440,0.850
0.352,0.843
0.440,0.850
0.352,0.843
0.440,0.850
0.352,0.843
0.440,0.850
0.352,0.843
0.440,0.850
0.352,0.843
0.440,0.850
0.352,0.843
0.440,0.850
0.352,0.843
0.440,0.850
0.352,0.843
0.439,0.850
0.352,0.843
0.439,0.850
0.352,0.843
0.439,0.850
0.352,0.843
0.439,0.850
0.352,0.843
0.439,0.850
0.352,0.843
0.439,0.850
0.352,0.843
0.439,0.850
0.352,0.843
0.439,0.850
0.352,0.843
0.439,0.850
0.352,0.843
0.439,0.850
0.352,0.843
0.439,0.850
0.352,0.843
0.439,0.850
0.352,0.843
0.439,0.850
0.352,0.843
0.439,0.850
0.352,0.843
0.439,0.850
0.352,0.843
0.439,0.850
0.352,0.843
0.439,0.850
0.352,0.843
0.439,0.850
0.352,0.843
0.439,0.850
0.352,0.843
0.439,0.850
0.352,0.843
0.439,0.850
0.352,0.843
0.439,0.850
0.352,0.843
0.439,0.850
0.352,0.843
0.438,0.850
0.352,0.843
0.438,0.850
0.352,0.843
0.438,0.850
0.352,0.843
0.438,0.850
0.352,0.843
0.438,0.850
0.352,0.843
0.438,0.850
0.352,0.843
0.438,0.850
0.352,0.843
0.438,0.850
0.352,0.843
0.438,0.850
0.351,0.843
0.438,0.850
0.351,0.843
0.438,0.850
0.351,0.843
0.438,0.850
0.351,0.843
0.438,0.850
0.351,0.843
0.438,0.850
0.351,0.843
0.438,0.850
0.351,0.843
0.438,0.850
0.351,0.843
0.438,0.850
0.351,0.843
0.438,0.850
0.351,0.843
0.438,0.850
0.351,0.843
0.438,0.850
0.351,0.843
0.438,0.850
0.351,0.843
0.438,0.850
0.351,0.843
0.438,0.850
0.351,0.843
0.437,0.850
0.351,0.843
0.437,0.850
0.351,0.843
0.437,0.850
0.351,0.843
0.437,0.850
0.351,0.843
0.437,0.850
0.351,0.843
0.437,0.850
0.351,0.843
0.437,0.850
0.351,0.843
0.437,0.850
0.351,0.843
0.437,0.850
0.351,0.843
0.437,0.850
0.351,0.843
0.437,0.850
0.351,0.843
0.437,0.850
0.351,0.843
0.437,0.850
0.351,0.843
0.437,0.850
0.351,0.843
0.437,0.850
0.351,0.843
0.437,0.850
0.351,0.843
0.437,0.850
0.351,0.843
0.437,0.850
0.351,0.843
0.437,0.850
0.351,0.843
0.437,0.850
0.351,0.843
0.437,0.850
0.351,0.843
0.437,0.850
0.351,0.843
0.437,0.850
0.351,0.843
0.436,0.850
0.351,0.843
0.436,0.850
0.351,0.843
0.436,0.850
0.351,0.843
0.436,0.850
0.351,0.843
0.436,0.850
0.351,0.843
0.436,0.850
0.351,0.843
0.436,0.850
0.351,0.843
0.436,0.850
0.351,0.843
0.436,0.850
0.351,0.843
0.436,0.850
0.351,0.843
0.436,0.850
0.350,0.843
0.436,0.850
0.350,0.843
0.436,0.850
0.350,0.843
0.436,0.850
0.350,0.843
0.436,0.850
0.350,0.843
0.436,0.850
0.350,0.843
0.436,0.850
0.350,0.843
0.436,0.850
0.350,0.843
0.436,0.850
0.350,0.843
0.436,0.850
0.350,0.843
0.436,0.850
0.350,0.843
0.436,0.850
0.350,0.843
0.436,0.850
0.350,0.843
0.436,0.850
0.350,0.843
0.435,0.850
0.350,0.843
0.435,0.850
0.350,0.843
0.435,0.850
0.350,0.843
0.435,0.850
0.350,0.843
0.435,0.850
0.350,0.843
0.435,0.850
0.350,0.843
0.435,0.850
0.350,0.843
0.435,0.850
0.350,0.843
0.435,0.850
0.350,0.843
0.435,0.850
0.350,0.843
0.435,0.850
0.350,0.843
0.435,0.850
0.350,0.843
0.435,0.850
0.350,0.843
0.435,0.850
0.350,0.843
0.435,0.850
0.350,0.843
0.435,0.850
0.350,0.843
0.435,0.850
0.350,0.843
0.435,0.850
0.350,0.843
0.435,0.850
0.350,0.843
0.435,0.850
0.350,0.843
0.435,0.850
0.350,0.843
0.435,0.850
0.350,0.843
0.435,0.850
0.350,0.843
0.434,0.850
0.350,0.843
0.434,0.850
0.350,0.843
0.434,0.850
0.350,0.843
0.434,0.850
0.350,0.843
0.434,0.850
0.350,0.843
0.434,0.850
0.350,0.843
0.434,0.850
0.350,0.843
0.434,0.850
0.350,0.843
0.434,0.850
0.350,0.843
0.434,0.850
0.350,0.843
0.434,0.850
0.350,0.843
0.434,0.850
0.350,0.843
0.434,0.850
0.349,0.843
0.434,0.850
0.349,0.843
0.434,0.850
0.349,0.843
0.434,0.850
0.349,0.843
0.434,0.850
0.349,0.843
0.434,0.850
0.349,0.843
0.434,0.850
0.349,0.843
0.434,0.850
0.349,0.843
0.434,0.850
0.349,0.843
0.434,0.850
0.349,0.843
0.434,0.850
0.349,0.843
0.434,0.850
0.349,0.843
0.433,0.850
0.349,0.843
0.433,0.850
0.349,0.843
0.433,0.850
0.349,0.843
0.433,0.850
0.349,0.843
0.433,0.850
0.349,0.843
0.433,0.850
0.349,0.843
0.433,0.850
0.349,0.843
0.433,0.850
0.349,0.843
0.433,0.850
0.349,0.843
0.433,0.850
0.349,0.843
0.433,0.850
0.349,0.843
0.433,0.850
0.349,0.843
0.433,0.850
0.349,0.843
0.433,0.850
0.349,0.843
0.433,0.850
0.349,0.843
0.433,0.850
0.349,0.843
0.433,0.850
0.349,0.843
0.433,0.850
0.349,0.843
0.433,0.850
0.349,0.843
0.433,0.850
0.349,0.843
0.433,0.850
0.349,0.843
0.433,0.850
0.349,0.843
0.433,0.850
0.349,0.843
0.433,0.850
0.349,0.843
0.432,0.850
0.349,0.843
0.432,0.850
0.349,0.843
0.432,0.850
0.349,0.843
0.432,0.850
0.349,0.843
0.432,0.850
0.349,0.843
0.432,0.850
0.349,0.843
0.432,0.850
0.349,0.843
0.432,0.850
0.349,0.843
0.432,0.850
0.349,0.843
0.432,0.850
0.349,0.843
0.432,0.850
0.349,0.843
0.432,0.850
0.349,0.843
0.432,0.850
0.349,0.843
0.432,0.850
0.349,0.843
0.432,0.850
0.348,0.843
0.432,0.850
0.348,0.843
0.432,0.850
0.348,0.843
0.432,0.850
0.348,0.843
0.432,0.850
0.348,0.843
0.432,0.850
0.348,0.843
0.432,0.850
0.348,0.843
0.432,0.850
0.348,0.843
0.432,0.850
0.348,0.843
0.432,0.850
0.348,0.843
0.431,0.850
0.348,0.843
0.431,0.850
0.348,0.843
0.431,0.850
0.348,0.843
0.431,0.850
0.348,0.843
0.431,0.850
0.348,0.843
0.431,0.850
0.348,0.843
0.431,0.850
0.348,0.843
0.431,0.850
0.348,0.843
0.431,0.850
0.348,0.843
0.431,0.850
0.348,0.843
0.431,0.850
0.348,0.843
0.431,0.850
0.348,0.843
0.431,0.850
0.348,0.843
0.431,0.850
0.348,0.843
0.431,0.850
0.348,0.843
0.431,0.850
0.348,0.843
0.431,0.850
0.348,0.843
0.431,0.850
0.348,0.843
0.431,0.850
0.348,0.843
0.431,0.850
0.348,0.843
0.431,0.850
0.348,0.843
0.431,0.850
0.348,0.843
0.431,0.850
0.348,0.843
0.431,0.850
0.348,0.843
0.430,0.850
0.348,0.843
0.430,0.850
0.348,0.843
0.430,0.850
0.348,0.843
0.430,0.850
0.348,0.843
0.430,0.850
0.348,0.843
0.430,0.850
0.348,0.843
0.430,0.850
0.348,0.843
0.430,0.850
0.348,0.843
0.430,0.850
0.348,0.843
0.430,0.850
0.348,0.843
0.430,0.850
0.348,0.843
0.430,0.850
0.348,0.843
0.430,0.850
0.348,0.843
0.430,0.850
0.348,0.843
0.430,0.850
0.348,0.843
0.430,0.850
0.348,0.843
0.430,0.850
0.347,0.843
0.430,0.850
0.347,0.843
0.430,0.850
0.347,0.843
0.430,0.850
0.347,0.843
0.430,0.850
0.347,0.843
0.430,0.850
0.347,0.843
0.430,0.850
0.347,0.843
0.430,0.850
0.347,0.843
0.429,0.850
0.347,0.843
0.429,0.850
0.347,0.843
0.429,0.850
0.347,0.843
0.429,0.850
0.347,0.843
0.429,0.850
0.347,0.843
0.429,0.850
0.347,0.843
0.429,0.850
0.347,0.843
0.429,0.850
0.347,0.843
0.429,0.850
0.347,0.843
0.429,0.850
0.347,0.843
0.429,0.850
0.347,0.843
0.429,0.850
0.347,0.843
0.429,0.850
0.347,0.843
0.429,0.850
0.347,0.843
0.429,0.850
0.347,0.843
0.429,0.850
0.347,0.843
0.429,0.850
0.347,0.843
0.429,0.850
0.347,0.843
0.429,0.850
0.347,0.843
0.429,0.850
0.347,0.843
0.429,0.850
0.347,0.843
0.429,0.850
0.347,0.843
0.429,0.850
0.347,0.843
0.429,0.850
0.347,0.843
0.428,0.850
0.347,0.843
0.428,0.850
0.347,0.843
0.428,0.850
0.347,0.843
0.428,0.850
0.347,0.843
0.428,0.850
0.347,0.843
0.428,0.850
0.347,0.843
0.428,0.850
0.347,0.843
0.428,0.850
0.347,0.843
0.428,0.850
0.347,0.843
0.428,0.850
0.347,0.843
0.428,0.850
0.347,0.843
0.428,0.850
0.347,0.843
0.428,0.850
0.347,0.843
0.428,0.850
0.347,0.843
0.428,0.850
0.347,0.843
0.428,0.850
0.347,0.843
0.428,0.850
0.347,0.843
0.428,0.850
0.347,0.843
0.428,0.850
0.347,0.843
0.428,0.850
0.346,0.843
0.428,0.850
0.346,0.843
0.428,0.850
0.346,0.843
0.428,0.850
0.346,0.843
0.428,0.850
0.346,0.843
0.428,0.850
0.346,0.843
0.427,0.850
0.346,0.843
0.427,0.850
0.346,0.843
0.427,0.850
0.346,0.843
0.427,0.850
0.346,0.843
0.427,0.850
0.346,0.843
0.427,0.850
0.346,0.843
0.427,0.850
0.346,0.843
0.427,0.850
0.346,0.843
0.427,0.850
0.346,0.843
0.427,0.850
0.346,0.843
0.427,0.850
0.346,0.843
0.427,0.850
0.346,0.843
0.427,0.850
0.346,0.843
0.427,0.850
0.346,0.843
0.427,0.850
0.346,0.843
0.427,0.850
0.346,0.843
0.427,0.850
0.346,0.843
0.427,0.850
0.346,0.843
0.427,0.850
0.346,0.843
0.427,0.850
0.346,0.843
0.427,0.850
0.346,0.843
0.427,0.850
0.346,0.843
0.427,0.850
0.346,0.843
0.427,0.850
0.346,0.843
0.426,0.850
0.346,0.843
0.426,0.850
0.346,0.843
0.426,0.850
0.346,0.843
0.426,0.850
0.346,0.843
0.426,0.850
0.346,0.843
0.426,0.850
0.346,0.843
0.426,0.850
0.346,0.843
0.426,0.850
0.346,0.843
0.426,0.850
0.346,0.843
0.426,0.850
0.346,0.843
0.426,0.850
0.346,0.843
0.426,0.850
0.346,0.843
0.426,0.850
0.346,0.843
0.426,0.850
0.346,0.843
0.426,0.850
0.346,0.843
0.426,0.850
0.346,0.843
0.426,0.850
0.346,0.843
0.426,0.850
0.346,0.843
0.426,0.850
0.346,0.843
0.426,0.850
0.346,0.843
0.426,0.850
0.346,0.843
0.426,0.850
0.346,0.843
0.426,0.850
0.345,0.843
0.426,0.850
0.345,0.843
0.426,0.850
0.345,0.843
0.425,0.850
0.345,0.843
0.425,0.850
0.345,0.843
0.425,0.850
0.345,0.843
0.425,0.850
0.345,0.843
0.425,0.850
0.345,0.843
0.425,0.850
0.345,0.843
0.425,0.850
0.345,0.843
0.425,0.850
0.345,0.843
0.425,0.850
0.345,0.843
0.425,0.850
0.345,0.843
0.425,0.850
0.345,0.843
0.425,0.850
0.345,0.843
0.425,0.850
0.345,0.843
0.425,0.850
0.345,0.843
0.425,0.850
0.345,0.843
0.425,0.850
0.345,0.843
0.425,0.850
0.345,0.843
0.425,0.850
0.345,0.843
0.425,0.850
0.345,0.843
0.425,0.850
0.345,0.843
0.425,0.850
0.345,0.843
0.425,0.850
0.345,0.843
0.425,0.850
0.345,0.843
0.425,0.850
0.345,0.843
0.425,0.850
0.345,0.843
0.424,0.850
0.345,0.843
0.424,0.850
0.345,0.843
0.424,0.850
0.345,0.843
0.424,0.850
0.345,0.843
0.424,0.850
0.345,0.843
0.424,0.850
0.345,0.843
0.424,0.850
0.345,0.843
0.424,0.850
0.345,0.843
0.424,0.850
0.345,0.843
0.424,0.850
0.345,0.843
0.424,0.850
0.345,0.843
0.424,0.850
0.345,0.843
0.424,0.850
0.345,0.843
0.424,0.850
0.345,0.843
0.424,0.850
0.345,0.843
0.424,0.850
0.345,0.843
0.424,0.850
0.345,0.843
0.424,0.850
0.345,0.843
0.424,0.850
0.345,0.843
0.424,0.850
0.345,0.843
0.424,0.850
0.345,0.843
0.424,0.850
0.345,0.843
0.424,0.850
0.345,0.843
0.424,0.850
0.345,0.843
0.424,0.850
0.344,0.843
0.423,0.850
0.344,0.843
0.423,0.850
0.344,0.843
0.423,0.850
0.344,0.843
0.423,0.850
0.344,0.843
0.423,0.850
0.344,0.843
0.423,0.850
0.344,0.843
0.423,0.850
0.344,0.843
0.423,0.850
0.344,0.843
0.423,0.850
0.344,0.843
0.423,0.850
0.344,0.843
0.423,0.850
0.344,0.843
0.423,0.850
0.344,0.843
0.423,0.850
0.344,0.843
0.423,0.850
0.344,0.843
0.423,0.850
0.344,0.843
0.423,0.850
0.344,0.843
0.423,0.850
0.344,0.843
0.423,0.850
0.344,0.843
0.423,0.850
0.344,0.843
0.423,0.850
0.344,0.843
0.423,0.850
0.344,0.843
0.423,0.850
0.344,0.843
0.423,0.850
0.344,0.843
0.423,0.850
0.344,0.843
0.423,0.850
0.344,0.843
0.422,0.850
0.344,0.843
0.422,0.850
0.344,0.843
0.422,0.850
0.344,0.843
0.422,0.850
0.344,0.843
0.422,0.850
0.344,0.843
0.422,0.850
0.344,0.843
0.422,0.850
0.344,0.843
0.422,0.853
0.344,0.843
0.422,0.853
0.344,0.843
0.422,0.853
0.344,0.843
0.422,0.853
0.344,0.843
0.422,0.853
0.344,0.843
0.422,0.853
0.344,0.843
0.422,0.853
0.344,0.843
0.422,0.853
0.344,0.843
0.422,0.853
0.344,0.843
0.422,0.853
0.344,0.843
0.422,0.853
0.344,0.843
0.422,0.853
0.344,0.843
0.422,0.853
0.344,0.843
0.422,0.853
0.344,0.843
0.422,0.853
0.344,0.843
0.422,0.853
0.344,0.843
0.422,0.853
0.344,0.843
0.422,0.853
0.344,0.843
0.421,0.853
0.344,0.843
0.421,0.853
0.344,0.843
0.421,0.853
0.343,0.843
0.421,0.853
0.343,0.843
0.421,0.853
0.343,0.843
0.421,0.853
0.343,0.843
0.421,0.853
0.343,0.843
0.421,0.853
0.343,0.843
0.421,0.853
0.343,0.843
0.421,0.853
0.343,0.843
0.421,0.853
0.343,0.843
0.421,0.853
0.343,0.843
0.421,0.853
0.343,0.843
0.421,0.853
0.343,0.843
0.421,0.853
0.343,0.843
0.421,0.853
0.343,0.843
0.421,0.853
0.343,0.843
0.421,0.853
0.343,0.843
0.421,0.853
0.343,0.843
0.421,0.855
0.343,0.843
0.421,0.855
0.343,0.843
0.421,0.855
0.343,0.843
0.421,0.855
0.343,0.843
0.421,0.855
0.343,0.843
0.421,0.855
0.343,0.843
0.421,0.855
0.343,0.843
0.420,0.855
0.343,0.843
0.420,0.855
0.343,0.843
0.420,0.855
0.343,0.843
0.420,0.855
0.343,0.843
0.420,0.855
0.343,0.843
0.420,0.855
0.343,0.843
0.420,0.855
0.343,0.843
0.420,0.855
0.343,0.843
0.420,0.855
0.343,0.843
0.420,0.855
0.343,0.843
0.420,0.855
0.343,0.843
0.420,0.855
0.343,0.843
0.420,0.855
0.343,0.843
0.420,0.855
0.343,0.843
0.420,0.855
0.343,0.843
0.420,0.855
0.343,0.843
0.420,0.855
0.343,0.843
0.420,0.855
0.343,0.843
0.420,0.855
0.343,0.843
0.420,0.855
0.343,0.843
0.420,0.855
0.343,0.843
0.420,0.855
0.343,0.843
0.420,0.855
0.343,0.843
0.420,0.855
0.343,0.843
0.420,0.855
0.343,0.843
0.419,0.855
0.343,0.843
0.419,0.855
0.343,0.843
0.419,0.855
0.343,0.843
0.419,0.855
0.343,0.843
0.419,0.855
0.343,0.843
0.419,0.855
0.342,0.843
0.419,0.855
0.342,0.843
0.419,0.855
0.342,0.843
0.419,0.855
0.342,0.843
0.419,0.855
0.342,0.843
0.419,0.855
0.342,0.843
0.419,0.855
0.342,0.843
0.419,0.855
0.342,0.843
0.419,0.855
0.342,0.843
0.419,0.855
0.342,0.843
0.419,0.855
0.342,0.843
0.419,0.855
0.342,0.843
0.419,0.855
0.342,0.843
0.419,0.855
0.342,0.843
0.419,0.855
0.342,0.843
0.419,0.855
0.342,0.843
0.419,0.855
0.342,0.843
0.419,0.855
0.342,0.843
0.419,0.855
0.342,0.843
0.419,0.855
0.342,0.843
0.419,0.855
0.342,0.843
0.418,0.855
0.342,0.843
0.418,0.855
0.342,0.843
0.418,0.855
0.342,0.843
0.418,0.855
0.342,0.843
0.418,0.855
0.342,0.843
0.418,0.855
0.342,0.843
0.418,0.855
0.342,0.843
0.418,0.855
0.342,0.843
0.418,0.855
0.342,0.843
0.418,0.855
0.342,0.843
0.418,0.855
0.342,0.843
0.418,0.855
0.342,0.843
0.418,0.855
0.342,0.843
0.418,0.855
0.342,0.843
0.418,0.855
0.342,0.843
0.418,0.855
0.342,0.843
0.418,0.855
0.342,0.843
0.418,0.855
0.342,0.843
0.418,0.855
0.342,0.843
0.418,0.855
0.342,0.843
0.418,0.855
0.342,0.843
0.418,0.855
0.342,0.843
0.418,0.855
0.342,0.843
0.418,0.855
0.342,0.843
0.418,0.855
0.342,0.843
0.418,0.855
0.342,0.843
0.417,0.855
0.342,0.843
0.417,0.855
0.342,0.843
0.417,0.855
0.342,0.843
0.417,0.855
0.342,0.843
0.417,0.855
0.342,0.843
0.417,0.855
0.342,0.843
0.417,0.855
0.342,0.843
0.417,0.855
0.341,0.843
0.417,0.855
0.341,0.843
0.417,0.855
0.341,0.843
0.417,0.855
0.341,0.843
0.417,0.855
0.341,0.843
0.417,0.855
0.341,0.843
0.417,0.855
0.341,0.843
0.417,0.855
0.341,0.843
0.417,0.855
0.341,0.843
0.417,0.855
0.341,0.843
0.417,0.855
0.341,0.843
0.417,0.855
0.341,0.843
0.417,0.855
0.341,0.843
0.417,0.855
0.341,0.843
0.417,0.855
0.341,0.843
0.417,0.855
0.341,0.843
0.417,0.855
0.341,0.843
0.417,0.855
0.341,0.843
0.417,0.855
0.341,0.843
0.416,0.855
0.341,0.843
0.416,0.855
0.341,0.843
0.416,0.855
0.341,0.843
0.416,0.855
0.341,0.843
0.416,0.855
0.341,0.843
0.416,0.855
0.341,0.843
0.416,0.855
0.341,0.843
0.416,0.855
0.341,0.843
0.416,0.855
0.341,0.843
0.416,0.855
0.341,0.843
0.416,0.855
0.341,0.843
0.416,0.855
0.341,0.843
0.416,0.855
0.341,0.843
0.416,0.855
0.341,0.843
0.416,0.855
0.341,0.843
0.416,0.855
0.341,0.843
0.416,0.855
0.341,0.843
0.416,0.855
0.341,0.843
0.416,0.855
0.341,0.843
0.416,0.855
0.341,0.843
0.416,0.855
0.341,0.843
0.416,0.855
0.341,0.843
0.416,0.855
0.341,0.843
0.416,0.855
0.341,0.843
0.416,0.855
0.341,0.843
0.416,0.855
0.341,0.843
0.415,0.855
0.341,0.843
0.415,0.855
0.341,0.843
0.415,0.855
0.341,0.843
0.415,0.855
0.341,0.843
0.415,0.855
0.341,0.843
0.415,0.855
0.341,0.843
0.415,0.855
0.341,0.843
0.415,0.855
0.341,0.843
0.415,0.855
0.341,0.843
0.415,0.855
0.341,0.843
0.415,0.855
0.340,0.843
0.415,0.855
0.340,0.843
0.415,0.855
0.340,0.843
0.415,0.855
0.340,0.843
0.415,0.855
0.340,0.843
0.415,0.855
0.340,0.843
0.415,0.855
0.340,0.843
0.415,0.855
0.340,0.843
0.415,0.855
0.340,0.843
0.415,0.855
0.340,0.843
0.415,0.855
0.340,0.843
0.415,0.855
0.340,0.843
0.415,0.855
0.340,0.843
0.415,0.855
0.340,0.843
0.415,0.855
0.340,0.843
0.415,0.855
0.340,0.843
0.414,0.855
0.340,0.843
0.414,0.855
0.340,0.843
0.414,0.855
0.340,0.843
0.414,0.858
0.340,0.843
0.414,0.858
0.340,0.843
0.414,0.858
0.340,0.843
0.414,0.858
0.340,0.843
0.414,0.858
0.340,0.843
0.414,0.858
0.340,0.843
0.414,0.858
0.340,0.843
0.414,0.858
0.340,0.843
0.414,0.858
0.340,0.843
0.414,0.858
0.340,0.843
0.414,0.858
0.340,0.843
0.414,0.858
0.340,0.843
0.414,0.858
0.340,0.843
0.414,0.858
0.340,0.843
0.414,0.858
0.340,0.843
0.414,0.858
0.340,0.843
0.414,0.858
0.340,0.843
0.414,0.858
0.340,0.843
0.414,0.858
0.340,0.843
0.414,0.858
0.340,0.843
0.414,0.858
0.340,0.843
0.414,0.858
0.340,0.843
0.414,0.858
0.340,0.843
0.414,0.858
0.340,0.843
0.413,0.858
0.340,0.843
0.413,0.858
0.340,0.843
0.413,0.858
0.340,0.843
0.413,0.858
0.340,0.843
0.413,0.858
0.340,0.843
0.413,0.858
0.340,0.843
0.413,0.858
0.340,0.843
0.413,0.858
0.340,0.843
0.413,0.858
0.340,0.843
0.413,0.858
0.340,0.843
0.413,0.858
0.340,0.843
0.413,0.858
0.340,0.843
0.413,0.858
0.340,0.843
0.413,0.858
0.339,0.843
0.413,0.858
0.339,0.843
0.413,0.858
0.339,0.843
0.413,0.858
0.339,0.843
0.413,0.858
0.339,0.843
0.413,0.858
0.339,0.843
0.413,0.858
0.339,0.843
0.413,0.858
0.339,0.843
0.413,0.858
0.339,0.843
0.413,0.858
0.339,0.843
0.413,0.858
0.339,0.843
0.413,0.858
0.339,0.843
0.413,0.858
0.339,0.843
0.412,0.858
0.339,0.843
0.412,0.858
0.339,0.843
0.412,0.858
0.339,0.843
0.412,0.858
0.339,0.843
0.412,0.858
0.339,0.843
0.412,0.858
0.339,0.843
0.412,0.858
0.339,0.843
0.412,0.858
0.339,0.843
0.412,0.858
0.339,0.843
0.412,0.858
0.339,0.843
0.412,0.858
0.339,0.843
0.412,0.858
0.339,0.843
0.412,0.858
0.339,0.843
0.412,0.858
0.339,0.843
0.412,0.858
0.339,0.843
0.412,0.858
0.339,0.843
0.412,0.858
0.339,0.843
0.412,0.858
0.339,0.843
0.412,0.858
0.339,0.843
0.412,0.858
0.339,0.843
0.412,0.858
0.339,0.843
0.412,0.858
0.339,0.843
0.412,0.858
0.339,0.843
0.412,0.858
0.339,0.843
0.412,0.858
0.339,0.843
0.412,0.858
0.339,0.843
0.412,0.858
0.339,0.843
0.411,0.858
0.339,0.843
0.411,0.858
0.339,0.843
0.411,0.858
0.339,0.843
0.411,0.858
0.339,0.843
0.411,0.858
0.339,0.843
0.411,0.858
0.339,0.843
0.411,0.858
0.339,0.843
0.411,0.858
0.339,0.843
0.411,0.858
0.339,0.843
0.411,0.858
0.339,0.843
0.411,0.858
0.339,0.843
0.411,0.858
0.339,0.843
0.411,0.858
0.339,0.843
0.411,0.858
0.339,0.843
0.411,0.858
0.339,0.843
0.411,0.858
0.339,0.843
0.411,0.858
0.339,0.843
0.411,0.858
0.338,0.843
0.411,0.858
0.338,0.843
0.411,0.858
0.338,0.843
0.411,0.858
0.338,0.843
0.411,0.858
0.338,0.843
0.411,0.858
0.338,0.843
0.411,0.858
0.338,0.843
0.411,0.858
0.338,0.843
0.411,0.858
0.338,0.843
0.411,0.858
0.338,0.843
0.410,0.858
0.338,0.843
0.410,0.858
0.338,0.843
0.410,0.858
0.338,0.843
0.410,0.858
0.338,0.843
0.410,0.858
0.338,0.843
0.410,0.858
0.338,0.843
0.410,0.858
0.338,0.843
0.410,0.858
0.338,0.843
0.410,0.858
0.338,0.843
0.410,0.858
0.338,0.843
0.410,0.858
0.338,0.843
0.410,0.858
0.338,0.843
0.410,0.858
0.338,0.843
0.410,0.858
0.338,0.843
0.410,0.858
0.338,0.843
0.410,0.858
0.338,0.843
0.410,0.858
0.338,0.843
0.410,0.858
0.338,0.843
0.410,0.858
0.338,0.843
0.410,0.858
0.338,0.843
0.410,0.858
0.338,0.843
0.410,0.858
0.338,0.843
0.410,0.858
0.338,0.843
0.410,0.858
0.338,0.843
0.410,0.858
0.338,0.843
0.410,0.858
0.338,0.843
0.410,0.858
0.338,0.843
0.409,0.858
0.338,0.843
0.409,0.858
0.338,0.843
0.409,0.858
0.338,0.843
0.409,0.858
0.338,0.843
0.409,0.858
0.338,0.843
0.409,0.858
0.338,0.843
0.409,0.858
0.338,0.843
0.409,0.858
0.338,0.843
0.409,0.858
0.338,0.843
0.409,0.858
0.338,0.843
0.409,0.858
0.338,0.843
0.409,0.858
0.338,0.843
0.409,0.858
0.338,0.843
0.409,0.858
0.338,0.843
0.409,0.858
0.338,0.843
0.409,0.858
0.338,0.843
0.409,0.858
0.338,0.843
0.409,0.858
0.338,0.843
0.409,0.858
0.338,0.843
0.409,0.858
0.338,0.843
0.409,0.858
0.337,0.843
0.409,0.858
0.337,0.843
0.409,0.858
0.337,0.843
0.409,0.858
0.337,0.843
0.409,0.858
0.337,0.843
0.409,0.858
0.337,0.843
0.409,0.858
0.337,0.843
0.409,0.858
0.337,0.843
0.408,0.858
0.337,0.843
0.408,0.858
0.337,0.843
0.408,0.858
0.337,0.843
0.408,0.858
0.337,0.843
0.408,0.858
0.337,0.843
0.408,0.858
0.337,0.843
0.408,0.858
0.337,0.843
0.408,0.858
0.337,0.843
0.408,0.858
0.337,0.843
0.408,0.858
0.337,0.843
0.408,0.858
0.337,0.843
0.408,0.858
0.337,0.843
0.408,0.858
0.337,0.843
0.408,0.858
0.337,0.843
0.408,0.858
0.337,0.843
0.408,0.858
0.337,0.843
0.408,0.858
0.337,0.843
0.408,0.858
0.337,0.843
0.408,0.858
0.337,0.843
0.408,0.858
0.337,0.843
0.408,0.858
0.337,0.843
0.408,0.858
0.337,0.843
0.408,0.858
0.337,0.843
0.408,0.858
0.337,0.843
0.408,0.858
0.337,0.843
0.408,0.858
0.337,0.843
0.408,0.858
0.337,0.843
0.407,0.858
0.337,0.843
0.407,0.858
0.337,0.843
0.407,0.858
0.337,0.843
0.407,0.858
0.337,0.843
0.407,0.858
0.337,0.843
0.407,0.858
0.337,0.843
0.407,0.858
0.337,0.843
0.407,0.858
0.337,0.843
0.407,0.858
0.337,0.843
0.407,0.858
0.337,0.843
0.407,0.858
0.337,0.843
0.407,0.858
0.337,0.843
0.407,0.858
0.337,0.843
0.407,0.858
0.337,0.843
0.407,0.858
0.337,0.843
0.407,0.858
0.337,0.843
0.407,0.858
0.337,0.843
0.407,0.858
0.337,0.843
0.407,0.858
0.337,0.843
0.407,0.858
0.337,0.843
0.407,0.858
0.337,0.843
0.407,0.858
0.337,0.843
0.407,0.858
0.337,0.843
0.407,0.858
0.337,0.843
0.407,0.858
0.336,0.843
0.407,0.858
0.336,0.843
0.407,0.858
0.336,0.843
0.407,0.858
0.336,0.843
0.406,0.858
0.336,0.843
0.406,0.858
0.336,0.843
0.406,0.858
0.336,0.843
0.406,0.858
0.336,0.843
0.406,0.858
0.336,0.843
0.406,0.858
0.336,0.843
0.406,0.858
0.336,0.843
0.406,0.858
0.336,0.843
0.406,0.858
0.336,0.843
0.406,0.858
0.336,0.843
0.406,0.858
0.336,0.843
0.406,0.858
0.336,0.843
0.406,0.858
0.336,0.843
0.406,0.858
0.336,0.843
0.406,0.858
0.336,0.843
0.406,0.858
0.336,0.843
0.406,0.858
0.336,0.843
0.406,0.858
0.336,0.843
0.406,0.858
0.336,0.843
0.406,0.858
0.336,0.843
0.406,0.858
0.336,0.843
0.406,0.858
0.336,0.843
0.406,0.858
0.336,0.843
0.406,0.858
0.336,0.843
0.406,0.858
0.336,0.843
0.406,0.858
0.336,0.843
0.406,0.858
0.336,0.843
0.406,0.858
0.336,0.843
0.405,0.858
0.336,0.843
0.405,0.858
0.336,0.843
0.405,0.858
0.336,0.843
0.405,0.858
0.336,0.843
0.405,0.858
0.336,0.843
0.405,0.858
0.336,0.843
0.405,0.858
0.336,0.843
0.405,0.858
0.336,0.843
0.405,0.858
0.336,0.843
0.405,0.858
0.336,0.843
0.405,0.858
0.336,0.843
0.405,0.858
0.336,0.843
0.405,0.858
0.336,0.843
0.405,0.858
0.336,0.843
0.405,0.858
0.336,0.843
0.405,0.858
0.336,0.843
0.405,0.858
0.336,0.843
0.405,0.858
0.336,0.843
0.405,0.858
0.336,0.843
0.405,0.858
0.336,0.843
0.405,0.858
0.336,0.843
0.405,0.858
0.336,0.843
0.405,0.858
0.336,0.843
0.405,0.858
0.336,0.843
0.405,0.858
0.336,0.843
0.405,0.858
0.336,0.843
0.405,0.858
0.336,0.843
0.405,0.858
0.335,0.843
0.404,0.858
0.335,0.843
0.404,0.858
0.335,0.843
0.404,0.858
0.335,0.843
0.404,0.858
0.335,0.843
0.404,0.858
0.335,0.843
0.404,0.858
0.335,0.843
0.404,0.858
0.335,0.843
0.404,0.858
0.335,0.843
0.404,0.858
0.335,0.843
0.404,0.858
0.335,0.843
0.404,0.858
0.335,0.843
0.404,0.858
0.335,0.843
0.404,0.858
0.335,0.843
0.404,0.858
0.335,0.843
0.404,0.858
0.335,0.843
0.404,0.858
0.335,0.843
0.404,0.858
0.335,0.843
0.404,0.858
0.335,0.843
0.404,0.858
0.335,0.843
0.404,0.858
0.335,0.843
0.404,0.858
0.335,0.843
0.404,0.858
0.335,0.843
0.404,0.858
0.335,0.843
0.404,0.858
0.335,0.843
0.404,0.858
0.335,0.843
0.404,0.858
0.335,0.843
0.404,0.858
0.335,0.843
0.404,0.858
0.335,0.843
0.403,0.858
0.335,0.843
0.403,0.858
0.335,0.843
0.403,0.858
0.335,0.843
0.403,0.858
0.335,0.843
0.403,0.858
0.335,0.843
0.403,0.858
0.335,0.843
0.403,0.858
0.335,0.843
0.403,0.858
0.335,0.843
0.403,0.858
0.335,0.843
0.403,0.858
0.335,0.843
0.403,0.858
0.335,0.843
0.403,0.858
0.335,0.843
0.403,0.858
0.335,0.843
0.403,0.858
0.335,0.843
0.403,0.858
0.335,0.843
0.403,0.858
0.335,0.843
0.403,0.858
0.335,0.843
0.403,0.858
0.335,0.843
0.403,0.858
0.335,0.843
0.403,0.858
0.335,0.843
0.403,0.858
0.335,0.843
0.403,0.858
0.335,0.843
0.403,0.858
0.335,0.843
0.403,0.858
0.335,0.843
0.403,0.858
0.335,0.843
0.403,0.858
0.335,0.843
0.403,0.858
0.335,0.843
0.403,0.858
0.335,0.843
0.403,0.858
0.335,0.843
0.402,0.858
0.335,0.843
0.402,0.858
0.335,0.843
0.402,0.858
0.334,0.843
0.402,0.858
0.334,0.843
0.402,0.858
0.334,0.843
0.402,0.858
0.334,0.843
0.402,0.858
0.334,0.843
0.402,0.858
0.334,0.843
0.402,0.858
0.334,0.843
0.402,0.858
0.334,0.843
0.402,0.858
0.334,0.843
0.402,0.858
0.334,0.843
0.402,0.858
0.334,0.843
0.402,0.858
0.334,0.843
0.402,0.858
0.334,0.843
0.402,0.858
0.334,0.843
0.402,0.858
0.334,0.843
0.402,0.858
0.334,0.843
0.402,0.858
0.334,0.843
0.402,0.858
0.334,0.843
0.402,0.858
0.334,0.843
0.402,0.858
0.334,0.843
0.402,0.858
0.334,0.843
0.402,0.858
0.334,0.843
0.402,0.858
0.334,0.843
0.402,0.858
0.334,0.843
0.402,0.858
0.334,0.843
0.402,0.858
0.334,0.843
0.401,0.858
0.334,0.843
0.401,0.858
0.334,0.843
0.401,0.858
0.334,0.843
0.401,0.858
0.334,0.843
0.401,0.858
0.334,0.843
0.401,0.858
0.334,0.843
0.401,0.858
0.334,0.843
0.401,0.858
0.334,0.843
0.401,0.858
0.334,0.843
0.401,0.858
0.334,0.843
0.401,0.858
0.334,0.843
0.401,0.858
0.334,0.843
0.401,0.858
0.334,0.843
0.401,0.858
0.334,0.843
0.401,0.858
0.334,0.843
0.401,0.858
0.334,0.843
0.401,0.858
0.334,0.843
0.401,0.858
0.334,0.843
0.401,0.858
0.334,0.843
0.401,0.858
0.334,0.843
0.401,0.858
0.334,0.843
0.401,0.858
0.334,0.843
0.401,0.858
0.334,0.843
0.401,0.858
0.334,0.843
0.401,0.858
0.334,0.843
0.401,0.858
0.334,0.843
0.401,0.858
0.334,0.843
0.401,0.858
0.334,0.843
0.401,0.858
0.334,0.843
0.400,0.860
0.334,0.843
0.400,0.860
0.334,0.843
0.400,0.860
0.334,0.843
0.400,0.860
0.334,0.843
0.400,0.860
0.334,0.843
0.400,0.860
0.334,0.843
0.400,0.860
0.333,0.843
0.400,0.860
0.333,0.843
0.400,0.860
0.333,0.843
0.400,0.860
0.333,0.843
0.400,0.860
0.333,0.843
0.400,0.860
0.333,0.843
0.400,0.860
0.333,0.843
0.400,0.860
0.333,0.843
0.400,0.860
0.333,0.843
0.400,0.860
0.333,0.843
0.400,0.860
0.333,0.843
0.400,0.860
0.333,0.843
0.400,0.860
0.333,0.843
0.400,0.860
0.333,0.843
0.400,0.860
0.333,0.843
0.400,0.860
0.333,0.843
0.400,0.860
0.333,0.843
0.400,0.860
0.333,0.843
0.400,0.860
0.333,0.843
0.400,0.860
0.333,0.843
0.400,0.860
0.333,0.843
0.400,0.860
0.333,0.843
0.400,0.860
0.333,0.843
0.399,0.860
0.333,0.843
0.399,0.860
0.333,0.843
0.399,0.860
0.333,0.843
0.399,0.860
0.333,0.843
0.399,0.860
0.333,0.843
0.399,0.860
0.333,0.843
0.399,0.860
0.333,0.843
0.399,0.860
0.333,0.843
0.399,0.860
0.333,0.843
0.399,0.860
0.333,0.843
0.399,0.860
0.333,0.843
0.399,0.860
0.333,0.843
0.399,0.860
0.333,0.843
0.399,0.860
0.333,0.843
0.399,0.860
0.333,0.843
0.399,0.860
0.333,0.843
0.399,0.860
0.333,0.843
0.399,0.860
0.333,0.843
0.399,0.860
0.333,0.843
0.399,0.860
0.333,0.843
0.399,0.860
0.333,0.843
0.399,0.860
0.333,0.843
0.399,0.860
0.333,0.843
0.399,0.860
0.333,0.843
0.399,0.860
0.333,0.843
0.399,0.860
0.333,0.843
0.399,0.860
0.333,0.843
0.399,0.860
0.333,0.843
0.399,0.860
0.333,0.843
0.398,0.860
0.333,0.843
0.398,0.860
0.333,0.843
0.398,0.860
0.333,0.843
0.398,0.860
0.333,0.843
0.398,0.860
0.333,0.843
0.398,0.860
0.333,0.843
0.398,0.860
0.333,0.843
0.398,0.860
0.333,0.843
0.398,0.860
0.333,0.843
0.398,0.860
0.333,0.843
0.398,0.860
0.332,0.843
0.398,0.860
0.332,0.843
0.398,0.860
0.332,0.843
0.398,0.860
0.332,0.843
0.398,0.860
0.332,0.843
0.398,0.860
0.332,0.843
0.398,0.860
0.332,0.843
0.398,0.860
0.332,0.843
0.398,0.860
0.332,0.843
0.398,0.860
0.332,0.843
0.398,0.860
0.332,0.843
0.398,0.860
0.332,0.843
0.398,0.860
0.332,0.843
0.398,0.860
0.332,0.843
0.398,0.860
0.332,0.843
0.398,0.860
0.332,0.843
0.398,0.860
0.332,0.843
0.398,0.860
0.332,0.843
0.398,0.860
0.332,0.843
0.398,0.860
0.332,0.843
0.397,0.860
0.332,0.843
0.397,0.860
0.332,0.843
0.397,0.860
0.332,0.843
0.397,0.860
0.332,0.843
0.397,0.860
0.332,0.843
0.397,0.860
0.332,0.843
0.397,0.860
0.332,0.843
0.397,0.860
0.332,0.843
0.397,0.860
0.332,0.843
0.397,0.860
0.332,0.843
0.397,0.860
0.332,0.843
0.397,0.860
0.332,0.843
0.397,0.860
0.332,0.843
0.397,0.860
0.332,0.843
0.397,0.860
0.332,0.843
0.397,0.860
0.332,0.843
0.397,0.860
0.332,0.843
0.397,0.860
0.332,0.843
0.397,0.860
0.332,0.843
0.397,0.860
0.332,0.843
0.397,0.860
0.332,0.843
0.397,0.860
0.332,0.843
0.397,0.860
0.332,0.843
0.397,0.860
0.332,0.843
0.397,0.860
0.332,0.843
0.397,0.860
0.332,0.843
0.397,0.860
0.332,0.843
0.397,0.860
0.332,0.843
0.397,0.860
0.332,0.843
0.396,0.860
0.332,0.843
0.396,0.860
0.332,0.843
0.396,0.860
0.332,0.843
0.396,0.860
0.332,0.843
0.396,0.860
0.332,0.843
0.396,0.860
0.332,0.843
0.396,0.860
0.332,0.843
0.396,0.860
0.332,0.843
0.396,0.860
0.332,0.843
0.396,0.860
0.332,0.843
0.396,0.860
0.332,0.843
0.396,0.860
0.332,0.843
0.396,0.860
0.332,0.843
0.396,0.860
0.331,0.843
0.396,0.860
0.331,0.843
0.396,0.860
0.331,0.843
0.396,0.860
0.331,0.843
0.396,0.860
0.331,0.843
0.396,0.860
0.331,0.843
0.396,0.860
0.331,0.843
0.396,0.860
0.331,0.843
0.396,0.860
0.331,0.843
0.396,0.860
0.331,0.843
0.396,0.860
0.331,0.843
0.396,0.860
0.331,0.843
0.396,0.860
0.331,0.843
0.396,0.860
0.331,0.843
0.396,0.860
0.331,0.843
0.396,0.860
0.331,0.843
0.396,0.860
0.331,0.843
0.395,0.860
0.331,0.843
0.395,0.860
0.331,0.843
0.395,0.860
0.331,0.843
0.395,0.860
0.331,0.843
0.395,0.860
0.331,0.843
0.395,0.860
0.331,0.843
0.395,0.860
0.331,0.843
0.395,0.860
0.331,0.843
0.395,0.860
0.331,0.843
0.395,0.860
0.331,0.843
0.395,0.860
0.331,0.843
0.395,0.860
0.331,0.843
0.395,0.860
0.331,0.843
0.395,0.860
0.331,0.843
0.395,0.860
0.331,0.843
0.395,0.860
0.331,0.843
0.395,0.860
0.331,0.843
0.395,0.860
0.331,0.843
0.395,0.860
0.331,0.843
0.395,0.860
0.331,0.843
0.395,0.860
0.331,0.843
0.395,0.860
0.331,0.843
0.395,0.860
0.331,0.843
0.395,0.860
0.331,0.843
0.395,0.860
0.331,0.843
0.395,0.860
0.331,0.843
0.395,0.860
0.331,0.843
0.395,0.860
0.331,0.843
0.395,0.860
0.331,0.843
0.395,0.860
0.331,0.843
0.394,0.860
0.331,0.843
0.394,0.860
0.331,0.843
0.394,0.860
0.331,0.843
0.394,0.860
0.331,0.843
0.394,0.860
0.331,0.843
0.394,0.860
0.331,0.843
0.394,0.860
0.331,0.843
0.394,0.860
0.331,0.843
0.394,0.860
0.331,0.843
0.394,0.860
0.331,0.843
0.394,0.860
0.331,0.843
0.394,0.860
0.331,0.843
0.394,0.860
0.331,0.843
0.394,0.860
0.331,0.843
0.394,0.860
0.331,0.843
0.394,0.860
0.331,0.843
0.394,0.860
0.331,0.843
0.394,0.860
0.330,0.843
0.394,0.860
0.330,0.843
0.394,0.860
0.330,0.843
0.394,0.860
0.330,0.843
0.394,0.860
0.330,0.843
0.394,0.860
0.330,0.843
0.394,0.860
0.330,0.843
0.394,0.860
0.330,0.843
0.394,0.860
0.330,0.843
0.394,0.860
0.330,0.843
0.394,0.860
0.330,0.843
0.394,0.860
0.330,0.843
0.394,0.860
0.330,0.843
0.393,0.860
0.330,0.843
0.393,0.860
0.330,0.843
0.393,0.860
0.330,0.843
0.393,0.860
0.330,0.843
0.393,0.860
0.330,0.843
0.393,0.860
0.330,0.843
0.393,0.860
0.330,0.843
0.393,0.860
0.330,0.843
0.393,0.860
0.330,0.843
0.393,0.860
0.330,0.843
0.393,0.860
0.330,0.843
0.393,0.860
0.330,0.843
0.393,0.860
0.330,0.843
0.393,0.860
0.330,0.843
0.393,0.860
0.330,0.843
0.393,0.860
0.330,0.843
0.393,0.860
0.330,0.843
0.393,0.860
0.330,0.843
0.393,0.860
0.330,0.843
0.393,0.860
0.330,0.843
0.393,0.860
0.330,0.843
0.393,0.860
0.330,0.843
0.393,0.860
0.330,0.843
0.393,0.860
0.330,0.843
0.393,0.860
0.330,0.843
0.393,0.860
0.330,0.843
0.393,0.860
0.330,0.843
0.393,0.860
0.330,0.843
0.393,0.860
0.330,0.843
0.393,0.860
0.330,0.843
0.393,0.860
0.330,0.843
0.392,0.860
0.330,0.843
0.392,0.860
0.330,0.843
0.392,0.860
0.330,0.843
0.392,0.860
0.330,0.843
0.392,0.860
0.330,0.843
0.392,0.860
0.330,0.843
0.392,0.860
0.330,0.843
0.392,0.860
0.330,0.843
0.392,0.860
0.330,0.843
0.392,0.860
0.330,0.843
0.392,0.860
0.330,0.843
0.392,0.860
0.330,0.843
0.392,0.860
0.330,0.843
0.392,0.860
0.330,0.843
0.392,0.860
0.330,0.843
0.392,0.860
0.330,0.843
0.392,0.860
0.330,0.843
0.392,0.860
0.330,0.843
0.392,0.860
0.330,0.843
0.392,0.860
0.330,0.843
0.392,0.860
0.330,0.843
0.392,0.860
0.329,0.843
0.392,0.860
0.329,0.843
0.392,0.860
0.329,0.843
0.392,0.860
0.329,0.843
0.392,0.860
0.329,0.843
0.392,0.860
0.329,0.843
0.392,0.860
0.329,0.843
0.392,0.860
0.329,0.843
0.392,0.860
0.329,0.843
0.391,0.860
0.329,0.843
0.391,0.860
0.329,0.843
0.391,0.860
0.329,0.843
0.391,0.860
0.329,0.843
0.391,0.860
0.329,0.843
0.391,0.860
0.329,0.843
0.391,0.860
0.329,0.843
0.391,0.860
0.329,0.843
0.391,0.860
0.329,0.843
0.391,0.860
0.329,0.843
0.391,0.860
0.329,0.843
0.391,0.860
0.329,0.843
0.391,0.860
0.329,0.843
0.391,0.860
0.329,0.843
0.391,0.860
0.329,0.843
0.391,0.860
0.329,0.843
0.391,0.860
0.329,0.843
0.391,0.860
0.329,0.843
0.391,0.860
0.329,0.843
0.391,0.860
0.329,0.843
0.391,0.860
0.329,0.843
0.391,0.860
0.329,0.843
0.391,0.860
0.329,0.843
0.391,0.860
0.329,0.843
0.391,0.860
0.329,0.843
0.391,0.860
0.329,0.843
0.391,0.860
0.329,0.843
0.391,0.860
0.329,0.843
0.391,0.860
0.329,0.843
0.391,0.860
0.329,0.843
0.391,0.860
0.329,0.843
0.390,0.860
0.329,0.843
0.390,0.860
0.329,0.843
0.390,0.860
0.329,0.843
0.390,0.860
0.329,0.843
0.390,0.860
0.329,0.843
0.390,0.860
0.329,0.843
0.390,0.860
0.329,0.843
0.390,0.860
0.329,0.843
0.390,0.860
0.329,0.843
0.390,0.860
0.329,0.843
0.390,0.860
0.329,0.843
0.390,0.860
0.329,0.843
0.390,0.860
0.329,0.843
0.390,0.860
0.329,0.843
0.390,0.860
0.329,0.843
0.390,0.860
0.329,0.843
0.390,0.860
0.329,0.843
0.390,0.860
0.329,0.843
0.390,0.860
0.329,0.843
0.390,0.860
0.329,0.843
0.390,0.860
0.329,0.843
0.390,0.860
0.329,0.843
0.390,0.860
0.329,0.843
0.390,0.860
0.329,0.843
0.390,0.860
0.329,0.843
0.390,0.860
0.329,0.843
0.390,0.860
0.328,0.843
0.390,0.860
0.328,0.843
0.390,0.860
0.328,0.843
0.390,0.860
0.328,0.843
0.390,0.860
0.328,0.843
0.389,0.860
0.328,0.843
0.389,0.860
0.328,0.843
0.389,0.860
0.328,0.843
0.389,0.860
0.328,0.843
0.389,0.860
0.328,0.843
0.389,0.860
0.328,0.843
0.389,0.860
0.328,0.843
0.389,0.860
0.328,0.843
0.389,0.860
0.328,0.843
0.389,0.860
0.328,0.843
0.389,0.860
0.328,0.843
0.389,0.860
0.328,0.843
0.389,0.860
0.328,0.843
0.389,0.860
0.328,0.843
0.389,0.860
0.328,0.843
0.389,0.860
0.328,0.843
0.389,0.860
0.328,0.843
0.389,0.860
0.328,0.843
0.389,0.860
0.328,0.843
0.389,0.860
0.328,0.843
0.389,0.860
0.328,0.843
0.389,0.860
0.328,0.843
0.389,0.860
0.328,0.843
0.389,0.860
0.328,0.843
0.389,0.860
0.328,0.843
0.389,0.860
0.328,0.843
0.389,0.860
0.328,0.843
0.389,0.860
0.328,0.843
0.389,0.860
0.328,0.843
0.389,0.860
0.328,0.843
0.389,0.860
0.328,0.843
0.389,0.860
0.328,0.843
0.388,0.860
0.328,0.843
0.388,0.860
0.328,0.843
0.388,0.860
0.328,0.843
0.388,0.860
0.328,0.843
0.388,0.860
0.328,0.843
0.388,0.860
0.328,0.843
0.388,0.860
0.328,0.843
0.388,0.860
0.328,0.843
0.388,0.860
0.328,0.843
0.388,0.860
0.328,0.843
0.388,0.860
0.328,0.843
0.388,0.860
0.328,0.843
0.388,0.860
0.328,0.843
0.388,0.860
0.328,0.843
0.388,0.860
0.328,0.843
0.388,0.860
0.328,0.843
0.388,0.860
0.328,0.843
0.388,0.860
0.328,0.843
0.388,0.860
0.328,0.843
0.388,0.860
0.328,0.843
0.388,0.860
0.328,0.843
0.388,0.860
0.328,0.843
0.388,0.860
0.328,0.843
0.388,0.860
0.328,0.843
0.388,0.860
0.328,0.843
0.388,0.860
0.328,0.843
0.388,0.860
0.328,0.843
0.388,0.860
0.328,0.843
0.388,0.860
0.328,0.843
0.388,0.860
0.328,0.843
0.388,0.860
0.327,0.843
0.387,0.860
0.327,0.843
0.387,0.860
0.327,0.843
0.387,0.860
0.327,0.843
0.387,0.860
0.327,0.843
0.387,0.860
0.327,0.843
0.387,0.860
0.327,0.845
0.387,0.860
0.327,0.845
0.387,0.860
0.327,0.845
0.387,0.860
0.327,0.845
0.387,0.860
0.327,0.845
0.387,0.860
0.327,0.845
0.387,0.860
0.327,0.845
0.387,0.860
0.327,0.845
0.387,0.860
0.327,0.845
0.387,0.860
0.327,0.845
0.387,0.860
0.327,0.845
0.387,0.860
0.327,0.845
0.387,0.860
0.327,0.845
0.387,0.860
0.327,0.845
0.387,0.860
0.327,0.845
0.387,0.860
0.327,0.845
0.387,0.860
0.327,0.845
0.387,0.860
0.327,0.845
0.387,0.860
0.327,0.845
0.387,0.860
0.327,0.845
0.387,0.860
0.327,0.845
0.387,0.860
0.327,0.845
0.387,0.860
0.327,0.845
0.387,0.860
0.327,0.845
0.387,0.860
0.327,0.845
0.387,0.860
0.327,0.845
0.387,0.860
0.327,0.845
0.386,0.860
0.327,0.845
0.386,0.860
0.327,0.845
0.386,0.860
0.327,0.845
0.386,0.860
0.327,0.845
0.386,0.860
0.327,0.845
0.386,0.860
0.327,0.845
0.386,0.860
0.327,0.845
0.386,0.860
0.327,0.845
0.386,0.860
0.327,0.845
0.386,0.860
0.327,0.845
0.386,0.860
0.327,0.845
0.386,0.860
0.327,0.845
0.386,0.860
0.327,0.845
0.386,0.860
0.327,0.845
0.386,0.860
0.327,0.845
0.386,0.860
0.327,0.845
0.386,0.860
0.327,0.845
0.386,0.860
0.327,0.845
0.386,0.860
0.327,0.845
0.386,0.860
0.327,0.845
0.386,0.860
0.327,0.845
0.386,0.860
0.327,0.845
0.386,0.860
0.327,0.845
0.386,0.860
0.327,0.845
0.386,0.860
0.327,0.845
0.386,0.860
0.327,0.845
0.386,0.860
0.327,0.845
0.386,0.860
0.327,0.845
0.386,0.860
0.327,0.845
0.386,0.860
0.327,0.845
0.386,0.860
0.327,0.845
0.386,0.860
0.327,0.845
0.385,0.860
0.327,0.845
0.385,0.860
0.327,0.845
0.385,0.860
0.327,0.845
0.385,0.860
0.326,0.845
0.385,0.860
0.326,0.845
0.385,0.860
0.326,0.845
0.385,0.860
0.326,0.845
0.385,0.860
0.326,0.845
0.385,0.860
0.326,0.845
0.385,0.860
0.326,0.845
0.385,0.860
0.326,0.845
0.385,0.860
0.326,0.845
0.385,0.860
0.326,0.845
0.385,0.860
0.326,0.845
0.385,0.860
0.326,0.845
0.385,0.860
0.326,0.845
0.385,0.860
0.326,0.845
0.385,0.860
0.326,0.845
0.385,0.860
0.326,0.845
0.385,0.860
0.326,0.845
0.385,0.860
0.326,0.845
0.385,0.860
0.326,0.845
0.385,0.860
0.326,0.845
0.385,0.860
0.326,0.845
0.385,0.860
0.326,0.845
0.385,0.860
0.326,0.845
0.385,0.860
0.326,0.845
0.385,0.860
0.326,0.845
0.385,0.860
0.326,0.845
0.385,0.860
0.326,0.845
0.385,0.860
0.326,0.845
0.385,0.860
0.326,0.845
0.385,0.860
0.326,0.845
0.384,0.860
0.326,0.845
0.384,0.860
0.326,0.845
0.384,0.860
0.326,0.845
0.384,0.860
0.326,0.845
0.384,0.860
0.326,0.845
0.384,0.860
0.326,0.845
0.384,0.860
0.326,0.845
0.384,0.860
0.326,0.845
0.384,0.860
0.326,0.845
0.384,0.860
0.326,0.845
0.384,0.860
0.326,0.845
0.384,0.860
0.326,0.845
0.384,0.860
0.326,0.845
0.384,0.860
0.326,0.845
0.384,0.860
0.326,0.845
0.384,0.860
0.326,0.845
0.384,0.860
0.326,0.845
0.384,0.860
0.326,0.845
0.384,0.860
0.326,0.845
0.384,0.860
0.326,0.845
0.384,0.860
0.326,0.845
0.384,0.860
0.326,0.845
0.384,0.860
0.326,0.845
0.384,0.860
0.326,0.845
0.384,0.860
0.326,0.845
0.384,0.860
0.326,0.845
0.384,0.860
0.326,0.845
0.384,0.860
0.326,0.845
0.384,0.860
0.326,0.845
0.384,0.860
0.326,0.845
0.384,0.860
0.326,0.845
0.384,0.860
0.326,0.845
0.383,0.860
0.326,0.845
0.383,0.860
0.326,0.845
0.383,0.860
0.326,0.845
0.383,0.860
0.326,0.845
0.383,0.860
0.326,0.845
0.383,0.860
0.326,0.845
0.383,0.860
0.326,0.845
0.383,0.860
0.325,0.845
0.383,0.860
0.325,0.845
0.383,0.860
0.325,0.845
0.383,0.860
0.325,0.845
0.383,0.860
0.325,0.845
0.383,0.860
0.325,0.845
0.383,0.860
0.325,0.845
0.383,0.860
0.325,0.845
0.383,0.860
0.325,0.845
0.383,0.860
0.325,0.845
0.383,0.860
0.325,0.845
0.383,0.860
0.325,0.845
0.383,0.860
0.325,0.845
0.383,0.860
0.325,0.845
0.383,0.860
0.325,0.845
0.383,0.860
0.325,0.845
0.383,0.860
0.325,0.845
0.383,0.860
0.325,0.845
0.383,0.860
0.325,0.845
0.383,0.860
0.325,0.845
0.383,0.860
0.325,0.845
0.383,0.860
0.325,0.845
0.383,0.860
0.325,0.845
0.383,0.860
0.325,0.845
0.383,0.860
0.325,0.845
0.383,0.860
0.325,0.845
0.382,0.860
0.325,0.845
0.382,0.860
0.325,0.845
0.382,0.860
0.325,0.845
0.382,0.860
0.325,0.845
0.382,0.860
0.325,0.845
0.382,0.860
0.325,0.845
0.382,0.860
0.325,0.845
0.382,0.860
0.325,0.845
0.382,0.860
0.325,0.845
0.382,0.860
0.325,0.845
0.382,0.863
0.325,0.845
0.382,0.863
0.325,0.845
0.382,0.863
0.325,0.845
0.382,0.863
0.325,0.845
0.382,0.863
0.325,0.845
0.382,0.863
0.325,0.845
0.382,0.863
0.325,0.845
0.382,0.863
0.325,0.845
0.382,0.863
0.325,0.845
0.382,0.863
0.325,0.845
0.382,0.863
0.325,0.845
0.382,0.863
0.325,0.845
0.382,0.863
0.325,0.845
0.382,0.863
0.325,0.845
0.382,0.863
0.325,0.845
0.382,0.863
0.325,0.845
0.382,0.863
0.325,0.845
0.382,0.863
0.325,0.845
0.382,0.863
0.325,0.845
0.382,0.863
0.325,0.845
0.382,0.863
0.325,0.845
0.382,0.863
0.325,0.845
0.382,0.863
0.325,0.845
0.381,0.863
0.325,0.845
0.381,0.863
0.325,0.845
0.381,0.863
0.325,0.845
0.381,0.863
0.325,0.845
0.381,0.863
0.325,0.845
0.381,0.863
0.325,0.845
0.381,0.863
0.325,0.845
0.381,0.863
0.325,0.845
0.381,0.863
0.325,0.845
0.381,0.863
0.325,0.845
0.381,0.863
0.325,0.845
0.381,0.863
0.325,0.845
0.381,0.863
0.324,0.845
0.381,0.863
0.324,0.845
0.381,0.863
0.324,0.845
0.381,0.863
0.324,0.845
0.381,0.863
0.324,0.845
0.381,0.863
0.324,0.845
0.381,0.863
0.324,0.845
0.381,0.863
0.324,0.845
0.381,0.863
0.324,0.845
0.381,0.863
0.324,0.845
0.381,0.863
0.324,0.845
0.381,0.863
0.324,0.845
0.381,0.863
0.324,0.845
0.381,0.863
0.324,0.845
0.381,0.863
0.324,0.845
0.381,0.863
0.324,0.845
0.381,0.863
0.324,0.845
0.381,0.863
0.324,0.845
0.381,0.863
0.324,0.845
0.381,0.863
0.324,0.845
0.381,0.863
0.324,0.845
0.381,0.863
0.324,0.845
0.380,0.863
0.324,0.845
0.380,0.863
0.324,0.845
0.380,0.863
0.324,0.845
0.380,0.863
0.324,0.845
0.380,0.863
0.324,0.845
0.380,0.863
0.324,0.845
0.380,0.863
0.324,0.845
0.380,0.863
0.324,0.845
0.380,0.863
0.324,0.845
0.380,0.863
0.324,0.845
0.380,0.863
0.324,0.845
0.380,0.863
0.324,0.845
0.380,0.863
0.324,0.845
0.380,0.863
0.324,0.845
0.380,0.863
0.324,0.845
0.380,0.863
0.324,0.845
0.380,0.863
0.324,0.845
0.380,0.863
0.324,0.845
0.380,0.863
0.324,0.845
0.380,0.863
0.324,0.845
0.380,0.863
0.324,0.845
0.380,0.863
0.324,0.845
0.380,0.863
0.324,0.845
0.380,0.863
0.324,0.845
0.380,0.863
0.324,0.845
0.380,0.863
0.324,0.845
0.380,0.863
0.324,0.845
0.380,0.863
0.324,0.845
0.380,0.863
0.324,0.845
0.380,0.863
0.324,0.845
0.380,0.863
0.324,0.845
0.380,0.863
0.324,0.845
0.380,0.863
0.324,0.845
0.379,0.863
0.324,0.845
0.379,0.863
0.324,0.845
0.379,0.863
0.324,0.845
0.379,0.863
0.324,0.845
0.379,0.863
0.324,0.845
0.379,0.863
0.324,0.845
0.379,0.863
0.324,0.845
0.379,0.863
0.324,0.845
0.379,0.863
0.324,0.845
0.379,0.863
0.324,0.845
0.379,0.863
0.324,0.845
0.379,0.863
0.324,0.845
0.379,0.860
0.324,0.845
0.379,0.860
0.324,0.845
0.379,0.860
0.324,0.845
0.379,0.860
0.324,0.845
0.379,0.860
0.323,0.845
0.379,0.860
0.323,0.845
0.379,0.860
0.323,0.845
0.379,0.860
0.323,0.845
0.379,0.860
0.323,0.845
0.379,0.860
0.323,0.845
0.379,0.860
0.323,0.845
0.379,0.860
0.323,0.845
0.379,0.860
0.323,0.845
0.379,0.860
0.323,0.845
0.379,0.860
0.323,0.845
0.379,0.860
0.323,0.845
0.379,0.860
0.323,0.845
0.379,0.860
0.323,0.845
0.379,0.860
0.323,0.845
0.379,0.860
0.323,0.845
0.379,0.860
0.323,0.845
0.379,0.860
0.323,0.845
0.378,0.860
0.323,0.845
0.378,0.860
0.323,0.845
0.378,0.860
0.323,0.845
0.378,0.860
0.323,0.845
0.378,0.860
0.323,0.845
0.378,0.860
0.323,0.845
0.378,0.860
0.323,0.845
0.378,0.860
0.323,0.845
0.378,0.860
0.323,0.845
0.378,0.860
0.323,0.845
0.378,0.860
0.323,0.845
0.378,0.860
0.323,0.845
0.378,0.860
0.323,0.845
0.378,0.860
0.323,0.845
0.378,0.860
0.323,0.845
0.378,0.860
0.323,0.845
0.378,0.860
0.323,0.845
0.378,0.860
0.323,0.845
0.378,0.860
0.323,0.845
0.378,0.860
0.323,0.845
0.378,0.860
0.323,0.845
0.378,0.860
0.323,0.845
0.378,0.860
0.323,0.845
0.378,0.860
0.323,0.845
0.378,0.860
0.323,0.845
0.378,0.860
0.323,0.845
0.378,0.860
0.323,0.845
0.378,0.860
0.323,0.845
0.378,0.860
0.323,0.845
0.378,0.860
0.323,0.845
0.378,0.860
0.323,0.845
0.378,0.860
0.323,0.845
0.378,0.860
0.323,0.845
0.378,0.860
0.323,0.845
0.377,0.860
0.323,0.845
0.377,0.860
0.323,0.845
0.377,0.860
0.323,0.845
0.377,0.860
0.323,0.845
0.377,0.860
0.323,0.845
0.377,0.860
0.323,0.845
0.377,0.860
0.323,0.845
0.377,0.860
0.323,0.845
0.377,0.860
0.323,0.845
0.377,0.860
0.323,0.845
0.377,0.860
0.323,0.845
0.377,0.860
0.323,0.845
0.377,0.860
0.323,0.845
0.377,0.860
0.323,0.845
0.377,0.860
0.323,0.845
0.377,0.860
0.323,0.845
0.377,0.860
0.323,0.845
0.377,0.860
0.323,0.845
0.377,0.860
0.323,0.845
0.377,0.860
0.323,0.845
0.377,0.860
0.323,0.845
0.377,0.860
0.322,0.845
0.377,0.860
0.322,0.845
0.377,0.860
0.322,0.845
0.377,0.860
0.322,0.845
0.377,0.860
0.322,0.845
0.377,0.860
0.322,0.845
0.377,0.860
0.322,0.845
0.377,0.860
0.322,0.845
0.377,0.860
0.322,0.845
0.377,0.860
0.322,0.845
0.377,0.860
0.322,0.845
0.377,0.860
0.322,0.845
0.377,0.860
0.322,0.845
0.377,0.860
0.322,0.845
0.376,0.860
0.322,0.845
0.376,0.860
0.322,0.845
0.376,0.860
0.322,0.845
0.376,0.860
0.322,0.845
0.376,0.860
0.322,0.845
0.376,0.860
0.322,0.845
0.376,0.860
0.322,0.845
0.376,0.860
0.322,0.845
0.376,0.860
0.322,0.845
0.376,0.860
0.322,0.845
0.376,0.860
0.322,0.845
0.376,0.860
0.322,0.845
0.376,0.860
0.322,0.845
0.376,0.860
0.322,0.845
0.376,0.860
0.322,0.845
0.376,0.860
0.322,0.845
0.376,0.860
0.322,0.845
0.376,0.860
0.322,0.845
0.376,0.860
0.322,0.845
0.376,0.860
0.322,0.845
0.376,0.860
0.322,0.845
0.376,0.860
0.322,0.845
0.376,0.860
0.322,0.845
0.376,0.860
0.322,0.845
0.376,0.860
0.322,0.845
0.376,0.860
0.322,0.845
0.376,0.860
0.322,0.845
0.376,0.860
0.322,0.845
0.376,0.860
0.322,0.845
0.376,0.860
0.322,0.845
0.376,0.860
0.322,0.845
0.376,0.860
0.322,0.845
0.376,0.860
0.322,0.845
0.376,0.860
0.322,0.845
0.376,0.860
0.322,0.845
0.375,0.860
0.322,0.845
0.375,0.860
0.322,0.845
0.375,0.860
0.322,0.845
0.375,0.860
0.322,0.845
0.375,0.860
0.322,0.845
0.375,0.860
0.322,0.845
0.375,0.860
0.322,0.845
0.375,0.860
0.322,0.845
0.375,0.860
0.322,0.845
0.375,0.860
0.322,0.845
0.375,0.860
0.322,0.845
0.375,0.860
0.322,0.845
0.375,0.860
0.322,0.845
0.375,0.860
0.322,0.845
0.375,0.860
0.322,0.845
0.375,0.860
0.322,0.845
0.375,0.860
0.322,0.845
0.375,0.860
0.322,0.845
0.375,0.860
0.322,0.845
0.375,0.860
0.322,0.845
0.375,0.860
0.322,0.845
0.375,0.860
0.322,0.845
0.375,0.860
0.322,0.845
0.375,0.860
0.322,0.845
0.375,0.860
0.322,0.845
0.375,0.860
0.321,0.845
0.375,0.860
0.321,0.845
0.375,0.860
0.321,0.845
0.375,0.860
0.321,0.845
0.375,0.860
0.321,0.845
0.375,0.860
0.321,0.845
0.375,0.860
0.321,0.845
0.375,0.860
0.321,0.845
0.375,0.860
0.321,0.845
0.375,0.860
0.321,0.845
0.374,0.860
0.321,0.845
0.374,0.860
0.321,0.845
0.374,0.860
0.321,0.845
0.374,0.860
0.321,0.845
0.374,0.860
0.321,0.845
0.374,0.860
0.321,0.845
0.374,0.860
0.321,0.845
0.374,0.860
0.321,0.845
0.374,0.860
0.321,0.845
0.374,0.860
0.321,0.845
0.374,0.860
0.321,0.845
0.374,0.860
0.321,0.845
0.374,0.860
0.321,0.845
0.374,0.860
0.321,0.845
0.374,0.860
0.321,0.845
0.374,0.860
0.321,0.845
0.374,0.860
0.321,0.845
0.374,0.860
0.321,0.845
0.374,0.860
0.321,0.845
0.374,0.860
0.321,0.845
0.374,0.860
0.321,0.845
0.374,0.860
0.321,0.845
0.374,0.860
0.321,0.845
0.374,0.860
0.321,0.845
0.374,0.860
0.321,0.845
0.374,0.860
0.321,0.845
0.374,0.860
0.321,0.845
0.374,0.860
0.321,0.845
0.374,0.860
0.321,0.845
0.374,0.860
0.321,0.845
0.374,0.860
0.321,0.845
0.374,0.860
0.321,0.845
0.374,0.860
0.321,0.845
0.374,0.860
0.321,0.845
0.374,0.860
0.321,0.845
0.373,0.860
0.321,0.845
0.373,0.860
0.321,0.845
0.373,0.860
0.321,0.845
0.373,0.860
0.321,0.845
0.373,0.860
0.321,0.845
0.373,0.860
0.321,0.845
0.373,0.860
0.321,0.845
0.373,0.860
0.321,0.845
0.373,0.860
0.321,0.845
0.373,0.860
0.321,0.845
0.373,0.860
0.321,0.845
0.373,0.860
0.321,0.845
0.373,0.860
0.321,0.845
0.373,0.860
0.321,0.845
0.373,0.860
0.321,0.845
0.373,0.860
0.321,0.845
0.373,0.860
0.321,0.845
0.373,0.860
0.321,0.845
0.373,0.860
0.321,0.845
0.373,0.860
0.321,0.845
0.373,0.860
0.321,0.845
0.373,0.860
0.321,0.845
0.373,0.860
0.321,0.845
0.373,0.860
0.321,0.845
0.373,0.860
0.321,0.845
0.373,0.860
0.321,0.845
0.373,0.860
0.321,0.845
0.373,0.860
0.321,0.845
0.373,0.860
0.321,0.845
0.373,0.860
0.321,0.845
0.373,0.860
0.321,0.845
0.373,0.860
0.320,0.845
0.373,0.860
0.320,0.845
0.373,0.860
0.320,0.845
0.373,0.860
0.320,0.845
0.373,0.860
0.320,0.845
0.372,0.860
0.320,0.845
0.372,0.860
0.320,0.845
0.372,0.860
0.320,0.845
0.372,0.860
0.320,0.845
0.372,0.860
0.320,0.845
0.372,0.860
0.320,0.845
0.372,0.860
0.320,0.845
0.372,0.860
0.320,0.845
0.372,0.860
0.320,0.845
0.372,0.860
0.320,0.845
0.372,0.860
0.320,0.845
0.372,0.860
0.320,0.845
0.372,0.860
0.320,0.845
0.372,0.860
0.320,0.845
0.372,0.860
0.320,0.845
0.372,0.860
0.320,0.845
0.372,0.860
0.320,0.845
0.372,0.860
0.320,0.845
0.372,0.860
0.320,0.845
0.372,0.860
0.320,0.845
0.372,0.860
0.320,0.845
0.372,0.860
0.320,0.845
0.372,0.860
0.320,0.845
0.372,0.860
0.320,0.845
0.372,0.860
0.320,0.848
0.372,0.860
0.320,0.848
0.372,0.860
0.320,0.848
0.372,0.860
0.320,0.848
0.372,0.860
0.320,0.848
0.372,0.860
0.320,0.848
0.372,0.860
0.320,0.848
0.372,0.860
0.320,0.848
0.372,0.860
0.320,0.848
0.372,0.860
0.320,0.848
0.372,0.860
0.320,0.848
0.372,0.860
0.320,0.848
0.371,0.860
0.320,0.848
0.371,0.860
0.320,0.848
0.371,0.860
0.320,0.848
0.371,0.860
0.320,0.848
0.371,0.860
0.320,0.848
0.371,0.860
0.320,0.848
0.371,0.860
0.320,0.848
0.371,0.860
0.320,0.848
0.371,0.860
0.320,0.848
0.371,0.860
0.320,0.848
0.371,0.860
0.320,0.848
0.371,0.860
0.320,0.848
0.371,0.860
0.320,0.848
0.371,0.860
0.320,0.848
0.371,0.860
0.320,0.848
0.371,0.860
0.320,0.848
0.371,0.860
0.320,0.848
0.371,0.860
0.320,0.848
0.371,0.860
0.320,0.848
0.371,0.860
0.320,0.848
0.371,0.860
0.320,0.848
0.371,0.860
0.320,0.848
0.371,0.860
0.320,0.848
0.371,0.860
0.320,0.848
0.371,0.860
0.320,0.848
0.371,0.860
0.320,0.848
0.371,0.860
0.320,0.848
0.371,0.860
0.320,0.848
0.371,0.860
0.320,0.848
0.371,0.860
0.320,0.848
0.371,0.860
0.320,0.848
0.371,0.860
0.320,0.848
0.371,0.860
0.320,0.848
0.371,0.860
0.320,0.848
0.371,0.860
0.320,0.848
0.371,0.860
0.320,0.848
0.370,0.860
0.319,0.848
0.370,0.860
0.319,0.848
0.370,0.860
0.319,0.848
0.370,0.860
0.319,0.848
0.370,0.860
0.319,0.848
0.370,0.860
0.319,0.848
0.370,0.860
0.319,0.848
0.370,0.860
0.319,0.848
0.370,0.860
0.319,0.848
0.370,0.860
0.319,0.848
0.370,0.860
0.319,0.848
0.370,0.860
0.319,0.848
0.370,0.860
0.319,0.848
0.370,0.860
0.319,0.848
0.370,0.860
0.319,0.848
0.370,0.860
0.319,0.848
0.370,0.860
0.319,0.848
0.370,0.860
0.319,0.848
0.370,0.860
0.319,0.848
0.370,0.860
0.319,0.848
0.370,0.860
0.319,0.848
0.370,0.860
0.319,0.848
0.370,0.860
0.319,0.848
0.370,0.860
0.319,0.848
0.370,0.860
0.319,0.848
0.370,0.860
0.319,0.848
0.370,0.858
0.319,0.848
0.370,0.858
0.319,0.848
0.370,0.858
0.319,0.848
0.370,0.858
0.319,0.848
0.370,0.858
0.319,0.848
0.370,0.858
0.319,0.848
0.370,0.858
0.319,0.848
0.370,0.858
0.319,0.848
0.370,0.858
0.319,0.848
0.370,0.858
0.319,0.848
0.370,0.858
0.319,0.848
0.369,0.858
0.319,0.848
0.369,0.858
0.319,0.848
0.369,0.858
0.319,0.848
0.369,0.858
0.319,0.848
0.369,0.858
0.319,0.848
0.369,0.858
0.319,0.848
0.369,0.858
0.319,0.848
0.369,0.858
0.319,0.848
0.369,0.858
0.319,0.848
0.369,0.858
0.319,0.848
0.369,0.858
0.319,0.848
0.369,0.858
0.319,0.848
0.369,0.858
0.319,0.848
0.369,0.858
0.319,0.848
0.369,0.858
0.319,0.848
0.369,0.858
0.319,0.848
0.369,0.858
0.319,0.848
0.369,0.858
0.319,0.848
0.369,0.858
0.319,0.848
0.369,0.858
0.319,0.848
0.369,0.858
0.319,0.848
0.369,0.858
0.319,0.848
0.369,0.858
0.319,0.848
0.369,0.858
0.319,0.848
0.369,0.858
0.319,0.848
0.369,0.858
0.319,0.848
0.369,0.858
0.319,0.848
0.369,0.858
0.319,0.848
0.369,0.858
0.319,0.848
0.369,0.858
0.319,0.848
0.369,0.858
0.319,0.848
0.369,0.858
0.319,0.848
0.369,0.858
0.319,0.848
0.369,0.858
0.319,0.848
0.369,0.858
0.319,0.848
0.369,0.858
0.319,0.848
0.368,0.858
0.319,0.848
0.368,0.858
0.319,0.848
0.368,0.858
0.319,0.848
0.368,0.858
0.319,0.848
0.368,0.858
0.319,0.848
0.368,0.858
0.318,0.848
0.368,0.858
0.318,0.848
0.368,0.858
0.318,0.848
0.368,0.858
0.318,0.848
0.368,0.858
0.318,0.848
0.368,0.858
0.318,0.848
0.368,0.858
0.318,0.848
0.368,0.858
0.318,0.848
0.368,0.858
0.318,0.848
0.368,0.858
0.318,0.848
0.368,0.858
0.318,0.848
0.368,0.858
0.318,0.848
0.368,0.858
0.318,0.848
0.368,0.858
0.318,0.848
0.368,0.858
0.318,0.848
0.368,0.858
0.318,0.848
0.368,0.858
0.318,0.848
0.368,0.858
0.318,0.848
0.368,0.858
0.318,0.848
0.368,0.858
0.318,0.848
0.368,0.858
0.318,0.848
0.368,0.858
0.318,0.848
0.368,0.858
0.318,0.848
0.368,0.858
0.318,0.848
0.368,0.858
0.318,0.848
0.368,0.858
0.318,0.848
0.368,0.858
0.318,0.848
0.368,0.858
0.318,0.848
0.368,0.858
0.318,0.848
0.368,0.858
0.318,0.848
0.368,0.858
0.318,0.848
0.368,0.858
0.318,0.848
0.368,0.858
0.318,0.848
0.367,0.858
0.318,0.848
0.367,0.858
0.318,0.848
0.367,0.858
0.318,0.848
0.367,0.858
0.318,0.848
0.367,0.858
0.318,0.848
0.367,0.858
0.318,0.848
0.367,0.858
0.318,0.848
0.367,0.858
0.318,0.848
0.367,0.858
0.318,0.848
0.367,0.858
0.318,0.848
0.367,0.858
0.318,0.848
0.367,0.858
0.318,0.848
0.367,0.858
0.318,0.848
0.367,0.858
0.318,0.848
0.367,0.858
0.318,0.848
0.367,0.858
0.318,0.848
0.367,0.858
0.318,0.848
0.367,0.858
0.318,0.848
0.367,0.858
0.318,0.848
0.367,0.860
0.318,0.848
0.367,0.860
0.318,0.848
0.367,0.860
0.318,0.848
0.367,0.860
0.318,0.848
0.367,0.860
0.318,0.848
0.367,0.860
0.318,0.848
0.367,0.860
0.318,0.848
0.367,0.860
0.318,0.848
0.367,0.860
0.318,0.848
0.367,0.860
0.318,0.848
0.367,0.860
0.318,0.848
0.367,0.860
0.318,0.848
0.367,0.860
0.318,0.848
0.367,0.860
0.318,0.848
0.367,0.860
0.318,0.848
0.367,0.860
0.318,0.848
0.367,0.860
0.318,0.848
0.367,0.860
0.318,0.848
0.366,0.860
0.318,0.848
0.366,0.860
0.318,0.848
0.366,0.860
0.318,0.848
0.366,0.860
0.318,0.848
0.366,0.860
0.318,0.848
0.366,0.860
0.318,0.848
0.366,0.860
0.318,0.848
0.366,0.860
0.318,0.848
0.366,0.860
0.318,0.848
0.366,0.860
0.318,0.848
0.366,0.860
0.317,0.848
0.366,0.860
0.317,0.848
0.366,0.860
0.317,0.848
0.366,0.860
0.317,0.848
0.366,0.860
0.317,0.848
0.366,0.860
0.317,0.848
0.366,0.860
0.317,0.848
0.366,0.860
0.317,0.848
0.366,0.860
0.317,0.848
0.366,0.860
0.317,0.848
0.366,0.860
0.317,0.848
0.366,0.860
0.317,0.848
0.366,0.860
0.317,0.848
0.366,0.858
0.317,0.848
0.366,0.858
0.317,0.848
0.366,0.858
0.317,0.848
0.366,0.858
0.317,0.848
0.366,0.858
0.317,0.848
0.366,0.858
0.317,0.848
0.366,0.858
0.317,0.848
0.366,0.858
0.317,0.848
0.366,0.858
0.317,0.848
0.366,0.858
0.317,0.848
0.366,0.858
0.317,0.848
0.366,0.858
0.317,0.848
0.366,0.858
0.317,0.848
0.366,0.858
0.317,0.848
0.366,0.858
0.317,0.848
0.365,0.858
0.317,0.848
0.365,0.858
0.317,0.848
0.365,0.858
0.317,0.848
0.365,0.858
0.317,0.848
0.365,0.858
0.317,0.848
0.365,0.858
0.317,0.848
0.365,0.858
0.317,0.848
0.365,0.858
0.317,0.848
0.365,0.858
0.317,0.848
0.365,0.858
0.317,0.848
0.365,0.858
0.317,0.848
0.365,0.858
0.317,0.848
0.365,0.858
0.317,0.848
0.365,0.858
0.317,0.848
0.365,0.858
0.317,0.848
0.365,0.858
0.317,0.848
0.365,0.858
0.317,0.848
0.365,0.858
0.317,0.848
0.365,0.858
0.317,0.848
0.365,0.858
0.317,0.848
0.365,0.858
0.317,0.848
0.365,0.858
0.317,0.848
0.365,0.858
0.317,0.848
0.365,0.858
0.317,0.848
0.365,0.858
0.317,0.848
0.365,0.858
0.317,0.848
0.365,0.858
0.317,0.848
0.365,0.858
0.317,0.848
0.365,0.858
0.317,0.848
0.365,0.858
0.317,0.848
0.365,0.858
0.317,0.848
0.365,0.858
0.317,0.848
0.365,0.858
0.317,0.848
0.365,0.858
0.317,0.848
0.365,0.858
0.317,0.848
0.365,0.858
0.317,0.848
0.365,0.858
0.317,0.848
0.365,0.858
0.317,0.848
0.365,0.858
0.317,0.848
0.364,0.858
0.317,0.848
0.364,0.858
0.317,0.848
0.364,0.858
0.317,0.848
0.364,0.858
0.317,0.848
0.364,0.858
0.317,0.848
0.364,0.858
0.317,0.848
0.364,0.858
0.317,0.848
0.364,0.858
0.317,0.848
0.364,0.858
0.317,0.848
0.364,0.858
0.317,0.848
0.364,0.858
0.317,0.848
0.364,0.858
0.317,0.848
0.364,0.858
0.317,0.848
0.364,0.858
0.317,0.848
0.364,0.858
0.317,0.848
0.364,0.858
0.316,0.848
0.364,0.858
0.316,0.848
0.364,0.858
0.316,0.848
0.364,0.858
0.316,0.848
0.364,0.858
0.316,0.848
0.364,0.858
0.316,0.848
0.364,0.858
0.316,0.848
0.364,0.858
0.316,0.848
0.364,0.858
0.316,0.848
0.364,0.858
0.316,0.848
0.364,0.858
0.316,0.848
0.364,0.858
0.316,0.848
0.364,0.858
0.316,0.848
0.364,0.858
0.316,0.848
0.364,0.858
0.316,0.848
0.364,0.858
0.316,0.848
0.364,0.858
0.316,0.848
0.364,0.858
0.316,0.848
0.364,0.858
0.316,0.848
0.364,0.858
0.316,0.848
0.364,0.858
0.316,0.848
0.364,0.858
0.316,0.848
0.364,0.858
0.316,0.848
0.363,0.858
0.316,0.848
0.363,0.858
0.316,0.848
0.363,0.858
0.316,0.848
0.363,0.858
0.316,0.848
0.363,0.858
0.316,0.848
0.363,0.858
0.316,0.848
0.363,0.858
0.316,0.848
0.363,0.858
0.316,0.848
0.363,0.858
0.316,0.848
0.363,0.858
0.316,0.848
0.363,0.858
0.316,0.848
0.363,0.858
0.316,0.848
0.363,0.858
0.316,0.848
0.363,0.858
0.316,0.848
0.363,0.858
0.316,0.848
0.363,0.858
0.316,0.848
0.363,0.858
0.316,0.848
0.363,0.858
0.316,0.848
0.363,0.858
0.316,0.848
0.363,0.858
0.316,0.848
0.363,0.858
0.316,0.848
0.363,0.858
0.316,0.848
0.363,0.858
0.316,0.848
0.363,0.858
0.316,0.848
0.363,0.858
0.316,0.848
0.363,0.858
0.316,0.848
0.363,0.858
0.316,0.848
0.363,0.858
0.316,0.848
0.363,0.858
0.316,0.848
0.363,0.858
0.316,0.848
0.363,0.858
0.316,0.848
0.363,0.858
0.316,0.848
0.363,0.858
0.316,0.848
0.363,0.858
0.316,0.848
0.363,0.858
0.316,0.848
0.363,0.858
0.316,0.848
0.363,0.858
0.316,0.848
0.363,0.858
0.316,0.848
0.363,0.858
0.316,0.848
0.362,0.858
0.316,0.848
0.362,0.858
0.316,0.848
0.362,0.858
0.316,0.848
0.362,0.858
0.316,0.848
0.362,0.858
0.316,0.848
0.362,0.858
0.316,0.848
0.362,0.858
0.316,0.848
0.362,0.858
0.316,0.848
0.362,0.858
0.316,0.848
0.362,0.858
0.316,0.848
0.362,0.858
0.316,0.848
0.362,0.858
0.316,0.848
0.362,0.858
0.316,0.848
0.362,0.858
0.316,0.848
0.362,0.858
0.316,0.848
0.362,0.858
0.316,0.848
0.362,0.858
0.316,0.848
0.362,0.858
0.316,0.848
0.362,0.858
0.316,0.848
0.362,0.858
0.316,0.848
0.362,0.858
0.316,0.848
0.362,0.858
0.315,0.848
0.362,0.858
0.315,0.848
0.362,0.858
0.315,0.848
0.362,0.858
0.315,0.848
0.362,0.858
0.315,0.848
0.362,0.858
0.315,0.848
0.362,0.858
0.315,0.848
0.362,0.858
0.315,0.848
0.362,0.858
0.315,0.848
0.362,0.858
0.315,0.848
0.362,0.858
0.315,0.848
0.362,0.858
0.315,0.848
0.362,0.858
0.315,0.848
0.362,0.858
0.315,0.848
0.362,0.858
0.315,0.848
0.362,0.858
0.315,0.848
0.362,0.858
0.315,0.848
0.362,0.858
0.315,0.848
0.362,0.858
0.315,0.848
0.361,0.858
0.315,0.848
0.361,0.858
0.315,0.848
0.361,0.858
0.315,0.848
0.361,0.858
0.315,0.848
0.361,0.858
0.315,0.848
0.361,0.858
0.315,0.848
0.361,0.858
0.315,0.848
0.361,0.858
0.315,0.848
0.361,0.858
0.315,0.848
0.361,0.858
0.315,0.848
0.361,0.858
0.315,0.848
0.361,0.858
0.315,0.848
0.361,0.858
0.315,0.848
0.361,0.858
0.315,0.848
0.361,0.858
0.315,0.848
0.361,0.858
0.315,0.848
0.361,0.858
0.315,0.848
0.361,0.858
0.315,0.848
0.361,0.858
0.315,0.848
0.361,0.858
0.315,0.848
0.361,0.858
0.315,0.848
0.361,0.858
0.315,0.848
0.361,0.858
0.315,0.848
0.361,0.858
0.315,0.848
0.361,0.858
0.315,0.848
0.361,0.858
0.315,0.848
0.361,0.858
0.315,0.848
0.361,0.858
0.315,0.848
0.361,0.858
0.315,0.848
0.361,0.858
0.315,0.848
0.361,0.858
0.315,0.848
0.361,0.858
0.315,0.848
0.361,0.858
0.315,0.848
0.361,0.858
0.315,0.848
0.361,0.858
0.315,0.848
0.361,0.858
0.315,0.848
0.361,0.858
0.315,0.848
0.361,0.858
0.315,0.848
0.361,0.858
0.315,0.848
0.361,0.858
0.315,0.848
0.360,0.858
0.315,0.848
0.360,0.858
0.315,0.848
0.360,0.858
0.315,0.848
0.360,0.858
0.315,0.848
0.360,0.858
0.315,0.848
0.360,0.858
0.315,0.848
0.360,0.858
0.315,0.848
0.360,0.858
0.315,0.848
0.360,0.858
0.315,0.848
0.360,0.858
0.315,0.848
0.360,0.858
0.315,0.848
0.360,0.858
0.315,0.848
0.360,0.858
0.315,0.848
0.360,0.858
0.315,0.848
0.360,0.858
0.315,0.848
0.360,0.858
0.315,0.848
0.360,0.858
0.315,0.848
0.360,0.858
0.315,0.848
0.360,0.858
0.315,0.848
0.360,0.858
0.315,0.848
0.360,0.858
0.315,0.848
0.360,0.858
0.315,0.848
0.360,0.858
0.315,0.848
0.360,0.858
0.315,0.848
0.360,0.858
0.315,0.848
0.360,0.858
0.315,0.848
0.360,0.858
0.314,0.848
0.360,0.858
0.314,0.848
0.360,0.858
0.314,0.848
0.360,0.858
0.314,0.848
0.360,0.858
0.314,0.848
0.360,0.858
0.314,0.848
0.360,0.858
0.314,0.848
0.360,0.858
0.314,0.848
0.360,0.858
0.314,0.848
0.360,0.858
0.314,0.848
0.360,0.858
0.314,0.848
0.360,0.858
0.314,0.848
0.360,0.858
0.314,0.848
0.360,0.858
0.314,0.848
0.359,0.858
0.314,0.848
0.359,0.858
0.314,0.848
0.359,0.858
0.314,0.848
0.359,0.858
0.314,0.848
0.359,0.858
0.314,0.848
0.359,0.858
0.314,0.848
0.359,0.858
0.314,0.848
0.359,0.858
0.314,0.848
0.359,0.858
0.314,0.848
0.359,0.858
0.314,0.848
0.359,0.858
0.314,0.848
0.359,0.858
0.314,0.848
0.359,0.858
0.314,0.848
0.359,0.858
0.314,0.848
0.359,0.858
0.314,0.848
0.359,0.858
0.314,0.848
0.359,0.858
0.314,0.848
0.359,0.858
0.314,0.848
0.359,0.858
0.314,0.848
0.359,0.858
0.314,0.848
0.359,0.858
0.314,0.848
0.359,0.858
0.314,0.848
0.359,0.858
0.314,0.848
0.359,0.858
0.314,0.848
0.359,0.858
0.314,0.848
0.359,0.858
0.314,0.848
0.359,0.858
0.314,0.848
0.359,0.858
0.314,0.848
0.359,0.858
0.314,0.848
0.359,0.858
0.314,0.848
0.359,0.858
0.314,0.848
0.359,0.858
0.314,0.848
0.359,0.858
0.314,0.848
0.359,0.858
0.314,0.848
0.359,0.858
0.314,0.848
0.359,0.858
0.314,0.848
0.359,0.858
0.314,0.848
0.359,0.858
0.314,0.848
0.359,0.858
0.314,0.848
0.359,0.858
0.314,0.848
0.359,0.858
0.314,0.848
0.358,0.858
0.314,0.848
0.358,0.858
0.314,0.848
0.358,0.858
0.314,0.848
0.358,0.858
0.314,0.848
0.358,0.858
0.314,0.848
0.358,0.858
0.314,0.848
0.358,0.858
0.314,0.848
0.358,0.858
0.314,0.848
0.358,0.858
0.314,0.848
0.358,0.858
0.314,0.848
0.358,0.858
0.314,0.848
0.358,0.858
0.314,0.848
0.358,0.858
0.314,0.848
0.358,0.858
0.314,0.848
0.358,0.858
0.314,0.848
0.358,0.858
0.314,0.848
0.358,0.858
0.314,0.848
0.358,0.858
0.314,0.848
0.358,0.858
0.314,0.848
0.358,0.858
0.314,0.848
0.358,0.858
0.314,0.848
0.358,0.858
0.314,0.848
0.358,0.858
0.314,0.848
0.358,0.858
0.314,0.848
0.358,0.858
0.314,0.848
0.358,0.858
0.314,0.848
0.358,0.858
0.314,0.848
0.358,0.858
0.314,0.848
0.358,0.858
0.314,0.848
0.358,0.858
0.314,0.848
0.358,0.858
0.314,0.848
0.358,0.858
0.314,0.848
0.358,0.858
0.313,0.848
0.358,0.858
0.313,0.848
0.358,0.858
0.313,0.848
0.358,0.858
0.313,0.848
0.358,0.858
0.313,0.848
0.358,0.858
0.313,0.848
0.358,0.858
0.313,0.848
0.358,0.858
0.313,0.848
0.358,0.858
0.313,0.848
0.357,0.858
0.313,0.848
0.357,0.858
0.313,0.848
0.357,0.858
0.313,0.848
0.357,0.858
0.313,0.848
0.357,0.858
0.313,0.848
0.357,0.858
0.313,0.848
0.357,0.858
0.313,0.848
0.357,0.858
0.313,0.848
0.357,0.858
0.313,0.848
0.357,0.858
0.313,0.848
0.357,0.858
0.313,0.848
0.357,0.858
0.313,0.848
0.357,0.858
0.313,0.848
0.357,0.858
0.313,0.848
0.357,0.858
0.313,0.848
0.357,0.858
0.313,0.848
0.357,0.858
0.313,0.848
0.357,0.858
0.313,0.848
0.357,0.858
0.313,0.848
0.357,0.858
0.313,0.848
0.357,0.858
0.313,0.848
0.357,0.858
0.313,0.848
0.357,0.858
0.313,0.848
0.357,0.858
0.313,0.848
0.357,0.858
0.313,0.848
0.357,0.858
0.313,0.848
0.357,0.858
0.313,0.848
0.357,0.858
0.313,0.848
0.357,0.858
0.313,0.848
0.357,0.858
0.313,0.848
0.357,0.858
0.313,0.848
0.357,0.858
0.313,0.848
0.357,0.858
0.313,0.848
0.357,0.858
0.313,0.848
0.357,0.858
0.313,0.848
0.357,0.858
0.313,0.848
0.357,0.858
0.313,0.848
0.357,0.858
0.313,0.848
0.357,0.858
0.313,0.848
0.357,0.858
0.313,0.848
0.357,0.858
0.313,0.848
0.356,0.858
0.313,0.848
0.356,0.858
0.313,0.848
0.356,0.858
0.313,0.848
0.356,0.858
0.313,0.848
0.356,0.858
0.313,0.848
0.356,0.858
0.313,0.848
0.356,0.858
0.313,0.848
0.356,0.858
0.313,0.848
0.356,0.858
0.313,0.848
0.356,0.858
0.313,0.848
0.356,0.858
0.313,0.848
0.356,0.858
0.313,0.848
0.356,0.858
0.313,0.848
0.356,0.858
0.313,0.848
0.356,0.858
0.313,0.848
0.356,0.858
0.313,0.848
0.356,0.858
0.313,0.848
0.356,0.858
0.313,0.848
0.356,0.858
0.313,0.848
0.356,0.858
0.313,0.848
0.356,0.858
0.313,0.848
0.356,0.858
0.313,0.848
0.356,0.858
0.313,0.848
0.356,0.858
0.313,0.848
0.356,0.858
0.313,0.848
0.356,0.858
0.313,0.848
0.356,0.858
0.313,0.848
0.356,0.858
0.313,0.848
0.356,0.858
0.313,0.848
0.356,0.858
0.313,0.848
0.356,0.858
0.313,0.848
0.356,0.858
0.313,0.848
0.356,0.858
0.313,0.848
0.356,0.858
0.313,0.848
0.356,0.858
0.313,0.848
0.356,0.858
0.313,0.848
0.356,0.858
0.313,0.848
0.356,0.858
0.313,0.848
0.356,0.858
0.312,0.848
0.356,0.858
0.312,0.848
0.356,0.858
0.312,0.848
0.356,0.858
0.312,0.848
0.355,0.858
0.312,0.848
0.355,0.858
0.312,0.848
0.355,0.858
0.312,0.848
0.355,0.858
0.312,0.848
0.355,0.858
0.312,0.848
0.355,0.858
0.312,0.848
0.355,0.858
0.312,0.848
0.355,0.858
0.312,0.848
0.355,0.858
0.312,0.848
0.355,0.858
0.312,0.848
0.355,0.858
0.312,0.848
0.355,0.858
0.312,0.848
0.355,0.858
0.312,0.848
0.355,0.858
0.312,0.848
0.355,0.858
0.312,0.848
0.355,0.858
0.312,0.848
0.355,0.858
0.312,0.848
0.355,0.858
0.312,0.848
0.355,0.858
0.312,0.848
0.355,0.858
0.312,0.848
0.355,0.858
0.312,0.848
0.355,0.858
0.312,0.848
0.355,0.858
0.312,0.848
0.355,0.858
0.312,0.848
0.355,0.858
0.312,0.848
0.355,0.858
0.312,0.848
0.355,0.858
0.312,0.848
0.355,0.858
0.312,0.848
0.355,0.858
0.312,0.848
0.355,0.858
0.312,0.848
0.355,0.858
0.312,0.848
0.355,0.858
0.312,0.848
0.355,0.858
0.312,0.848
0.355,0.858
0.312,0.848
0.355,0.858
0.312,0.848
0.355,0.858
0.312,0.848
0.355,0.858
0.312,0.848
0.355,0.858
0.312,0.848
0.355,0.858
0.312,0.848
0.355,0.858
0.312,0.848
0.355,0.858
0.312,0.848
0.355,0.858
0.312,0.848
0.354,0.858
0.312,0.848
0.354,0.858
0.312,0.848
0.354,0.858
0.312,0.848
0.354,0.858
0.312,0.848
0.354,0.858
0.312,0.848
0.354,0.858
0.312,0.848
0.354,0.858
0.312,0.848
0.354,0.858
0.312,0.848
0.354,0.858
0.312,0.848
0.354,0.858
0.312,0.848
0.354,0.858
0.312,0.848
0.354,0.858
0.312,0.848
0.354,0.858
0.312,0.848
0.354,0.858
0.312,0.848
0.354,0.858
0.312,0.848
0.354,0.858
0.312,0.848
0.354,0.858
0.312,0.848
0.354,0.858
0.312,0.848
0.354,0.858
0.312,0.848
0.354,0.858
0.312,0.848
0.354,0.858
0.312,0.848
0.354,0.858
0.312,0.848
0.354,0.858
0.312,0.848
0.354,0.858
0.312,0.848
0.354,0.858
0.312,0.848
0.354,0.858
0.312,0.848
0.354,0.858
0.312,0.848
0.354,0.858
0.312,0.848
0.354,0.858
0.312,0.848
0.354,0.858
0.312,0.848
0.354,0.858
0.312,0.848
0.354,0.858
0.312,0.848
0.354,0.858
0.312,0.848
0.354,0.858
0.312,0.848
0.354,0.858
0.312,0.848
0.354,0.858
0.312,0.848
0.354,0.858
0.312,0.848
0.354,0.858
0.312,0.848
0.354,0.858
0.312,0.848
0.354,0.858
0.312,0.848
0.354,0.858
0.312,0.848
0.354,0.858
0.312,0.848
0.354,0.858
0.312,0.848
0.353,0.858
0.312,0.848
0.353,0.858
0.312,0.848
0.353,0.858
0.311,0.848
0.353,0.858
0.311,0.848
0.353,0.858
0.311,0.848
0.353,0.858
0.311,0.848
0.353,0.858
0.311,0.848
0.353,0.858
0.311,0.848
0.353,0.858
0.311,0.848
0.353,0.858
0.311,0.848
0.353,0.858
0.311,0.848
0.353,0.858
0.311,0.848
0.353,0.858
0.311,0.848
0.353,0.858
0.311,0.848
0.353,0.858
0.311,0.848
0.353,0.858
0.311,0.848
0.353,0.858
0.311,0.848
0.353,0.858
0.311,0.848
0.353,0.858
0.311,0.848
0.353,0.858
0.311,0.848
0.353,0.858
0.311,0.848
0.353,0.858
0.311,0.848
0.353,0.858
0.311,0.848
0.353,0.858
0.311,0.848
0.353,0.858
0.311,0.848
0.353,0.858
0.311,0.848
0.353,0.858
0.311,0.848
0.353,0.858
0.311,0.848
0.353,0.858
0.311,0.848
0.353,0.858
0.311,0.848
0.353,0.858
0.311,0.848
0.353,0.858
0.311,0.848
0.353,0.858
0.311,0.848
0.353,0.858
0.311,0.848
0.353,0.858
0.311,0.848
0.353,0.858
0.311,0.848
0.353,0.858
0.311,0.848
0.353,0.858
0.311,0.848
0.353,0.858
0.311,0.848
0.353,0.858
0.311,0.848
0.353,0.858
0.311,0.848
0.353,0.858
0.311,0.848
0.353,0.858
0.311,0.848
0.352,0.858
0.311,0.848
0.352,0.858
0.311,0.848
0.352,0.858
0.311,0.848
0.352,0.858
0.311,0.848
0.352,0.858
0.311,0.848
0.352,0.858
0.311,0.848
0.352,0.858
0.311,0.848
0.352,0.858
0.311,0.848
0.352,0.858
0.311,0.848
0.352,0.858
0.311,0.848
0.352,0.858
0.311,0.848
0.352,0.858
0.311,0.848
0.352,0.858
0.311,0.848
0.352,0.858
0.311,0.848
0.352,0.858
0.311,0.848
0.352,0.858
0.311,0.848
0.352,0.858
0.311,0.848
0.352,0.858
0.311,0.848
0.352,0.858
0.311,0.848
0.352,0.858
0.311,0.848
0.352,0.858
0.311,0.848
0.352,0.858
0.311,0.848
0.352,0.858
0.311,0.848
0.352,0.858
0.311,0.848
0.352,0.858
0.311,0.848
0.352,0.858
0.311,0.848
0.352,0.858
0.311,0.848
0.352,0.858
0.311,0.848
0.352,0.858
0.311,0.848
0.352,0.858
0.311,0.848
0.352,0.858
0.311,0.848
0.352,0.858
0.311,0.848
0.352,0.858
0.311,0.848
0.352,0.858
0.311,0.848
0.352,0.858
0.311,0.848
0.352,0.858
0.311,0.848
0.352,0.858
0.311,0.848
0.352,0.858
0.311,0.848
0.352,0.858
0.311,0.848
0.352,0.858
0.311,0.848
0.352,0.858
0.311,0.848
0.352,0.858
0.311,0.848
0.352,0.858
0.311,0.848
0.352,0.858
0.311,0.848
0.351,0.858
0.311,0.848
0.351,0.858
0.311,0.848
0.351,0.858
0.311,0.848
0.351,0.858
0.311,0.848
0.351,0.858
0.311,0.848
0.351,0.858
0.311,0.848
0.351,0.858
0.311,0.848
0.351,0.858
0.310,0.848
0.351,0.858
0.310,0.848
0.351,0.858
0.310,0.848
0.351,0.858
0.310,0.848
0.351,0.858
0.310,0.848
0.351,0.858
0.310,0.848
0.351,0.858
0.310,0.848
0.351,0.858
0.310,0.848
0.351,0.858
0.310,0.848
0.351,0.858
0.310,0.848
0.351,0.858
0.310,0.848
0.351,0.858
0.310,0.848
0.351,0.858
0.310,0.848
0.351,0.858
0.310,0.848
0.351,0.858
0.310,0.848
0.351,0.858
0.310,0.848
0.351,0.858
0.310,0.848
0.351,0.858
0.310,0.848
0.351,0.858
0.310,0.848
0.351,0.858
0.310,0.848
0.351,0.858
0.310,0.848
0.351,0.858
0.310,0.848
0.351,0.858
0.310,0.848
0.351,0.858
0.310,0.848
0.351,0.858
0.310,0.848
0.351,0.858
0.310,0.848
0.351,0.858
0.310,0.848
0.351,0.858
0.310,0.848
0.351,0.858
0.310,0.848
0.351,0.858
0.310,0.848
0.351,0.858
0.310,0.848
0.351,0.858
0.310,0.848
0.351,0.858
0.310,0.848
0.351,0.858
0.310,0.848
0.351,0.858
0.310,0.848
0.351,0.858
0.310,0.848
0.351,0.858
0.310,0.848
0.350,0.858
0.310,0.848
0.350,0.858
0.310,0.848
0.350,0.858
0.310,0.848
0.350,0.858
0.310,0.848
0.350,0.858
0.310,0.848
0.350,0.858
0.310,0.848
0.350,0.858
0.310,0.848
0.350,0.858
0.310,0.848
0.350,0.858
0.310,0.848
0.350,0.858
0.310,0.848
0.350,0.858
0.310,0.848
0.350,0.858
0.310,0.848
0.350,0.858
0.310,0.848
0.350,0.858
0.310,0.848
0.350,0.858
0.310,0.848
0.350,0.858
0.310,0.848
0.350,0.858
0.310,0.848
0.350,0.858
0.310,0.848
0.350,0.858
0.310,0.848
0.350,0.858
0.310,0.848
0.350,0.858
0.310,0.848
0.350,0.858
0.310,0.848
0.350,0.858
0.310,0.848
0.350,0.858
0.310,0.848
0.350,0.858
0.310,0.848
0.350,0.858
0.310,0.848
0.350,0.858
0.310,0.848
0.350,0.858
0.310,0.848
0.350,0.858
0.310,0.848
0.350,0.858
0.310,0.848
0.350,0.858
0.310,0.848
0.350,0.858
0.310,0.848
0.350,0.858
0.310,0.848
0.350,0.858
0.310,0.848
0.350,0.858
0.310,0.848
0.350,0.858
0.310,0.848
0.350,0.858
0.310,0.848
0.350,0.858
0.310,0.848
0.350,0.858
0.310,0.848
0.350,0.858
0.310,0.848
0.350,0.858
0.310,0.848
0.350,0.858
0.310,0.848
0.350,0.858
0.310,0.848
0.350,0.858
0.310,0.848
0.350,0.858
0.310,0.848
0.349,0.858
0.310,0.848
0.349,0.858
0.310,0.848
0.349,0.858
0.310,0.848
0.349,0.858
0.310,0.848
0.349,0.858
0.310,0.848
0.349,0.858
0.310,0.848
0.349,0.858
0.310,0.848
0.349,0.858
0.310,0.848
0.349,0.858
0.310,0.848
0.349,0.858
0.310,0.848
0.349,0.858
0.310,0.848
0.349,0.858
0.310,0.848
0.349,0.858
0.310,0.848
0.349,0.858
0.309,0.848
0.349,0.858
0.309,0.848
0.349,0.858
0.309,0.848
0.349,0.858
0.309,0.848
0.349,0.858
0.309,0.848
0.349,0.858
0.309,0.848
0.349,0.858
0.309,0.848
0.349,0.858
0.309,0.848
0.349,0.858
0.309,0.848
0.349,0.858
0.309,0.848
0.349,0.858
0.309,0.848
0.349,0.858
0.309,0.848
0.349,0.858
0.309,0.848
0.349,0.858
0.309,0.848
0.349,0.858
0.309,0.848
0.349,0.858
0.309,0.848
0.349,0.858
0.309,0.848
0.349,0.858
0.309,0.848
0.349,0.858
0.309,0.848
0.349,0.858
0.309,0.848
0.349,0.858
0.309,0.848
0.349,0.858
0.309,0.848
0.349,0.858
0.309,0.848
0.349,0.858
0.309,0.848
0.349,0.858
0.309,0.848
0.349,0.858
0.309,0.848
0.349,0.858
0.309,0.848
0.349,0.858
0.309,0.848
0.349,0.858
0.309,0.848
0.349,0.858
0.309,0.848
0.349,0.858
0.309,0.848
0.349,0.858
0.309,0.848
0.348,0.858
0.309,0.848
0.348,0.858
0.309,0.848
0.348,0.858
0.309,0.848
0.348,0.858
0.309,0.848
0.348,0.858
0.309,0.848
0.348,0.858
0.309,0.848
0.348,0.858
0.309,0.848
0.348,0.858
0.309,0.848
0.348,0.858
0.309,0.848
0.348,0.858
0.309,0.848
0.348,0.858
0.309,0.848
0.348,0.858
0.309,0.848
0.348,0.858
0.309,0.848
0.348,0.858
0.309,0.848
0.348,0.858
0.309,0.848
0.348,0.858
0.309,0.848
0.348,0.858
0.309,0.848
0.348,0.858
0.309,0.848
0.348,0.858
0.309,0.848
0.348,0.858
0.309,0.848
0.348,0.858
0.309,0.848
0.348,0.858
0.309,0.848
0.348,0.858
0.309,0.848
0.348,0.858
0.309,0.848
0.348,0.858
0.309,0.848
0.348,0.858
0.309,0.848
0.348,0.858
0.309,0.848
0.348,0.858
0.309,0.848
0.348,0.858
0.309,0.848
0.348,0.858
0.309,0.848
0.348,0.858
0.309,0.848
0.348,0.858
0.309,0.848
0.348,0.858
0.309,0.848
0.348,0.858
0.309,0.848
0.348,0.858
0.309,0.848
0.348,0.858
0.309,0.848
0.348,0.858
0.309,0.848
0.348,0.858
0.309,0.848
0.348,0.858
0.309,0.848
0.348,0.858
0.309,0.848
0.348,0.858
0.309,0.848
0.348,0.858
0.309,0.848
0.348,0.858
0.309,0.848
0.348,0.858
0.309,0.848
0.348,0.858
0.309,0.848
0.348,0.858
0.309,0.848
0.347,0.858
0.309,0.848
0.347,0.858
0.309,0.848
0.347,0.858
0.309,0.848
0.347,0.858
0.309,0.848
0.347,0.858
0.309,0.848
0.347,0.858
0.309,0.848
0.347,0.858
0.309,0.848
0.347,0.858
0.309,0.848
0.347,0.858
0.309,0.848
0.347,0.858
0.309,0.848
0.347,0.858
0.309,0.848
0.347,0.858
0.309,0.848
0.347,0.858
0.309,0.848
0.347,0.858
0.309,0.848
0.347,0.858
0.309,0.848
0.347,0.858
0.309,0.848
0.347,0.858
0.309,0.848
0.347,0.858
0.309,0.848
0.347,0.858
0.308,0.848
0.347,0.858
0.308,0.848
0.347,0.858
0.308,0.848
0.347,0.858
0.308,0.848
0.347,0.858
0.308,0.848
0.347,0.858
0.308,0.848
0.347,0.858
0.308,0.848
0.347,0.858
0.308,0.848
0.347,0.858
0.308,0.848
0.347,0.858
0.308,0.848
0.347,0.858
0.308,0.848
0.347,0.858
0.308,0.848
0.347,0.858
0.308,0.848
0.347,0.858
0.308,0.848
0.347,0.858
0.308,0.848
0.347,0.858
0.308,0.848
0.347,0.858
0.308,0.848
0.347,0.858
0.308,0.848
0.347,0.858
0.308,0.848
0.347,0.858
0.308,0.848
0.347,0.858
0.308,0.848
0.347,0.858
0.308,0.848
0.347,0.858
0.308,0.848
0.347,0.858
0.308,0.848
0.347,0.858
0.308,0.848
0.347,0.858
0.308,0.848
0.347,0.858
0.308,0.848
0.347,0.858
0.308,0.848
0.346,0.858
0.308,0.848
0.346,0.858
0.308,0.848
0.346,0.858
0.308,0.848
0.346,0.858
0.308,0.848
0.346,0.858
0.308,0.848
0.346,0.858
0.308,0.848
0.346,0.858
0.308,0.848
0.346,0.858
0.308,0.848
0.346,0.858
0.308,0.848
0.346,0.858
0.308,0.848
0.346,0.858
0.308,0.848
0.346,0.858
0.308,0.848
0.346,0.858
0.308,0.848
0.346,0.858
0.308,0.848
0.346,0.858
0.308,0.848
0.346,0.858
0.308,0.848
0.346,0.858
0.308,0.848
0.346,0.858
0.308,0.848
0.346,0.858
0.308,0.848
0.346,0.858
0.308,0.848
0.346,0.858
0.308,0.848
0.346,0.858
0.308,0.848
0.346,0.858
0.308,0.848
0.346,0.858
0.308,0.848
0.346,0.858
0.308,0.848
0.346,0.858
0.308,0.848
0.346,0.858
0.308,0.848
0.346,0.858
0.308,0.848
0.346,0.858
0.308,0.848
0.346,0.858
0.308,0.848
0.346,0.858
0.308,0.848
0.346,0.858
0.308,0.848
0.346,0.858
0.308,0.848
0.346,0.858
0.308,0.848
0.346,0.858
0.308,0.848
0.346,0.858
0.308,0.848
0.346,0.858
0.308,0.848
0.346,0.858
0.308,0.848
0.346,0.858
0.308,0.848
0.346,0.858
0.308,0.848
0.346,0.858
0.308,0.848
0.346,0.858
0.308,0.848
0.346,0.858
0.308,0.848
0.346,0.858
0.308,0.848
0.346,0.858
0.308,0.848
0.346,0.858
0.308,0.848
0.346,0.858
0.308,0.848
0.345,0.858
0.308,0.848
0.345,0.858
0.308,0.848
0.345,0.858
0.308,0.848
0.345,0.858
0.308,0.848
0.345,0.858
0.308,0.848
0.345,0.858
0.308,0.848
0.345,0.858
0.308,0.848
0.345,0.858
0.308,0.848
0.345,0.858
0.308,0.848
0.345,0.858
0.308,0.848
0.345,0.858
0.308,0.848
0.345,0.858
0.308,0.848
0.345,0.858
0.308,0.848
0.345,0.858
0.308,0.848
0.345,0.858
0.308,0.848
0.345,0.858
0.308,0.848
0.345,0.858
0.308,0.848
0.345,0.858
0.308,0.848
0.345,0.858
0.308,0.848
0.345,0.858
0.308,0.848
0.345,0.858
0.308,0.848
0.345,0.858
0.308,0.848
0.345,0.858
0.308,0.848
0.345,0.858
0.308,0.848
0.345,0.858
0.307,0.848
0.345,0.858
0.307,0.848
0.345,0.858
0.307,0.848
0.345,0.858
0.307,0.848
0.345,0.858
0.307,0.848
0.345,0.858
0.307,0.848
0.345,0.858
0.307,0.848
0.345,0.858
0.307,0.848
0.345,0.858
0.307,0.848
0.345,0.858
0.307,0.848
0.345,0.858
0.307,0.848
0.345,0.858
0.307,0.848
0.345,0.858
0.307,0.848
0.345,0.858
0.307,0.848
0.345,0.858
0.307,0.848
0.345,0.858
0.307,0.848
0.345,0.858
0.307,0.848
0.345,0.858
0.307,0.848
0.345,0.858
0.307,0.848
0.345,0.858
0.307,0.848
0.345,0.858
0.307,0.848
0.345,0.858
0.307,0.848
0.345,0.858
0.307,0.848
0.344,0.858
0.307,0.848
0.344,0.858
0.307,0.848
0.344,0.858
0.307,0.848
0.344,0.858
0.307,0.848
0.344,0.858
0.307,0.848
0.344,0.858
0.307,0.848
0.344,0.858
0.307,0.848
0.344,0.858
0.307,0.848
0.344,0.858
0.307,0.848
0.344,0.858
0.307,0.848
0.344,0.858
0.307,0.848
0.344,0.858
0.307,0.848
0.344,0.858
0.307,0.848
0.344,0.858
0.307,0.848
0.344,0.858
0.307,0.848
0.344,0.858
0.307,0.848
0.344,0.858
0.307,0.848
0.344,0.858
0.307,0.848
0.344,0.858
0.307,0.848
0.344,0.858
0.307,0.848
0.344,0.858
0.307,0.848
0.344,0.858
0.307,0.848
0.344,0.858
0.307,0.848
0.344,0.858
0.307,0.848
0.344,0.858
0.307,0.848
0.344,0.858
0.307,0.848
0.344,0.858
0.307,0.848
0.344,0.858
0.307,0.848
0.344,0.858
0.307,0.848
0.344,0.858
0.307,0.848
0.344,0.858
0.307,0.848
0.344,0.858
0.307,0.848
0.344,0.858
0.307,0.848
0.344,0.858
0.307,0.848
0.344,0.858
0.307,0.848
0.344,0.858
0.307,0.848
0.344,0.858
0.307,0.848
0.344,0.858
0.307,0.848
0.344,0.858
0.307,0.848
0.344,0.858
0.307,0.848
0.344,0.858
0.307,0.848
0.344,0.858
0.307,0.848
0.344,0.858
0.307,0.848
0.344,0.858
0.307,0.848
0.344,0.858
0.307,0.848
0.344,0.858
0.307,0.848
0.344,0.858
0.307,0.848
0.344,0.858
0.307,0.848
0.343,0.858
0.307,0.848
0.343,0.858
0.307,0.848
0.343,0.858
0.307,0.848
0.343,0.858
0.307,0.848
0.343,0.858
0.307,0.848
0.343,0.858
0.307,0.848
0.343,0.858
0.307,0.848
0.343,0.858
0.307,0.848
0.343,0.858
0.307,0.848
0.343,0.858
0.307,0.848
0.343,0.858
0.307,0.848
0.343,0.858
0.307,0.848
0.343,0.858
0.307,0.848
0.343,0.858
0.307,0.848
0.343,0.858
0.307,0.848
0.343,0.858
0.307,0.848
0.343,0.858
0.307,0.848
0.343,0.858
0.307,0.848
0.343,0.858
0.307,0.848
0.343,0.858
0.307,0.848
0.343,0.858
0.307,0.848
0.343,0.858
0.307,0.848
0.343,0.858
0.307,0.848
0.343,0.858
0.307,0.848
0.343,0.858
0.307,0.848
0.343,0.858
0.307,0.848
0.343,0.858
0.307,0.848
0.343,0.858
0.307,0.848
0.343,0.858
0.307,0.848
0.343,0.858
0.307,0.848
0.343,0.858
0.306,0.848
0.343,0.858
0.306,0.848
0.343,0.858
0.306,0.848
0.343,0.858
0.306,0.848
0.343,0.858
0.306,0.848
0.343,0.858
0.306,0.848
0.343,0.858
0.306,0.848
0.343,0.858
0.306,0.848
0.343,0.858
0.306,0.848
0.343,0.858
0.306,0.848
0.343,0.858
0.306,0.848
0.343,0.858
0.306,0.848
0.343,0.858
0.306,0.848
0.343,0.858
0.306,0.848
0.343,0.858
0.306,0.848
0.343,0.858
0.306,0.848
0.343,0.858
0.306,0.848
0.343,0.858
0.306,0.848
0.343,0.858
0.306,0.848
0.342,0.858
0.306,0.848
0.342,0.858
0.306,0.848
0.342,0.858
0.306,0.848
0.342,0.858
0.306,0.848
0.342,0.858
0.306,0.848
0.342,0.858
0.306,0.848
0.342,0.858
0.306,0.848
0.342,0.858
0.306,0.848
0.342,0.858
0.306,0.848
0.342,0.858
0.306,0.848
0.342,0.858
0.306,0.848
0.342,0.858
0.306,0.848
0.342,0.858
0.306,0.848
0.342,0.858
0.306,0.848
0.342,0.858
0.306,0.848
0.342,0.858
0.306,0.848
0.342,0.858
0.306,0.848
0.342,0.858
0.306,0.848
0.342,0.858
0.306,0.848
0.342,0.858
0.306,0.848
0.342,0.858
0.306,0.848
0.342,0.858
0.306,0.848
0.342,0.858
0.306,0.848
0.342,0.858
0.306,0.848
0.342,0.858
0.306,0.848
0.342,0.858
0.306,0.848
0.342,0.858
0.306,0.848
0.342,0.858
0.306,0.848
0.342,0.858
0.306,0.848
0.342,0.858
0.306,0.848
0.342,0.858
0.306,0.848
0.342,0.858
0.306,0.848
0.342,0.858
0.306,0.848
0.342,0.858
0.306,0.848
0.342,0.858
0.306,0.848
0.342,0.858
0.306,0.848
0.342,0.858
0.306,0.848
0.342,0.858
0.306,0.848
0.342,0.858
0.306,0.848
0.342,0.858
0.306,0.848
0.342,0.858
0.306,0.848
0.342,0.858
0.306,0.848
0.342,0.858
0.306,0.848
0.342,0.858
0.306,0.848
0.342,0.858
0.306,0.848
0.342,0.858
0.306,0.848
0.342,0.858
0.306,0.848
0.342,0.858
0.306,0.848
0.342,0.858
0.306,0.848
0.341,0.858
0.306,0.848
0.341,0.858
0.306,0.848
0.341,0.858
0.306,0.848
0.341,0.858
0.306,0.848
0.341,0.858
0.306,0.848
0.341,0.858
0.306,0.848
0.341,0.858
0.306,0.848
0.341,0.858
0.306,0.848
0.341,0.858
0.306,0.848
0.341,0.858
0.306,0.848
0.341,0.858
0.306,0.848
0.341,0.858
0.306,0.848
0.341,0.858
0.306,0.848
0.341,0.858
0.306,0.848
0.341,0.858
0.306,0.848
0.341,0.858
0.306,0.848
0.341,0.858
0.306,0.848
0.341,0.858
0.306,0.848
0.341,0.858
0.306,0.848
0.341,0.858
0.306,0.848
0.341,0.858
0.306,0.848
0.341,0.858
0.306,0.848
0.341,0.858
0.306,0.848
0.341,0.858
0.306,0.848
0.341,0.858
0.306,0.848
0.341,0.858
0.306,0.848
0.341,0.858
0.306,0.848
0.341,0.858
0.306,0.848
0.341,0.858
0.306,0.848
0.341,0.858
0.306,0.848
0.341,0.858
0.306,0.848
0.341,0.858
0.306,0.848
0.341,0.858
0.306,0.848
0.341,0.858
0.306,0.848
0.341,0.858
0.306,0.848
0.341,0.858
0.306,0.848
0.341,0.858
0.305,0.850
0.341,0.858
0.305,0.850
0.341,0.858
0.305,0.850
0.341,0.858
0.305,0.850
0.341,0.858
0.305,0.850
0.341,0.858
0.305,0.850
0.341,0.858
0.305,0.850
0.341,0.858
0.305,0.850
0.341,0.858
0.305,0.850
0.341,0.858
0.305,0.850
0.341,0.858
0.305,0.850
0.341,0.858
0.305,0.850
0.341,0.858
0.305,0.850
0.340,0.858
0.305,0.850
0.340,0.858
0.305,0.850
0.340,0.858
0.305,0.850
0.340,0.858
0.305,0.850
0.340,0.858
0.305,0.850
0.340,0.858
0.305,0.850
0.340,0.858
0.305,0.850
0.340,0.858
0.305,0.850
0.340,0.858
0.305,0.850
0.340,0.858
0.305,0.850
0.340,0.858
0.305,0.850
0.340,0.858
0.305,0.850
0.340,0.858
0.305,0.850
0.340,0.858
0.305,0.850
0.340,0.858
0.305,0.850
0.340,0.858
0.305,0.850
0.340,0.858
0.305,0.850
0.340,0.858
0.305,0.850
0.340,0.858
0.305,0.850
0.340,0.858
0.305,0.850
0.340,0.858
0.305,0.850
0.340,0.858
0.305,0.850
0.340,0.858
0.305,0.850
0.340,0.858
0.305,0.850
0.340,0.858
0.305,0.850
0.340,0.858
0.305,0.850
0.340,0.858
0.305,0.850
0.340,0.858
0.305,0.850
0.340,0.858
0.305,0.850
0.340,0.858
0.305,0.850
0.340,0.858
0.305,0.850
0.340,0.858
0.305,0.850
0.340,0.858
0.305,0.850
0.340,0.858
0.305,0.850
0.340,0.858
0.305,0.850
0.340,0.858
0.305,0.850
0.340,0.858
0.305,0.850
0.340,0.858
0.305,0.850
0.340,0.858
0.305,0.850
0.340,0.858
0.305,0.850
0.340,0.858
0.305,0.850
0.340,0.858
0.305,0.850
0.340,0.858
0.305,0.850
0.340,0.858
0.305,0.850
0.340,0.858
0.305,0.850
0.340,0.858
0.305,0.850
0.340,0.858
0.305,0.850
0.340,0.858
0.305,0.850
0.340,0.858
0.305,0.850
0.340,0.858
0.305,0.850
0.340,0.858
0.305,0.850
0.339,0.858
0.305,0.850
0.339,0.858
0.305,0.850
0.339,0.858
0.305,0.850
0.339,0.858
0.305,0.850
0.339,0.858
0.305,0.850
0.339,0.858
0.305,0.850
0.339,0.858
0.305,0.850
0.339,0.858
0.305,0.850
0.339,0.858
0.305,0.850
0.339,0.858
0.305,0.850
0.339,0.858
0.305,0.850
0.339,0.858
0.305,0.850
0.339,0.858
0.305,0.850
0.339,0.858
0.305,0.850
0.339,0.858
0.305,0.850
0.339,0.858
0.305,0.850
0.339,0.858
0.305,0.850
0.339,0.858
0.305,0.850
0.339,0.858
0.305,0.848
0.339,0.858
0.305,0.848
0.339,0.858
0.305,0.848
0.339,0.858
0.305,0.848
0.339,0.858
0.305,0.848
0.339,0.858
0.305,0.848
0.339,0.858
0.305,0.848
0.339,0.858
0.305,0.848
0.339,0.858
0.305,0.848
0.339,0.858
0.305,0.848
0.339,0.858
0.305,0.848
0.339,0.858
0.305,0.848
0.339,0.858
0.305,0.848
0.339,0.858
0.305,0.848
0.339,0.858
0.305,0.848
0.339,0.858
0.305,0.848
0.339,0.858
0.305,0.848
0.339,0.858
0.305,0.848
0.339,0.858
0.305,0.848
0.339,0.858
0.305,0.848
0.339,0.858
0.305,0.848
0.339,0.858
0.305,0.848
0.339,0.858
0.305,0.848
0.339,0.858
0.305,0.848
0.339,0.858
0.304,0.848
0.339,0.858
0.304,0.848
0.339,0.858
0.304,0.848
0.339,0.858
0.304,0.848
0.339,0.858
0.304,0.848
0.339,0.858
0.304,0.848
0.339,0.858
0.304,0.848
0.339,0.858
0.304,0.848
0.339,0.858
0.304,0.848
0.338,0.858
0.304,0.848
0.338,0.858
0.304,0.848
0.338,0.858
0.304,0.848
0.338,0.858
0.304,0.848
0.338,0.858
0.304,0.848
0.338,0.858
0.304,0.848
0.338,0.858
0.304,0.848
0.338,0.858
0.304,0.848
0.338,0.858
0.304,0.848
0.338,0.858
0.304,0.848
0.338,0.858
0.304,0.848
0.338,0.858
0.304,0.848
0.338,0.858
0.304,0.848
0.338,0.858
0.304,0.848
0.338,0.858
0.304,0.848
0.338,0.858
0.304,0.848
0.338,0.858
0.304,0.848
0.338,0.858
0.304,0.848
0.338,0.858
0.304,0.848
0.338,0.858
0.304,0.848
0.338,0.858
0.304,0.848
0.338,0.858
0.304,0.848
0.338,0.858
0.304,0.848
0.338,0.858
0.304,0.848
0.338,0.858
0.304,0.848
0.338,0.858
0.304,0.848
0.338,0.858
0.304,0.848
0.338,0.858
0.304,0.848
0.338,0.858
0.304,0.848
0.338,0.858
0.304,0.848
0.338,0.858
0.304,0.848
0.338,0.858
0.304,0.848
0.338,0.858
0.304,0.848
0.338,0.858
0.304,0.848
0.338,0.858
0.304,0.848
0.338,0.858
0.304,0.848
0.338,0.858
0.304,0.848
0.338,0.858
0.304,0.848
0.338,0.858
0.304,0.848
0.338,0.858
0.304,0.848
0.338,0.858
0.304,0.848
0.338,0.858
0.304,0.850
0.338,0.858
0.304,0.850
0.338,0.858
0.304,0.850
0.338,0.858
0.304,0.850
0.338,0.858
0.304,0.850
0.338,0.858
0.304,0.850
0.338,0.858
0.304,0.850
0.338,0.858
0.304,0.850
0.338,0.858
0.304,0.850
0.338,0.858
0.304,0.850
0.337,0.858
0.304,0.850
0.337,0.858
0.304,0.850
0.337,0.858
0.304,0.850
0.337,0.858
0.304,0.850
0.337,0.858
0.304,0.850
0.337,0.858
0.304,0.850
0.337,0.858
0.304,0.850
0.337,0.858
0.304,0.850
0.337,0.858
0.304,0.850
0.337,0.858
0.304,0.850
0.337,0.858
0.304,0.850
0.337,0.858
0.304,0.850
0.337,0.858
0.304,0.850
0.337,0.858
0.304,0.850
0.337,0.858
0.304,0.850
0.337,0.858
0.304,0.850
0.337,0.858
0.304,0.850
0.337,0.858
0.304,0.850
0.337,0.858
0.304,0.850
0.337,0.858
0.304,0.850
0.337,0.858
0.304,0.850
0.337,0.858
0.304,0.850
0.337,0.858
0.304,0.850
0.337,0.858
0.304,0.850
0.337,0.858
0.304,0.850
0.337,0.858
0.304,0.850
0.337,0.858
0.304,0.850
0.337,0.858
0.304,0.850
0.337,0.858
0.304,0.850
0.337,0.858
0.304,0.850
0.337,0.858
0.304,0.850
0.337,0.858
0.304,0.850
0.337,0.858
0.304,0.850
0.337,0.858
0.304,0.850
0.337,0.858
0.304,0.850
0.337,0.858
0.304,0.850
0.337,0.858
0.304,0.850
0.337,0.858
0.304,0.850
0.337,0.858
0.304,0.850
0.337,0.858
0.304,0.850
0.337,0.858
0.304,0.850
0.337,0.858
0.304,0.850
0.337,0.858
0.304,0.850
0.337,0.858
0.304,0.850
0.337,0.858
0.304,0.850
0.337,0.858
0.304,0.850
0.337,0.858
0.304,0.850
0.337,0.858
0.304,0.850
0.337,0.858
0.304,0.850
0.337,0.858
0.303,0.850
0.337,0.858
0.303,0.850
0.337,0.858
0.303,0.850
0.337,0.858
0.303,0.850
0.336,0.858
0.303,0.850
0.336,0.858
0.303,0.850
0.336,0.858
0.303,0.850
0.336,0.858
0.303,0.850
0.336,0.858
0.303,0.850
0.336,0.858
0.303,0.850
0.336,0.858
0.303,0.850
0.336,0.858
0.303,0.850
0.336,0.858
0.303,0.850
0.336,0.858
0.303,0.850
0.336,0.858
0.303,0.850
0.336,0.858
0.303,0.850
0.336,0.858
0.303,0.850
0.336,0.858
0.303,0.850
0.336,0.858
0.303,0.850
0.336,0.858
0.303,0.850
0.336,0.858
0.303,0.850
0.336,0.858
0.303,0.850
0.336,0.858
0.303,0.850
0.336,0.858
0.303,0.850
0.336,0.858
0.303,0.850
0.336,0.858
0.303,0.850
0.336,0.858
0.303,0.850
0.336,0.858
0.303,0.850
0.336,0.858
0.303,0.850
0.336,0.858
0.303,0.850
0.336,0.858
0.303,0.850
0.336,0.858
0.303,0.850
0.336,0.858
0.303,0.850
0.336,0.858
0.303,0.850
0.336,0.858
0.303,0.850
0.336,0.858
0.303,0.850
0.336,0.858
0.303,0.850
0.336,0.858
0.303,0.850
0.336,0.858
0.303,0.850
0.336,0.858
0.303,0.850
0.336,0.858
0.303,0.850
0.336,0.858
0.303,0.850
0.336,0.858
0.303,0.850
0.336,0.858
0.303,0.850
0.336,0.858
0.303,0.850
0.336,0.858
0.303,0.850
0.336,0.858
0.303,0.850
0.336,0.858
0.303,0.850
0.336,0.858
0.303,0.850
0.336,0.858
0.303,0.850
0.336,0.858
0.303,0.850
0.336,0.858
0.303,0.850
0.336,0.858
0.303,0.850
0.336,0.858
0.303,0.850
0.336,0.858
0.303,0.850
0.336,0.858
0.303,0.850
0.336,0.858
0.303,0.850
0.335,0.858
0.303,0.850
0.335,0.858
0.303,0.850
0.335,0.858
0.303,0.850
0.335,0.858
0.303,0.850
0.335,0.858
0.303,0.850
0.335,0.858
0.303,0.850
0.335,0.858
0.303,0.850
0.335,0.858
0.303,0.850
0.335,0.858
0.303,0.850
0.335,0.858
0.303,0.850
0.335,0.858
0.303,0.850
0.335,0.858
0.303,0.850
0.335,0.858
0.303,0.850
0.335,0.858
0.303,0.850
0.335,0.858
0.303,0.850
0.335,0.858
0.303,0.850
0.335,0.858
0.303,0.850
0.335,0.858
0.303,0.850
0.335,0.858
0.303,0.850
0.335,0.858
0.303,0.850
0.335,0.858
0.303,0.850
0.335,0.858
0.303,0.850
0.335,0.858
0.303,0.850
0.335,0.858
0.303,0.850
0.335,0.858
0.303,0.850
0.335,0.858
0.303,0.850
0.335,0.858
0.303,0.850
0.335,0.858
0.303,0.850
0.335,0.858
0.303,0.850
0.335,0.858
0.303,0.850
0.335,0.858
0.303,0.850
0.335,0.858
0.303,0.850
0.335,0.858
0.303,0.853
0.335,0.858
0.303,0.853
0.335,0.858
0.303,0.853
0.335,0.858
0.303,0.853
0.335,0.858
0.303,0.853
0.335,0.858
0.303,0.853
0.335,0.858
0.303,0.853
0.335,0.858
0.303,0.853
0.335,0.858
0.303,0.853
0.335,0.858
0.303,0.853
0.335,0.858
0.303,0.853
0.335,0.858
0.303,0.853
0.335,0.858
0.303,0.853
0.335,0.858
0.303,0.853
0.335,0.858
0.303,0.853
0.335,0.858
0.303,0.853
0.335,0.858
0.303,0.853
0.335,0.858
0.303,0.853
0.335,0.858
0.303,0.853
0.335,0.858
0.303,0.853
0.335,0.858
0.303,0.853
0.334,0.858
0.303,0.853
0.334,0.858
0.303,0.853
0.334,0.858
0.302,0.853
0.334,0.858
0.302,0.853
0.334,0.858
0.302,0.853
0.334,0.858
0.302,0.853
0.334,0.858
0.302,0.853
0.334,0.858
0.302,0.853
0.334,0.858
0.302,0.853
0.334,0.858
0.302,0.853
0.334,0.858
0.302,0.853
0.334,0.858
0.302,0.853
0.334,0.858
0.302,0.853
0.334,0.858
0.302,0.853
0.334,0.858
0.302,0.853
0.334,0.858
0.302,0.853
0.334,0.858
0.302,0.853
0.334,0.858
0.302,0.853
0.334,0.858
0.302,0.853
0.334,0.858
0.302,0.853
0.334,0.858
0.302,0.853
0.334,0.858
0.302,0.853
0.334,0.858
0.302,0.853
0.334,0.858
0.302,0.853
0.334,0.858
0.302,0.853
0.334,0.858
0.302,0.853
0.334,0.858
0.302,0.853
0.334,0.858
0.302,0.853
0.334,0.858
0.302,0.853
0.334,0.858
0.302,0.853
0.334,0.858
0.302,0.853
0.334,0.858
0.302,0.853
0.334,0.858
0.302,0.853
0.334,0.858
0.302,0.853
0.334,0.858
0.302,0.853
0.334,0.858
0.302,0.853
0.334,0.858
0.302,0.853
0.334,0.858
0.302,0.853
0.334,0.858
0.302,0.853
0.334,0.858
0.302,0.853
0.334,0.858
0.302,0.853
0.334,0.858
0.302,0.853
0.334,0.858
0.302,0.853
0.334,0.858
0.302,0.853
0.334,0.858
0.302,0.853
0.334,0.858
0.302,0.853
0.334,0.858
0.302,0.853
0.334,0.858
0.302,0.853
0.334,0.858
0.302,0.853
0.334,0.858
0.302,0.853
0.334,0.858
0.302,0.853
0.334,0.858
0.302,0.853
0.334,0.858
0.302,0.853
0.334,0.858
0.302,0.853
0.334,0.858
0.302,0.853
0.333,0.858
0.302,0.853
0.333,0.858
0.302,0.853
0.333,0.858
0.302,0.853
0.333,0.858
0.302,0.853
0.333,0.858
0.302,0.853
0.333,0.858
0.302,0.853
0.333,0.860
0.302,0.853
0.333,0.860
0.302,0.853
0.333,0.860
0.302,0.853
0.333,0.860
0.302,0.853
0.333,0.860
0.302,0.853
0.333,0.860
0.302,0.853
0.333,0.860
0.302,0.853
0.333,0.860
0.302,0.853
0.333,0.860
0.302,0.853
0.333,0.860
0.302,0.853
0.333,0.860
0.302,0.853
0.333,0.860
0.302,0.853
0.333,0.860
0.302,0.853
0.333,0.860
0.302,0.853
0.333,0.860
0.302,0.853
0.333,0.860
0.302,0.853
0.333,0.860
0.302,0.853
0.333,0.860
0.302,0.853
0.333,0.860
0.302,0.853
0.333,0.860
0.302,0.853
0.333,0.860
0.302,0.853
0.333,0.860
0.302,0.853
0.333,0.860
0.302,0.853
0.333,0.860
0.302,0.853
0.333,0.860
0.302,0.853
0.333,0.860
0.302,0.853
0.333,0.860
0.302,0.853
0.333,0.860
0.302,0.853
0.333,0.860
0.302,0.853
0.333,0.860
0.302,0.853
0.333,0.860
0.302,0.853
0.333,0.860
0.302,0.853
0.333,0.860
0.302,0.853
0.333,0.860
0.302,0.853
0.333,0.860
0.302,0.853
0.333,0.860
0.302,0.853
0.333,0.860
0.302,0.853
0.333,0.860
0.302,0.853
0.333,0.860
0.302,0.853
0.333,0.860
0.302,0.853
0.333,0.860
0.302,0.853
0.333,0.860
0.302,0.853
0.333,0.860
0.302,0.853
0.333,0.860
0.302,0.853
0.333,0.860
0.302,0.853
0.333,0.860
0.302,0.853
0.333,0.860
0.302,0.853
0.333,0.860
0.302,0.853
0.333,0.860
0.302,0.853
0.332,0.860
0.302,0.853
0.332,0.860
0.302,0.853
0.332,0.860
0.302,0.853
0.332,0.860
0.302,0.853
0.332,0.860
0.302,0.853
0.332,0.860
0.302,0.853
0.332,0.860
0.301,0.853
0.332,0.860
0.301,0.853
0.332,0.860
0.301,0.853
0.332,0.860
0.301,0.853
0.332,0.860
0.301,0.853
0.332,0.860
0.301,0.853
0.332,0.860
0.301,0.853
0.332,0.860
0.301,0.853
0.332,0.860
0.301,0.853
0.332,0.860
0.301,0.853
0.332,0.860
0.301,0.853
0.332,0.860
0.301,0.853
0.332,0.860
0.301,0.853
0.332,0.860
0.301,0.853
0.332,0.860
0.301,0.853
0.332,0.860
0.301,0.853
0.332,0.860
0.301,0.853
0.332,0.860
0.301,0.853
0.332,0.860
0.301,0.853
0.332,0.860
0.301,0.853
0.332,0.860
0.301,0.853
0.332,0.860
0.301,0.853
0.332,0.860
0.301,0.853
0.332,0.860
0.301,0.853
0.332,0.860
0.301,0.853
0.332,0.860
0.301,0.853
0.332,0.860
0.301,0.853
0.332,0.860
0.301,0.853
0.332,0.860
0.301,0.853
0.332,0.860
0.301,0.853
0.332,0.860
0.301,0.853
0.332,0.860
0.301,0.853
0.332,0.860
0.301,0.853
0.332,0.860
0.301,0.853
0.332,0.860
0.301,0.853
0.332,0.860
0.301,0.853
0.332,0.860
0.301,0.853
0.332,0.860
0.301,0.853
0.332,0.860
0.301,0.853
0.332,0.860
0.301,0.853
0.332,0.860
0.301,0.853
0.332,0.860
0.301,0.853
0.332,0.860
0.301,0.853
0.332,0.860
0.301,0.853
0.332,0.860
0.301,0.853
0.332,0.860
0.301,0.853
0.332,0.860
0.301,0.853
0.332,0.860
0.301,0.853
0.332,0.860
0.301,0.853
0.332,0.860
0.301,0.853
0.331,0.860
0.301,0.853
0.331,0.860
0.301,0.853
0.331,0.860
0.301,0.853
0.331,0.860
0.301,0.853
0.331,0.860
0.301,0.853
0.331,0.860
0.301,0.853
0.331,0.860
0.301,0.853
0.331,0.860
0.301,0.853
0.331,0.860
0.301,0.853
0.331,0.860
0.301,0.853
0.331,0.860
0.301,0.853
0.331,0.860
0.301,0.853
0.331,0.860
0.301,0.853
0.331,0.860
0.301,0.853
0.331,0.860
0.301,0.853
0.331,0.860
0.301,0.853
0.331,0.860
0.301,0.853
0.331,0.860
0.301,0.853
0.331,0.860
0.301,0.853
0.331,0.860
0.301,0.853
0.331,0.860
0.301,0.853
0.331,0.860
0.301,0.853
0.331,0.860
0.301,0.853
0.331,0.860
0.301,0.853
0.331,0.860
0.301,0.853
0.331,0.860
0.301,0.853
0.331,0.860
0.301,0.853
0.331,0.860
0.301,0.853
0.331,0.860
0.301,0.853
0.331,0.860
0.301,0.853
0.331,0.860
0.301,0.853
0.331,0.860
0.301,0.853
0.331,0.860
0.301,0.853
0.331,0.860
0.301,0.853
0.331,0.860
0.301,0.853
0.331,0.860
0.301,0.853
0.331,0.860
0.301,0.853
0.331,0.860
0.301,0.853
0.331,0.860
0.301,0.853
0.331,0.860
0.301,0.853
0.331,0.860
0.301,0.853
0.331,0.860
0.301,0.853
0.331,0.860
0.301,0.853
0.331,0.860
0.301,0.853
0.331,0.860
0.301,0.853
0.331,0.860
0.301,0.853
0.331,0.860
0.301,0.853
0.331,0.860
0.301,0.853
0.331,0.860
0.301,0.853
0.331,0.860
0.301,0.853
0.331,0.860
0.301,0.853
0.331,0.860
0.301,0.853
0.331,0.860
0.301,0.853
0.331,0.860
0.301,0.853
0.331,0.860
0.301,0.853
0.331,0.860
0.301,0.853
0.331,0.860
0.301,0.853
0.330,0.860
0.301,0.853
0.330,0.860
0.301,0.853
0.330,0.860
0.301,0.853
0.330,0.860
0.301,0.853
0.330,0.860
0.301,0.853
0.330,0.860
0.301,0.853
0.330,0.860
0.301,0.853
0.330,0.860
0.301,0.853
0.330,0.860
0.301,0.853
0.330,0.860
0.301,0.853
0.330,0.860
0.301,0.853
0.330,0.860
0.300,0.853
0.330,0.860
0.300,0.853
0.330,0.860
0.300,0.853
0.330,0.860
0.300,0.853
0.330,0.860
0.300,0.853
0.330,0.860
0.300,0.853
0.330,0.860
0.300,0.853
0.330,0.860
0.300,0.853
0.330,0.860
0.300,0.853
0.330,0.860
0.300,0.853
0.330,0.860
0.300,0.853
0.330,0.860
0.300,0.853
0.330,0.860
0.300,0.853
0.330,0.860
0.300,0.853
0.330,0.860
0.300,0.853
0.330,0.860
0.300,0.853
0.330,0.860
0.300,0.853
0.330,0.860
0.300,0.853
0.330,0.860
0.300,0.853
0.330,0.860
0.300,0.853
0.330,0.860
0.300,0.853
0.330,0.860
0.300,0.853
0.330,0.860
0.300,0.853
0.330,0.860
0.300,0.853
0.330,0.860
0.300,0.853
0.330,0.860
0.300,0.853
0.330,0.860
0.300,0.853
0.330,0.860
0.300,0.853
0.330,0.860
0.300,0.853
0.330,0.860
0.300,0.853
0.330,0.860
0.300,0.853
0.330,0.860
0.300,0.853
0.330,0.860
0.300,0.853
0.330,0.860
0.300,0.853
0.330,0.860
0.300,0.853
0.330,0.860
0.300,0.853
0.330,0.860
0.300,0.853
0.330,0.860
0.300,0.853
0.330,0.860
0.300,0.853
0.330,0.860
0.300,0.853
0.330,0.860
0.300,0.853
0.330,0.860
0.300,0.853
0.330,0.860
0.300,0.853
0.330,0.860
0.300,0.853
0.330,0.860
0.300,0.853
0.330,0.860
0.300,0.853
0.329,0.860
0.300,0.853
0.329,0.860
0.300,0.853
0.329,0.860
0.300,0.853
0.329,0.860
0.300,0.853
0.329,0.860
0.300,0.853
0.329,0.860
0.300,0.853
0.329,0.860
0.300,0.853
0.329,0.860
0.300,0.853
0.329,0.860
0.300,0.853
0.329,0.860
0.300,0.853
0.329,0.860
0.300,0.853
0.329,0.860
0.300,0.853
0.329,0.860
0.300,0.853
0.329,0.860
0.300,0.853
0.329,0.860
0.300,0.853
0.329,0.860
0.300,0.853
0.329,0.860
0.300,0.853
0.329,0.860
0.300,0.853
0.329,0.860
0.300,0.853
0.329,0.860
0.300,0.853
0.329,0.860
0.300,0.853
0.329,0.860
0.300,0.853
0.329,0.860
0.300,0.853
0.329,0.860
0.300,0.853
0.329,0.860
0.300,0.853
0.329,0.860
0.300,0.853
0.329,0.860
0.300,0.853
0.329,0.860
0.300,0.853
0.329,0.860
0.300,0.853
0.329,0.860
0.300,0.853
0.329,0.860
0.300,0.853
0.329,0.860
0.300,0.853
0.329,0.860
0.300,0.853
0.329,0.860
0.300,0.853
0.329,0.860
0.300,0.853
0.329,0.860
0.300,0.853
0.329,0.860
0.300,0.853
0.329,0.860
0.300,0.853
0.329,0.860
0.300,0.853
0.329,0.860
0.300,0.853
0.329,0.860
0.300,0.853
0.329,0.860
0.300,0.853
0.329,0.860
0.300,0.853
0.329,0.860
