loss,accuracy
0.693,0.278
0.693,0.280
0.693,0.282
0.693,0.295
0.693,0.315
0.693,0.335
0.693,0.395
0.693,0.500
0.693,0.637
0.693,0.760
0.693,0.828
0.693,0.875
0.693,0.870
0.693,0.855
0.693,0.840
0.693,0.835
0.693,0.830
0.693,0.830
0.693,0.828
0.693,0.828
0.693,0.825
0.693,0.825
0.693,0.820
0.693,0.818
0.693,0.818
0.693,0.812
0.693,0.812
0.693,0.810
0.693,0.807
0.693,0.807
0.693,0.807
0.693,0.807
0.693,0.805
0.693,0.805
0.693,0.800
0.693,0.797
0.693,0.797
0.693,0.797
0.693,0.797
0.693,0.797
0.693,0.797
0.693,0.797
0.693,0.795
0.693,0.795
0.693,0.795
0.693,0.795
0.693,0.795
0.693,0.795
0.693,0.795
0.693,0.792
0.693,0.792
0.693,0.792
0.693,0.792
0.693,0.792
0.693,0.792
0.693,0.792
0.692,0.792
0.692,0.790
0.692,0.790
0.692,0.787
0.692,0.787
0.692,0.787
0.692,0.787
0.692,0.787
0.692,0.787
0.692,0.787
0.692,0.787
0.692,0.787
0.692,0.787
0.692,0.787
0.692,0.785
0.692,0.785
0.692,0.785
0.692,0.785
0.692,0.785
0.692,0.785
0.692,0.785
0.692,0.785
0.692,0.785
0.692,0.785
0.692,0.785
0.692,0.785
0.692,0.785
0.692,0.785
0.691,0.785
0.691,0.785
0.691,0.785
0.691,0.785
0.691,0.785
0.691,0.785
0.691,0.785
0.691,0.785
0.691,0.785
0.691,0.785
0.691,0.785
0.691,0.785
0.691,0.785
0.691,0.785
0.691,0.785
0.691,0.785
0.690,0.785
0.690,0.785
0.690,0.785
0.690,0.785
0.690,0.785
0.690,0.785
0.690,0.785
0.690,0.785
0.690,0.785
0.690,0.785
0.689,0.785
0.689,0.785
0.689,0.785
0.689,0.785
0.689,0.785
0.689,0.785
0.689,0.785
0.689,0.785
0.688,0.785
0.688,0.785
0.688,0.785
0.688,0.785
0.688,0.785
0.688,0.785
0.687,0.785
0.687,0.785
0.687,0.785
0.687,0.785
0.687,0.785
0.686,0.785
0.686,0.785
0.686,0.785
0.686,0.785
0.686,0.785
0.685,0.785
0.685,0.785
0.685,0.785
0.685,0.785
0.684,0.785
0.684,0.785
0.684,0.785
0.683,0.785
0.683,0.785
0.683,0.785
0.683,0.785
0.682,0.785
0.682,0.785
0.682,0.785
0.681,0.785
0.681,0.785
0.680,0.785
0.680,0.785
0.680,0.785
0.679,0.785
0.679,0.785
0.678,0.785
0.678,0.785
0.677,0.782
0.677,0.782
0.676,0.782
0.676,0.782
0.675,0.782
0.675,0.782
0.674,0.782
0.674,0.782
0.673,0.782
0.673,0.782
0.672,0.782
0.671,0.782
0.671,0.782
0.670,0.782
0.669,0.782
0.669,0.782
0.668,0.782
0.667,0.782
0.666,0.782
0.666,0.782
0.665,0.782
0.664,0.782
0.663,0.782
0.662,0.782
0.661,0.782
0.661,0.782
0.660,0.782
0.659,0.782
0.658,0.782
0.657,0.782
0.656,0.782
0.655,0.782
0.653,0.782
0.652,0.782
0.651,0.785
0.650,0.785
0.649,0.785
0.648,0.785
0.646,0.785
0.645,0.785
0.644,0.785
0.642,0.785
0.641,0.785
0.640,0.782
0.638,0.782
0.637,0.782
0.635,0.782
0.634,0.782
0.632,0.782
0.631,0.782
0.629,0.782
0.627,0.782
0.626,0.782
0.624,0.782
0.622,0.780
0.621,0.780
0.619,0.780
0.617,0.780
0.615,0.780
0.613,0.780
0.611,0.780
0.609,0.780
0.607,0.782
0.605,0.782
0.603,0.782
0.601,0.782
0.599,0.782
0.597,0.782
0.595,0.782
0.593,0.782
0.591,0.785
0.588,0.785
0.586,0.782
0.584,0.782
0.582,0.785
0.579,0.785
0.577,0.785
0.575,0.785
0.572,0.785
0.570,0.785
0.567,0.785
0.565,0.787
0.563,0.790
0.560,0.790
0.558,0.790
0.555,0.790
0.553,0.790
0.550,0.790
0.548,0.790
0.545,0.790
0.542,0.790
0.540,0.790
0.537,0.790
0.535,0.790
0.532,0.790
0.530,0.790
0.527,0.790
0.525,0.790
0.522,0.790
0.519,0.790
0.517,0.790
0.514,0.790
0.512,0.790
0.509,0.790
0.507,0.790
0.504,0.790
0.502,0.795
0.499,0.795
0.497,0.795
0.494,0.795
0.492,0.795
0.489,0.795
0.487,0.795
0.485,0.795
0.482,0.795
0.480,0.795
0.478,0.795
0.475,0.795
0.473,0.797
0.471,0.797
0.468,0.797
0.466,0.797
0.464,0.797
0.462,0.800
0.460,0.800
0.457,0.802
0.455,0.805
0.453,0.805
0.451,0.802
0.449,0.802
0.447,0.802
0.445,0.802
0.443,0.802
0.441,0.802
0.439,0.802
0.437,0.802
0.435,0.802
0.433,0.802
0.432,0.802
0.430,0.802
0.428,0.800
0.426,0.800
0.424,0.800
0.423,0.800
0.421,0.802
0.419,0.802
0.418,0.802
0.416,0.802
0.414,0.802
0.413,0.802
0.411,0.802
0.410,0.802
0.408,0.802
0.407,0.802
0.405,0.802
0.404,0.802
0.403,0.802
0.401,0.802
0.400,0.802
0.398,0.802
0.397,0.802
0.396,0.802
0.394,0.802
0.393,0.802
0.392,0.802
0.391,0.802
0.389,0.802
0.388,0.802
0.387,0.802
0.386,0.802
0.385,0.802
0.384,0.802
0.382,0.802
0.381,0.802
0.380,0.802
0.379,0.800
0.378,0.800
0.377,0.800
0.376,0.800
0.375,0.800
0.374,0.802
0.373,0.802
0.372,0.802
0.371,0.802
0.370,0.802
0.369,0.802
0.368,0.802
0.368,0.802
0.367,0.805
0.366,0.805
0.365,0.805
0.364,0.805
0.363,0.805
0.362,0.805
0.362,0.805
0.361,0.805
0.360,0.805
0.359,0.805
0.358,0.805
0.358,0.805
0.357,0.805
0.356,0.807
0.355,0.807
0.355,0.807
0.354,0.807
0.353,0.807
0.353,0.807
0.352,0.807
0.351,0.807
0.351,0.807
0.350,0.807
0.349,0.810
0.349,0.810
0.348,0.810
0.347,0.810
0.347,0.812
0.346,0.812
0.345,0.812
0.345,0.812
0.344,0.812
0.344,0.812
0.343,0.812
0.343,0.812
0.342,0.812
0.341,0.812
0.341,0.812
0.340,0.812
0.340,0.815
0.339,0.818
0.339,0.820
0.338,0.820
0.338,0.820
0.337,0.820
0.337,0.820
0.336,0.820
0.336,0.820
0.335,0.820
0.335,0.820
0.334,0.820
0.334,0.820
0.333,0.820
0.333,0.820
0.332,0.820
0.332,0.820
0.331,0.820
0.331,0.820
0.330,0.820
0.330,0.823
0.329,0.823
0.329,0.823
0.328,0.823
0.328,0.823
0.328,0.823
0.327,0.823
0.327,0.823
0.326,0.823
0.326,0.823
0.326,0.823
0.325,0.823
0.325,0.823
0.324,0.823
0.324,0.823
0.324,0.823
0.323,0.823
0.323,0.823
0.322,0.823
0.322,0.823
0.322,0.823
0.321,0.823
0.321,0.823
0.320,0.823
0.320,0.823
0.320,0.823
0.319,0.823
0.319,0.823
0.319,0.823
0.318,0.823
0.318,0.823
0.318,0.823
0.317,0.823
0.317,0.823
0.316,0.823
0.316,0.823
0.316,0.823
0.315,0.823
0.315,0.823
0.315,0.823
0.314,0.823
0.314,0.823
0.314,0.825
0.313,0.825
0.313,0.825
0.313,0.825
0.313,0.825
0.312,0.825
0.312,0.825
0.312,0.825
0.311,0.825
0.311,0.825
0.311,0.825
0.310,0.825
0.310,0.825
0.310,0.828
0.309,0.828
0.309,0.828
0.309,0.830
0.309,0.830
0.308,0.833
0.308,0.833
0.308,0.835
0.307,0.835
0.307,0.838
0.307,0.840
0.307,0.840
0.306,0.840
0.306,0.840
0.306,0.840
0.305,0.840
0.305,0.840
0.305,0.840
0.305,0.840
0.304,0.840
0.304,0.843
0.304,0.843
0.304,0.843
0.303,0.843
0.303,0.843
0.303,0.843
0.303,0.843
0.302,0.843
0.302,0.843
0.302,0.845
0.302,0.845
0.301,0.845
0.301,0.845
0.301,0.845
0.301,0.845
0.300,0.845
0.300,0.845
0.300,0.845
0.300,0.845
0.299,0.848
0.299,0.848
0.299,0.848
0.299,0.848
0.298,0.848
0.298,0.848
0.298,0.848
0.298,0.848
0.298,0.848
0.297,0.848
0.297,0.848
0.297,0.848
0.297,0.848
0.296,0.848
0.296,0.848
0.296,0.848
0.296,0.848
0.296,0.848
0.295,0.848
0.295,0.848
0.295,0.848
0.295,0.848
0.294,0.848
0.294,0.848
0.294,0.848
0.294,0.848
0.294,0.848
0.293,0.848
0.293,0.848
0.293,0.848
0.293,0.848
0.293,0.848
0.292,0.848
0.292,0.848
0.292,0.848
0.292,0.848
0.292,0.848
0.291,0.848
0.291,0.848
0.291,0.848
0.291,0.848
0.291,0.850
0.291,0.850
0.290,0.850
0.290,0.850
0.290,0.850
0.290,0.850
0.290,0.850
0.289,0.850
0.289,0.850
0.289,0.850
0.289,0.853
0.289,0.853
0.289,0.853
0.288,0.853
0.288,0.853
0.288,0.853
0.288,0.853
0.288,0.853
0.288,0.853
0.287,0.855
0.287,0.855
0.287,0.855
0.287,0.855
0.287,0.855
0.287,0.855
0.286,0.855
0.286,0.855
0.286,0.855
0.286,0.855
0.286,0.855
0.286,0.855
0.285,0.855
0.285,0.855
0.285,0.855
0.285,0.855
0.285,0.855
0.285,0.855
0.284,0.855
0.284,0.855
0.284,0.855
0.284,0.855
0.284,0.855
0.284,0.855
0.284,0.855
0.283,0.855
0.283,0.855
0.283,0.855
0.283,0.855
0.283,0.855
0.283,0.855
0.283,0.855
0.282,0.855
0.282,0.855
0.282,0.855
0.282,0.855
0.282,0.855
0.282,0.855
0.282,0.855
0.281,0.855
0.281,0.855
0.281,0.858
0.281,0.858
0.281,0.858
0.281,0.858
0.281,0.858
0.281,0.858
0.280,0.858
0.280,0.858
0.280,0.858
0.280,0.858
0.280,0.860
0.280,0.860
0.280,0.860
0.280,0.860
0.279,0.860
0.279,0.860
0.279,0.860
0.279,0.860
0.279,0.860
0.279,0.860
0.279,0.860
0.279,0.860
0.278,0.860
0.278,0.860
0.278,0.860
0.278,0.860
0.278,0.860
0.278,0.860
0.278,0.860
0.278,0.860
0.278,0.860
0.277,0.860
0.277,0.860
0.277,0.860
0.277,0.860
0.277,0.860
0.277,0.860
0.277,0.860
0.277,0.860
0.277,0.860
0.277,0.860
0.276,0.860
0.276,0.860
0.276,0.860
0.276,0.860
0.276,0.860
0.276,0.863
0.276,0.863
0.276,0.863
0.276,0.863
0.276,0.863
0.275,0.863
0.275,0.863
0.275,0.863
0.275,0.863
0.275,0.863
0.275,0.863
0.275,0.863
0.275,0.865
0.275,0.865
0.275,0.865
0.274,0.865
0.274,0.865
0.274,0.865
0.274,0.865
0.274,0.865
0.274,0.865
0.274,0.865
0.274,0.865
0.274,0.865
0.274,0.865
0.274,0.865
0.274,0.865
0.273,0.865
0.273,0.865
0.273,0.865
0.273,0.865
0.273,0.865
0.273,0.865
0.273,0.865
0.273,0.865
0.273,0.865
0.273,0.865
0.273,0.865
0.273,0.865
0.272,0.865
0.272,0.865
0.272,0.865
0.272,0.865
0.272,0.865
0.272,0.865
0.272,0.865
0.272,0.865
0.272,0.865
0.272,0.865
0.272,0.865
0.272,0.865
0.272,0.865
0.272,0.865
0.271,0.865
0.271,0.865
0.271,0.865
0.271,0.865
0.271,0.865
0.271,0.865
0.271,0.865
0.271,0.865
0.271,0.865
0.271,0.868
0.271,0.868
0.271,0.870
0.271,0.870
0.271,0.870
0.270,0.870
0.270,0.870
0.270,0.870
0.270,0.870
0.270,0.870
0.270,0.870
0.270,0.870
0.270,0.870
0.270,0.870
0.270,0.870
0.270,0.870
0.270,0.870
0.270,0.870
0.270,0.870
0.270,0.870
0.270,0.870
0.270,0.870
0.269,0.870
0.269,0.870
0.269,0.870
0.269,0.870
0.269,0.870
0.269,0.870
0.269,0.870
0.269,0.870
0.269,0.870
0.269,0.870
0.269,0.870
0.269,0.870
0.269,0.870
0.269,0.870
0.269,0.870
0.269,0.870
0.269,0.870
0.269,0.870
0.268,0.870
0.268,0.870
0.268,0.870
0.268,0.870
0.268,0.870
0.268,0.870
0.268,0.870
0.268,0.870
0.268,0.870
0.268,0.870
0.268,0.870
0.268,0.870
0.268,0.870
0.268,0.870
0.268,0.870
0.268,0.870
0.268,0.870
0.268,0.870
0.268,0.870
0.268,0.870
0.268,0.870
0.267,0.870
0.267,0.870
0.267,0.870
0.267,0.870
0.267,0.870
0.267,0.870
0.267,0.870
0.267,0.870
0.267,0.870
0.267,0.870
0.267,0.870
0.267,0.870
0.267,0.870
0.267,0.870
0.267,0.870
0.267,0.870
0.267,0.870
0.267,0.870
0.267,0.870
0.267,0.870
0.267,0.870
0.267,0.870
0.267,0.870
0.267,0.870
0.266,0.870
0.266,0.873
0.266,0.873
0.266,0.873
0.266,0.873
0.266,0.873
0.266,0.873
0.266,0.873
0.266,0.873
0.266,0.873
0.266,0.873
0.266,0.873
0.266,0.873
0.266,0.873
0.266,0.873
0.266,0.873
0.266,0.873
0.266,0.873
0.266,0.873
0.266,0.873
0.266,0.873
0.266,0.873
0.266,0.873
0.266,0.873
0.266,0.873
0.266,0.875
0.266,0.875
0.266,0.875
0.266,0.875
0.266,0.875
0.265,0.875
0.265,0.875
0.265,0.877
0.265,0.877
0.265,0.877
0.265,0.877
0.265,0.877
0.265,0.877
0.265,0.877
0.265,0.877
0.265,0.877
0.265,0.877
0.265,0.877
0.265,0.877
0.265,0.877
0.265,0.877
0.265,0.877
0.265,0.877
0.265,0.877
0.265,0.877
0.265,0.877
0.265,0.877
0.265,0.877
0.265,0.877
0.265,0.877
0.265,0.877
0.265,0.877
0.265,0.877
0.265,0.877
0.265,0.877
0.265,0.877
0.265,0.877
0.265,0.877
0.265,0.877
0.265,0.877
0.265,0.877
0.264,0.877
0.264,0.877
0.264,0.877
0.264,0.877
0.264,0.877
0.264,0.877
0.264,0.877
0.264,0.877
0.264,0.877
0.264,0.877
0.264,0.877
0.264,0.880
0.264,0.880
0.264,0.880
0.264,0.877
0.264,0.877
0.264,0.877
0.264,0.877
0.264,0.877
0.264,0.877
0.264,0.877
0.264,0.877
0.264,0.877
0.264,0.877
0.264,0.877
0.264,0.877
0.264,0.877
0.264,0.877
0.264,0.877
0.264,0.877
0.264,0.877
0.264,0.877
0.264,0.877
0.264,0.877
0.264,0.877
0.264,0.877
0.264,0.877
0.264,0.877
0.264,0.877
0.264,0.877
0.264,0.877
0.264,0.877
0.264,0.877
0.264,0.877
0.264,0.877
0.264,0.877
0.264,0.877
0.264,0.877
0.264,0.877
0.264,0.877
0.263,0.877
0.263,0.877
0.263,0.877
0.263,0.877
0.263,0.877
0.263,0.877
0.263,0.877
0.263,0.877
0.263,0.877
0.263,0.877
0.263,0.877
0.263,0.877
0.263,0.877
0.263,0.877
0.263,0.877
0.263,0.877
0.263,0.877
0.263,0.877
0.263,0.877
0.263,0.877
0.263,0.877
0.263,0.877
0.263,0.877
0.263,0.877
0.263,0.877
0.263,0.877
0.263,0.877
0.263,0.877
0.263,0.877
0.263,0.877
0.263,0.877
0.263,0.880
0.263,0.880
0.263,0.880
0.263,0.880
0.263,0.880
0.263,0.880
0.263,0.880
0.263,0.880
0.263,0.880
0.263,0.880
0.263,0.880
0.263,0.880
0.263,0.880
0.263,0.880
0.263,0.880
0.263,0.880
0.263,0.880
0.263,0.880
0.263,0.880
0.263,0.880
0.263,0.880
0.263,0.880
0.263,0.880
0.263,0.880
0.263,0.880
0.263,0.880
0.263,0.880
0.263,0.880
0.263,0.880
0.263,0.880
0.263,0.880
0.263,0.880
0.263,0.880
0.263,0.880
0.263,0.880
0.263,0.880
0.263,0.877
0.263,0.877
0.263,0.877
0.263,0.877
0.263,0.877
0.263,0.877
0.263,0.877
0.262,0.877
0.262,0.877
0.262,0.877
0.262,0.877
0.262,0.877
0.262,0.877
0.262,0.880
0.262,0.880
0.262,0.880
0.262,0.880
0.262,0.880
0.262,0.880
0.262,0.880
0.262,0.880
0.262,0.880
0.262,0.880
0.262,0.880
0.262,0.880
0.262,0.880
0.262,0.880
0.262,0.880
0.262,0.880
0.262,0.880
0.262,0.880
0.262,0.880
0.262,0.880
0.262,0.880
0.262,0.880
0.262,0.880
0.262,0.880
0.262,0.880
0.262,0.880
0.262,0.880
0.262,0.880
0.262,0.880
0.262,0.880
0.262,0.880
0.262,0.880
0.262,0.880
0.262,0.880
0.262,0.880
0.262,0.880
0.262,0.880
0.262,0.880
0.262,0.880
0.262,0.880
0.262,0.880
0.262,0.880
0.262,0.880
0.262,0.880
0.262,0.880
0.262,0.880
0.262,0.880
0.262,0.880
0.262,0.880
0.262,0.880
0.262,0.880
0.262,0.880
0.262,0.880
0.262,0.880
0.262,0.880
0.262,0.880
0.262,0.880
0.262,0.880
0.262,0.880
0.262,0.880
0.262,0.880
0.262,0.880
0.262,0.880
0.262,0.880
0.262,0.880
0.262,0.880
0.262,0.880
0.262,0.880
0.262,0.880
0.262,0.880
0.262,0.880
0.262,0.880
0.262,0.880
0.262,0.880
0.262,0.880
0.262,0.880
0.262,0.880
0.262,0.880
0.262,0.880
0.262,0.880
0.262,0.880
0.262,0.880
0.262,0.882
0.262,0.882
0.262,0.882
0.262,0.882
0.262,0.882
0.262,0.885
0.262,0.885
0.262,0.885
0.262,0.885
0.262,0.885
0.262,0.885
0.262,0.885
0.262,0.885
0.262,0.885
0.262,0.885
0.262,0.885
0.262,0.885
0.262,0.885
0.262,0.885
0.262,0.885
0.262,0.885
0.262,0.885
0.262,0.885
0.262,0.885
0.262,0.885
0.262,0.885
0.262,0.885
0.262,0.885
0.262,0.885
0.262,0.885
0.262,0.885
0.262,0.885
0.262,0.885
0.262,0.885
0.262,0.885
0.262,0.885
0.262,0.885
0.262,0.885
0.262,0.885
0.262,0.885
0.262,0.885
0.262,0.885
0.262,0.885
0.262,0.885
0.262,0.885
0.262,0.885
0.262,0.885
0.262,0.885
0.262,0.885
0.262,0.885
0.262,0.885
0.262,0.885
0.262,0.885
0.262,0.885
0.262,0.885
0.262,0.885
0.262,0.885
0.262,0.885
0.262,0.885
0.262,0.885
0.262,0.885
0.262,0.885
0.262,0.885
0.262,0.885
0.262,0.885
0.262,0.885
0.262,0.885
0.262,0.885
0.262,0.885
0.262,0.885
0.261,0.885
0.261,0.885
0.261,0.885
0.261,0.885
0.261,0.885
0.261,0.885
0.261,0.885
0.261,0.885
0.261,0.885
0.261,0.885
0.261,0.885
0.261,0.885
0.261,0.885
0.261,0.885
0.261,0.885
0.261,0.885
0.261,0.885
0.261,0.885
0.261,0.885
0.261,0.885
0.261,0.885
0.261,0.885
0.261,0.885
0.261,0.885
0.261,0.885
0.261,0.885
0.261,0.885
0.261,0.885
0.261,0.885
0.261,0.885
0.261,0.885
0.261,0.885
0.261,0.885
0.261,0.885
0.261,0.885
0.261,0.885
0.261,0.885
0.261,0.885
0.261,0.885
0.261,0.885
0.261,0.885
0.261,0.885
0.261,0.885
0.261,0.885
0.261,0.885
0.261,0.885
0.261,0.885
0.261,0.885
0.261,0.885
0.261,0.885
0.261,0.885
0.261,0.885
0.261,0.885
0.261,0.885
0.261,0.885
0.261,0.885
0.261,0.885
0.261,0.885
0.261,0.885
0.261,0.885
0.261,0.885
0.261,0.885
0.261,0.885
0.261,0.885
0.261,0.885
0.261,0.885
0.261,0.885
0.261,0.885
0.261,0.885
0.261,0.885
0.261,0.885
0.261,0.885
0.261,0.885
0.261,0.885
0.261,0.885
0.261,0.885
0.261,0.885
0.261,0.885
0.261,0.885
0.261,0.885
0.261,0.885
0.261,0.885
0.261,0.885
0.261,0.885
0.261,0.885
0.261,0.885
0.261,0.885
0.261,0.885
0.261,0.885
0.261,0.885
0.261,0.885
0.261,0.885
0.261,0.885
0.261,0.885
0.261,0.885
0.261,0.885
0.261,0.885
0.261,0.885
0.261,0.885
0.261,0.885
0.261,0.885
0.261,0.885
0.261,0.885
0.261,0.885
0.261,0.885
0.261,0.885
0.261,0.885
0.261,0.885
0.261,0.885
0.261,0.885
0.261,0.885
0.261,0.885
0.261,0.885
0.261,0.885
0.261,0.885
0.261,0.885
0.261,0.885
0.261,0.885
0.261,0.885
0.261,0.885
0.261,0.885
0.261,0.885
0.261,0.885
0.261,0.885
0.261,0.885
0.261,0.885
0.261,0.885
0.261,0.885
0.261,0.885
0.261,0.885
0.261,0.885
0.261,0.885
0.261,0.885
0.261,0.885
0.261,0.885
0.261,0.885
0.261,0.885
0.261,0.885
0.261,0.885
0.261,0.885
0.261,0.885
0.261,0.885
0.261,0.885
0.261,0.885
0.261,0.885
0.261,0.885
0.261,0.885
0.261,0.885
0.261,0.885
0.261,0.885
0.261,0.885
0.261,0.885
0.261,0.885
0.261,0.885
0.261,0.885
0.261,0.885
0.261,0.885
0.261,0.885
0.261,0.885
0.261,0.885
0.261,0.885
0.261,0.885
0.261,0.885
0.261,0.885
0.261,0.885
0.261,0.885
0.261,0.885
0.261,0.885
0.261,0.885
0.261,0.885
0.261,0.885
0.261,0.885
0.261,0.885
0.261,0.885
0.261,0.885
0.261,0.885
0.261,0.885
0.261,0.885
0.261,0.885
0.261,0.885
0.261,0.885
0.261,0.885
0.261,0.885
0.261,0.885
0.261,0.885
0.261,0.885
0.261,0.885
0.261,0.885
0.261,0.885
0.261,0.885
0.261,0.885
0.261,0.885
0.261,0.885
0.261,0.885
0.261,0.885
0.261,0.885
0.261,0.885
0.261,0.885
0.261,0.885
0.261,0.885
0.261,0.885
0.261,0.885
0.261,0.885
0.261,0.885
0.261,0.885
0.261,0.885
0.261,0.885
0.261,0.885
0.261,0.885
0.261,0.885
0.261,0.885
0.261,0.885
0.261,0.885
0.261,0.885
0.261,0.885
0.261,0.885
0.261,0.885
0.261,0.885
0.261,0.885
0.261,0.885
0.261,0.885
0.261,0.885
0.261,0.885
0.261,0.885
0.261,0.885
0.261,0.885
0.261,0.885
0.261,0.885
0.261,0.885
0.261,0.885
0.261,0.885
0.261,0.885
0.261,0.885
0.261,0.885
0.261,0.885
0.261,0.885
0.261,0.885
0.261,0.885
0.261,0.885
0.261,0.885
0.261,0.885
0.261,0.885
0.261,0.885
0.261,0.885
0.261,0.885
0.261,0.885
0.261,0.885
0.261,0.885
0.261,0.885
0.261,0.885
0.261,0.885
0.261,0.885
0.261,0.885
0.261,0.885
0.261,0.885
0.261,0.885
0.261,0.885
0.261,0.885
0.261,0.885
0.261,0.885
0.261,0.885
0.261,0.885
0.261,0.885
0.261,0.885
0.261,0.885
0.261,0.885
0.261,0.885
0.261,0.885
0.261,0.885
0.261,0.885
0.261,0.885
0.261,0.885
0.261,0.885
0.261,0.885
0.261,0.885
0.261,0.885
0.261,0.885
0.261,0.885
0.261,0.885
0.261,0.885
0.261,0.885
0.261,0.885
0.261,0.885
0.261,0.885
0.261,0.885
0.261,0.885
0.261,0.885
0.261,0.885
0.261,0.885
0.261,0.885
0.261,0.885
0.261,0.885
0.261,0.885
0.261,0.885
0.261,0.885
0.261,0.885
0.261,0.885
0.261,0.885
0.261,0.885
0.261,0.885
0.261,0.885
0.261,0.885
0.261,0.885
0.261,0.885
0.261,0.885
0.261,0.885
0.261,0.885
0.261,0.885
0.261,0.885
0.261,0.885
0.261,0.885
0.261,0.885
0.261,0.885
0.261,0.885
0.261,0.885
0.261,0.885
0.261,0.885
0.261,0.885
0.261,0.885
0.261,0.885
0.261,0.885
0.261,0.885
0.261,0.885
0.261,0.885
0.261,0.885
0.261,0.885
0.261,0.885
0.261,0.885
0.261,0.885
0.261,0.885
0.261,0.885
0.261,0.885
0.261,0.885
0.261,0.885
0.261,0.885
0.261,0.885
0.261,0.885
0.261,0.885
0.261,0.885
0.261,0.885
0.261,0.885
0.261,0.885
0.261,0.885
0.261,0.885
0.261,0.885
0.261,0.885
0.261,0.885
0.261,0.885
0.261,0.885
0.261,0.885
0.261,0.885
0.261,0.885
0.261,0.885
0.261,0.885
0.261,0.885
0.261,0.885
0.261,0.885
0.261,0.885
0.261,0.885
0.261,0.885
0.261,0.885
0.261,0.885
0.261,0.885
0.261,0.885
0.261,0.885
0.261,0.885
0.261,0.885
0.261,0.885
0.261,0.885
0.261,0.885
0.261,0.885
0.261,0.885
0.261,0.885
0.261,0.885
0.261,0.885
0.261,0.885
0.261,0.885
0.261,0.885
0.261,0.885
0.261,0.885
0.261,0.885
0.261,0.885
0.261,0.885
0.261,0.885
0.261,0.885
0.261,0.885
0.261,0.885
0.261,0.885
0.261,0.885
0.261,0.885
0.261,0.885
0.261,0.885
0.261,0.885
0.261,0.885
0.261,0.885
0.261,0.885
0.261,0.885
0.261,0.885
0.261,0.885
0.261,0.885
0.261,0.885
0.261,0.885
0.261,0.885
0.261,0.885
0.261,0.885
0.261,0.885
0.261,0.885
0.261,0.885
0.261,0.885
0.261,0.885
0.261,0.885
0.261,0.885
0.261,0.885
0.261,0.885
0.261,0.885
0.261,0.885
0.261,0.885
0.261,0.885
0.261,0.885
0.261,0.885
0.261,0.885
0.261,0.885
0.261,0.885
0.261,0.885
0.261,0.885
0.261,0.885
0.261,0.885
0.261,0.887
0.261,0.887
0.261,0.887
0.261,0.887
0.261,0.887
0.261,0.887
0.261,0.887
0.261,0.887
0.261,0.887
0.261,0.887
0.261,0.887
0.261,0.887
0.261,0.887
0.261,0.887
0.261,0.887
0.261,0.887
0.261,0.887
0.261,0.887
0.261,0.887
0.261,0.887
0.261,0.887
0.261,0.887
0.261,0.887
0.261,0.887
0.261,0.887
0.261,0.887
0.261,0.887
0.261,0.887
0.261,0.887
0.261,0.887
0.261,0.887
0.261,0.887
0.261,0.887
0.261,0.887
0.261,0.887
0.261,0.887
0.261,0.887
0.261,0.887
0.261,0.887
0.261,0.887
0.261,0.887
0.261,0.887
0.261,0.887
0.261,0.887
0.261,0.887
0.261,0.887
0.261,0.887
0.261,0.887
0.261,0.887
0.261,0.887
0.261,0.887
0.261,0.887
0.261,0.887
0.261,0.887
0.261,0.887
0.261,0.887
0.261,0.887
0.261,0.887
0.261,0.887
0.261,0.887
0.261,0.887
0.261,0.887
0.261,0.887
0.261,0.887
0.261,0.887
0.261,0.887
0.261,0.887
0.261,0.887
0.261,0.887
0.261,0.887
0.261,0.887
0.261,0.887
0.261,0.887
0.261,0.887
0.261,0.887
0.261,0.887
0.261,0.887
0.261,0.887
0.261,0.887
0.261,0.887
0.261,0.887
0.261,0.887
0.261,0.887
0.261,0.887
0.261,0.887
0.261,0.887
0.261,0.887
0.261,0.887
0.261,0.887
0.261,0.887
0.261,0.887
0.261,0.887
0.261,0.887
0.261,0.887
0.261,0.887
0.261,0.887
0.261,0.887
0.261,0.887
0.261,0.887
0.261,0.887
0.261,0.887
0.261,0.887
0.261,0.887
0.261,0.887
0.261,0.887
0.261,0.887
0.261,0.887
0.261,0.887
0.261,0.887
0.261,0.887
0.261,0.887
0.261,0.887
0.261,0.887
0.261,0.887
0.261,0.887
0.261,0.887
0.261,0.887
0.261,0.887
0.261,0.887
0.261,0.887
0.261,0.887
0.261,0.887
0.261,0.887
0.261,0.887
0.261,0.887
0.261,0.887
0.261,0.887
0.261,0.887
0.261,0.887
0.261,0.887
0.261,0.887
0.261,0.887
0.261,0.887
0.261,0.887
0.261,0.887
0.261,0.887
0.261,0.887
0.261,0.887
0.261,0.887
0.261,0.887
0.261,0.887
0.261,0.887
0.261,0.887
0.261,0.887
0.261,0.887
0.261,0.887
0.261,0.887
0.261,0.887
0.261,0.887
0.261,0.887
0.261,0.887
0.261,0.887
0.261,0.887
0.261,0.887
0.261,0.887
0.261,0.887
0.261,0.887
0.261,0.887
0.261,0.887
0.261,0.887
0.261,0.887
0.261,0.887
0.261,0.887
0.261,0.887
0.261,0.887
0.261,0.887
0.261,0.887
0.261,0.887
0.261,0.887
0.261,0.887
0.261,0.887
0.261,0.887
0.261,0.887
0.261,0.887
0.261,0.887
0.261,0.887
0.261,0.887
0.261,0.887
0.261,0.887
0.261,0.887
0.261,0.887
0.261,0.887
0.261,0.887
0.261,0.887
0.261,0.887
0.261,0.887
0.261,0.887
0.261,0.887
0.261,0.887
0.261,0.887
0.261,0.887
0.261,0.887
0.261,0.887
0.261,0.887
0.261,0.887
0.261,0.887
0.261,0.887
0.261,0.887
0.261,0.887
0.261,0.887
0.261,0.887
0.261,0.887
0.261,0.887
0.261,0.887
0.261,0.887
0.261,0.887
0.261,0.887
0.261,0.887
0.261,0.887
0.261,0.887
0.261,0.887
0.261,0.887
0.261,0.887
0.261,0.887
0.261,0.887
0.261,0.887
0.261,0.887
0.261,0.887
0.261,0.887
0.261,0.887
0.261,0.887
0.261,0.887
0.261,0.887
0.261,0.887
0.261,0.887
0.261,0.887
0.261,0.887
0.261,0.887
0.261,0.887
0.261,0.887
0.261,0.887
0.261,0.887
0.261,0.887
0.261,0.887
0.261,0.887
0.261,0.887
0.261,0.887
0.261,0.887
0.261,0.887
0.261,0.887
0.261,0.887
0.261,0.887
0.261,0.887
0.261,0.887
0.261,0.887
0.261,0.887
0.261,0.887
0.261,0.887
0.261,0.887
0.261,0.887
0.261,0.887
0.261,0.887
0.261,0.887
0.261,0.887
0.261,0.887
0.261,0.887
0.261,0.887
0.261,0.887
0.261,0.887
0.261,0.887
0.261,0.887
0.261,0.887
0.261,0.887
0.261,0.887
0.261,0.887
0.261,0.887
0.261,0.887
0.261,0.887
0.261,0.887
0.261,0.887
0.261,0.887
0.261,0.887
0.261,0.887
0.261,0.887
0.261,0.887
0.261,0.887
0.261,0.887
0.261,0.887
0.261,0.887
0.261,0.887
0.261,0.887
0.261,0.887
0.261,0.887
0.261,0.887
0.261,0.887
0.261,0.887
0.261,0.887
0.261,0.887
0.261,0.887
0.261,0.887
0.261,0.887
0.261,0.887
0.261,0.887
0.261,0.887
0.261,0.887
0.261,0.887
0.261,0.887
0.261,0.887
0.261,0.887
0.261,0.887
0.261,0.887
0.261,0.887
0.261,0.887
0.261,0.887
0.261,0.887
0.261,0.887
0.261,0.887
0.261,0.887
0.261,0.887
0.261,0.887
0.261,0.887
0.261,0.887
0.261,0.887
0.261,0.887
0.261,0.887
0.261,0.887
0.261,0.887
0.261,0.887
0.261,0.887
0.261,0.887
0.261,0.887
0.261,0.887
0.261,0.887
0.261,0.887
0.261,0.887
0.261,0.887
0.261,0.887
0.261,0.887
0.261,0.887
0.261,0.887
0.261,0.887
0.261,0.887
0.261,0.887
0.261,0.887
0.261,0.887
0.261,0.887
0.261,0.887
0.261,0.887
0.261,0.887
0.261,0.887
0.261,0.887
0.261,0.887
0.261,0.887
0.261,0.887
0.261,0.887
0.261,0.887
0.261,0.887
0.261,0.887
0.261,0.887
0.261,0.887
0.261,0.887
0.261,0.887
0.261,0.887
0.261,0.887
0.261,0.887
0.261,0.887
0.261,0.887
0.261,0.887
0.261,0.887
0.261,0.887
0.261,0.887
0.261,0.887
0.261,0.887
0.261,0.887
0.261,0.887
0.261,0.887
0.261,0.887
0.261,0.887
0.261,0.887
0.261,0.887
0.261,0.887
0.261,0.887
0.261,0.887
0.261,0.887
0.261,0.887
0.261,0.887
0.261,0.887
0.261,0.887
0.261,0.887
0.261,0.887
0.261,0.887
0.261,0.887
0.261,0.887
0.261,0.887
0.261,0.887
0.261,0.887
0.261,0.887
0.261,0.887
0.261,0.887
0.261,0.887
0.261,0.887
0.261,0.887
0.261,0.887
0.261,0.887
0.261,0.887
0.261,0.887
0.261,0.887
0.261,0.887
0.261,0.887
0.261,0.887
0.261,0.887
0.261,0.887
0.261,0.887
0.261,0.887
0.261,0.887
0.261,0.887
0.261,0.887
0.261,0.887
0.261,0.887
0.261,0.887
0.261,0.887
0.261,0.887
0.261,0.887
0.261,0.887
0.261,0.887
0.261,0.887
0.261,0.887
0.261,0.887
0.261,0.887
0.261,0.887
0.261,0.887
0.261,0.887
0.261,0.887
0.261,0.887
0.261,0.887
0.261,0.887
0.261,0.887
0.261,0.887
0.261,0.887
0.261,0.887
0.261,0.887
0.261,0.887
0.261,0.887
0.261,0.887
0.261,0.887
0.261,0.887
0.261,0.887
0.261,0.887
0.261,0.887
0.261,0.887
0.261,0.887
0.261,0.887
0.261,0.887
0.261,0.887
0.261,0.887
0.261,0.887
0.261,0.887
0.261,0.887
0.261,0.887
0.261,0.887
0.261,0.887
0.261,0.887
0.261,0.887
0.261,0.887
0.261,0.887
0.261,0.887
0.261,0.887
0.261,0.887
0.261,0.887
0.261,0.887
0.261,0.887
0.261,0.887
0.261,0.887
0.261,0.887
0.261,0.887
0.261,0.887
0.261,0.887
0.261,0.887
0.261,0.887
0.261,0.887
0.261,0.887
0.261,0.887
0.261,0.887
0.261,0.887
0.261,0.887
0.261,0.887
0.261,0.887
0.261,0.887
0.261,0.887
0.261,0.887
0.261,0.887
0.261,0.887
0.261,0.887
0.261,0.887
0.261,0.887
0.261,0.887
0.261,0.887
0.261,0.887
0.261,0.887
0.261,0.887
0.261,0.887
0.261,0.887
0.261,0.887
0.261,0.887
0.261,0.887
0.261,0.887
0.261,0.887
0.261,0.887
0.261,0.887
0.261,0.887
0.261,0.887
0.261,0.887
0.261,0.887
0.261,0.887
0.261,0.887
0.261,0.887
0.261,0.887
0.261,0.887
0.261,0.887
0.261,0.887
0.261,0.887
0.261,0.887
0.261,0.887
0.261,0.887
0.261,0.887
0.261,0.887
0.261,0.887
0.261,0.887
0.261,0.887
0.261,0.887
0.261,0.887
0.261,0.887
0.261,0.887
0.261,0.887
0.261,0.887
0.261,0.887
0.261,0.887
0.261,0.887
0.261,0.887
0.261,0.887
0.261,0.887
0.261,0.887
0.261,0.887
0.261,0.887
0.261,0.887
0.261,0.887
0.261,0.887
0.261,0.887
0.261,0.887
0.261,0.887
0.261,0.887
0.261,0.887
0.261,0.887
0.261,0.887
0.261,0.887
0.261,0.887
0.261,0.887
0.261,0.887
0.261,0.887
0.261,0.887
0.261,0.887
0.261,0.887
0.261,0.887
0.261,0.887
0.261,0.887
0.261,0.887
0.261,0.887
0.261,0.887
0.261,0.887
0.261,0.887
0.261,0.887
0.261,0.887
0.261,0.887
0.261,0.887
0.261,0.887
0.261,0.887
0.261,0.887
0.261,0.887
0.261,0.887
0.261,0.887
0.261,0.887
0.261,0.887
0.261,0.887
0.261,0.887
0.261,0.887
0.261,0.887
0.261,0.887
0.261,0.887
0.261,0.887
0.261,0.887
0.261,0.887
0.261,0.887
0.261,0.887
0.261,0.887
0.261,0.887
0.261,0.887
0.261,0.887
0.261,0.887
0.261,0.887
0.261,0.887
0.261,0.887
0.261,0.887
0.261,0.887
0.261,0.887
0.261,0.887
0.261,0.887
0.261,0.887
0.261,0.887
0.261,0.887
0.261,0.887
0.261,0.887
0.261,0.887
0.261,0.887
0.261,0.887
0.261,0.887
0.261,0.887
0.261,0.887
0.261,0.887
0.261,0.887
0.261,0.887
0.261,0.887
0.261,0.887
0.261,0.887
0.261,0.887
0.261,0.887
0.261,0.887
0.261,0.887
0.261,0.887
0.261,0.887
0.261,0.887
0.261,0.887
0.261,0.887
0.261,0.887
0.261,0.887
0.261,0.887
0.261,0.887
0.261,0.887
0.261,0.887
0.261,0.887
0.261,0.887
0.261,0.887
0.261,0.887
0.261,0.887
0.261,0.887
0.261,0.887
0.261,0.887
0.261,0.887
0.261,0.887
0.261,0.887
0.261,0.887
0.261,0.887
0.261,0.887
0.261,0.887
0.261,0.887
0.261,0.887
0.261,0.887
0.261,0.887
0.261,0.887
0.261,0.887
0.261,0.887
0.261,0.887
0.261,0.887
0.261,0.887
0.261,0.887
0.261,0.887
0.261,0.887
0.261,0.887
0.261,0.887
0.261,0.887
0.261,0.887
0.261,0.887
0.261,0.887
0.261,0.887
0.261,0.887
0.261,0.887
0.261,0.887
0.261,0.887
0.261,0.887
0.261,0.887
0.261,0.887
0.261,0.887
0.261,0.887
0.261,0.887
0.261,0.887
0.261,0.887
0.261,0.887
0.261,0.887
0.261,0.887
0.261,0.887
0.261,0.887
0.261,0.887
0.261,0.887
0.261,0.887
0.261,0.887
0.261,0.887
0.261,0.887
0.261,0.887
0.261,0.887
0.261,0.887
0.261,0.887
0.261,0.887
0.261,0.887
0.261,0.887
0.261,0.887
0.261,0.887
0.261,0.887
0.261,0.887
0.261,0.887
0.261,0.887
0.261,0.887
0.261,0.887
0.261,0.887
0.261,0.887
0.261,0.887
0.261,0.887
0.261,0.887
0.261,0.887
0.261,0.887
0.261,0.887
0.261,0.887
0.261,0.887
0.261,0.887
0.261,0.887
0.261,0.887
0.261,0.887
0.261,0.887
0.261,0.887
0.261,0.887
0.261,0.887
0.261,0.887
0.261,0.887
0.261,0.887
0.261,0.887
0.261,0.887
0.261,0.887
0.261,0.887
0.261,0.887
0.261,0.887
0.261,0.887
0.261,0.887
0.261,0.887
0.261,0.887
0.261,0.887
0.261,0.887
0.261,0.887
0.261,0.887
0.261,0.887
0.261,0.887
0.261,0.887
0.261,0.887
0.261,0.887
0.261,0.887
0.261,0.887
0.261,0.887
0.261,0.887
0.261,0.887
0.261,0.887
0.261,0.887
0.261,0.887
0.261,0.887
0.261,0.887
0.261,0.887
0.261,0.887
0.261,0.887
0.261,0.887
0.261,0.887
0.261,0.887
0.261,0.887
0.261,0.887
0.261,0.887
0.261,0.887
0.261,0.887
0.261,0.887
0.261,0.887
0.261,0.887
0.261,0.887
0.261,0.887
0.261,0.887
0.261,0.887
0.261,0.887
0.261,0.887
0.261,0.887
0.261,0.887
0.261,0.887
0.261,0.887
0.261,0.887
0.261,0.887
0.261,0.887
0.261,0.887
0.261,0.887
0.261,0.887
0.261,0.887
0.261,0.887
0.261,0.887
0.261,0.887
0.261,0.887
0.261,0.887
0.261,0.887
0.261,0.887
0.261,0.887
0.261,0.887
0.261,0.887
0.261,0.887
0.261,0.887
0.261,0.887
0.261,0.887
0.261,0.887
0.261,0.887
0.261,0.887
0.261,0.887
0.261,0.887
0.261,0.887
0.261,0.887
0.261,0.887
0.261,0.887
0.261,0.887
0.261,0.887
0.261,0.887
0.261,0.887
0.261,0.887
0.261,0.887
0.261,0.887
0.261,0.887
0.261,0.887
0.261,0.887
0.261,0.887
0.261,0.887
0.261,0.887
0.261,0.887
0.261,0.887
0.261,0.887
0.261,0.887
0.261,0.887
0.261,0.887
0.261,0.887
0.261,0.887
0.261,0.887
0.261,0.887
0.261,0.887
0.261,0.887
0.261,0.887
0.261,0.887
0.261,0.887
0.261,0.887
0.261,0.887
0.261,0.887
0.261,0.887
0.261,0.887
0.261,0.887
0.261,0.887
0.261,0.887
0.261,0.887
0.261,0.887
0.261,0.887
0.261,0.887
0.261,0.887
0.261,0.887
0.261,0.887
0.261,0.887
0.261,0.887
0.261,0.887
0.261,0.887
0.261,0.887
0.261,0.887
0.261,0.887
0.261,0.887
0.261,0.887
0.261,0.887
0.261,0.887
0.261,0.887
0.261,0.887
0.261,0.887
0.261,0.887
0.261,0.887
0.261,0.887
0.261,0.887
0.261,0.887
0.261,0.887
0.261,0.887
0.261,0.887
0.261,0.887
0.261,0.887
0.261,0.887
0.261,0.887
0.261,0.887
0.261,0.887
0.261,0.887
0.261,0.887
0.261,0.887
0.261,0.887
0.261,0.887
0.261,0.887
0.261,0.887
0.261,0.887
0.261,0.887
0.261,0.887
0.261,0.887
0.261,0.887
0.261,0.887
0.261,0.887
0.261,0.887
0.261,0.887
0.261,0.887
0.261,0.887
0.261,0.887
0.261,0.887
0.261,0.887
0.261,0.887
0.261,0.887
0.261,0.887
0.261,0.887
0.261,0.887
0.261,0.887
0.261,0.887
0.261,0.887
0.261,0.887
0.261,0.887
0.261,0.887
0.261,0.887
0.261,0.887
0.261,0.887
0.261,0.887
0.261,0.887
0.261,0.887
0.261,0.887
0.261,0.887
0.261,0.887
0.261,0.887
0.261,0.887
0.261,0.887
0.261,0.887
0.261,0.887
0.261,0.887
0.261,0.887
0.261,0.887
0.261,0.887
0.261,0.887
0.261,0.887
0.261,0.887
0.261,0.887
0.261,0.887
0.261,0.887
0.261,0.887
0.261,0.887
0.261,0.887
0.261,0.887
0.261,0.887
0.261,0.887
0.261,0.887
0.261,0.887
0.261,0.887
0.261,0.887
0.261,0.887
0.261,0.887
0.261,0.887
0.261,0.887
0.261,0.887
0.261,0.887
0.261,0.887
0.261,0.887
0.261,0.887
0.261,0.887
0.261,0.887
0.261,0.887
0.261,0.887
0.261,0.887
0.261,0.887
0.261,0.887
0.261,0.887
0.261,0.887
0.261,0.887
0.261,0.887
0.261,0.887
0.261,0.887
0.261,0.887
0.261,0.887
0.261,0.887
0.261,0.887
0.261,0.887
0.261,0.887
0.261,0.887
0.261,0.887
0.261,0.887
0.261,0.887
0.261,0.887
0.261,0.887
0.261,0.887
0.261,0.887
0.261,0.887
0.261,0.887
0.261,0.887
0.261,0.887
0.261,0.887
0.261,0.887
0.261,0.887
0.261,0.887
0.261,0.887
0.261,0.887
0.261,0.887
0.261,0.887
0.261,0.887
0.261,0.887
0.261,0.887
0.261,0.887
0.261,0.887
0.261,0.887
0.261,0.887
0.261,0.887
0.261,0.887
0.261,0.887
0.261,0.887
0.261,0.887
0.261,0.887
0.261,0.887
0.261,0.887
0.261,0.887
0.261,0.887
0.261,0.887
0.261,0.887
0.261,0.887
0.261,0.887
0.261,0.887
0.261,0.887
0.261,0.887
0.261,0.887
0.261,0.887
0.261,0.887
0.261,0.887
0.261,0.887
0.261,0.887
0.261,0.887
0.261,0.887
0.261,0.887
0.261,0.887
0.261,0.887
0.261,0.887
0.261,0.887
0.261,0.887
0.261,0.887
0.261,0.887
0.261,0.887
0.261,0.887
0.261,0.887
0.261,0.887
0.261,0.887
0.261,0.887
0.261,0.887
0.261,0.887
0.261,0.887
0.261,0.887
0.261,0.887
0.261,0.887
0.261,0.887
0.261,0.887
0.261,0.887
0.261,0.887
0.261,0.887
0.261,0.887
0.261,0.887
0.261,0.887
0.261,0.887
0.261,0.887
0.261,0.887
0.261,0.887
0.261,0.887
0.261,0.887
0.261,0.887
0.261,0.887
0.261,0.887
0.261,0.887
0.261,0.887
0.261,0.887
0.261,0.887
0.261,0.887
0.261,0.887
0.261,0.887
0.261,0.887
0.261,0.887
0.261,0.887
0.261,0.887
0.261,0.887
0.261,0.887
0.261,0.887
0.261,0.887
0.261,0.887
0.261,0.887
0.261,0.887
0.261,0.887
0.261,0.887
0.261,0.887
0.261,0.887
0.261,0.887
0.261,0.887
0.261,0.887
0.261,0.887
0.261,0.887
0.261,0.887
0.261,0.887
0.261,0.887
0.261,0.887
0.261,0.887
0.261,0.887
0.261,0.887
0.261,0.887
0.261,0.887
0.261,0.887
0.261,0.887
0.261,0.887
0.261,0.887
0.261,0.887
0.261,0.887
0.261,0.887
0.261,0.887
0.261,0.887
0.261,0.887
0.261,0.887
0.261,0.887
0.261,0.887
0.261,0.887
0.261,0.887
0.261,0.887
0.261,0.887
0.261,0.887
0.261,0.887
0.261,0.887
0.261,0.887
0.261,0.887
0.261,0.887
0.261,0.887
0.261,0.887
0.261,0.887
0.261,0.887
0.261,0.887
0.261,0.887
0.261,0.887
0.261,0.887
0.261,0.887
0.261,0.887
0.261,0.887
0.261,0.887
0.261,0.887
0.261,0.887
0.261,0.887
0.261,0.887
0.261,0.887
0.261,0.887
0.261,0.887
0.261,0.887
0.261,0.887
0.261,0.887
0.261,0.887
0.261,0.887
0.261,0.887
0.261,0.887
0.261,0.887
0.261,0.887
0.261,0.887
0.261,0.887
0.261,0.887
0.261,0.887
0.261,0.887
0.261,0.887
0.261,0.887
0.261,0.887
0.261,0.887
0.261,0.887
0.261,0.887
0.261,0.887
0.261,0.887
0.261,0.887
0.261,0.887
0.261,0.887
0.261,0.887
0.261,0.887
0.261,0.887
0.261,0.887
0.261,0.887
0.261,0.887
0.261,0.887
0.261,0.887
0.261,0.887
0.261,0.887
0.261,0.887
0.261,0.887
0.261,0.887
0.261,0.887
0.261,0.887
0.261,0.887
0.261,0.887
0.261,0.887
0.261,0.887
0.261,0.887
0.261,0.887
0.261,0.887
0.261,0.887
0.261,0.887
0.261,0.887
0.261,0.887
0.261,0.887
0.261,0.887
0.261,0.887
0.261,0.887
0.261,0.887
0.261,0.887
0.261,0.887
0.261,0.887
0.261,0.887
0.261,0.887
0.261,0.887
0.261,0.887
0.261,0.887
0.261,0.887
0.261,0.887
0.261,0.887
0.261,0.887
0.261,0.887
0.261,0.887
0.261,0.887
0.261,0.887
0.261,0.887
0.261,0.887
0.261,0.887
0.261,0.887
0.261,0.887
0.261,0.887
0.261,0.887
0.261,0.887
0.261,0.887
0.261,0.887
0.261,0.887
0.261,0.887
0.261,0.887
0.261,0.887
0.261,0.887
0.261,0.887
0.261,0.887
0.261,0.887
0.261,0.887
0.261,0.887
0.261,0.887
0.261,0.887
0.261,0.887
0.261,0.887
0.261,0.887
0.261,0.887
0.261,0.887
0.261,0.887
0.261,0.887
0.261,0.887
0.261,0.887
0.261,0.887
0.261,0.887
0.261,0.887
0.261,0.887
0.261,0.887
0.261,0.887
0.261,0.887
0.261,0.887
0.261,0.887
0.261,0.887
0.261,0.887
0.261,0.887
0.261,0.887
0.261,0.887
0.261,0.887
0.261,0.887
0.261,0.887
0.261,0.887
0.261,0.887
0.261,0.887
0.261,0.887
0.261,0.887
0.261,0.887
0.261,0.887
0.261,0.887
0.261,0.887
0.261,0.887
0.261,0.887
0.261,0.887
0.261,0.887
0.261,0.887
0.261,0.887
0.261,0.887
0.261,0.887
0.261,0.887
0.261,0.887
0.261,0.887
0.261,0.887
0.261,0.887
0.261,0.887
0.261,0.887
0.261,0.887
0.261,0.887
0.261,0.887
0.261,0.887
0.261,0.887
0.261,0.887
0.261,0.887
0.261,0.887
0.261,0.887
0.261,0.887
0.261,0.887
0.261,0.887
0.261,0.887
0.261,0.887
0.261,0.887
0.261,0.887
0.261,0.887
0.261,0.887
0.261,0.887
0.261,0.887
0.261,0.887
0.261,0.887
0.261,0.887
0.261,0.887
0.261,0.887
0.261,0.887
0.261,0.887
0.261,0.887
0.261,0.887
0.261,0.887
0.261,0.887
0.261,0.887
0.261,0.887
0.261,0.887
0.261,0.887
0.261,0.887
0.261,0.887
0.261,0.887
0.261,0.887
0.261,0.887
0.261,0.887
0.261,0.887
0.261,0.887
0.261,0.887
0.261,0.887
0.261,0.887
0.261,0.887
0.261,0.887
0.261,0.887
0.261,0.887
0.261,0.887
0.261,0.887
0.261,0.887
0.261,0.887
0.261,0.887
0.261,0.887
0.261,0.887
0.261,0.887
0.261,0.887
0.261,0.887
0.261,0.887
0.261,0.887
0.261,0.887
0.261,0.887
0.261,0.887
0.261,0.887
0.261,0.887
0.261,0.887
0.261,0.887
0.261,0.887
0.261,0.887
0.261,0.887
0.261,0.887
0.261,0.887
0.261,0.887
0.261,0.887
0.261,0.887
0.261,0.887
0.261,0.887
0.261,0.887
0.261,0.887
0.261,0.887
0.261,0.887
0.261,0.887
0.261,0.887
0.261,0.887
0.261,0.887
0.261,0.887
0.261,0.887
0.261,0.887
0.261,0.887
0.261,0.887
0.261,0.887
0.261,0.887
0.261,0.887
0.261,0.887
0.261,0.887
0.261,0.887
0.261,0.887
0.261,0.887
0.261,0.887
0.261,0.887
0.261,0.887
0.261,0.887
0.261,0.887
0.261,0.887
0.261,0.887
0.261,0.887
0.261,0.887
0.261,0.887
0.261,0.887
0.261,0.887
0.261,0.887
0.261,0.887
0.261,0.887
0.261,0.887
0.261,0.887
0.261,0.887
0.261,0.887
0.261,0.887
0.261,0.887
0.261,0.887
0.261,0.887
0.261,0.887
0.261,0.887
0.261,0.887
0.261,0.887
0.261,0.887
0.261,0.887
0.261,0.887
0.261,0.887
0.261,0.887
0.261,0.887
0.261,0.887
0.261,0.887
0.261,0.887
0.261,0.887
0.261,0.887
0.261,0.887
0.261,0.887
0.261,0.887
0.261,0.887
0.261,0.887
0.261,0.887
0.261,0.887
0.261,0.887
0.261,0.887
0.261,0.887
0.261,0.887
0.261,0.887
0.261,0.887
0.261,0.887
0.261,0.887
0.261,0.887
0.261,0.887
0.261,0.887
0.261,0.887
0.261,0.887
0.261,0.887
0.261,0.887
0.261,0.887
0.261,0.887
0.261,0.887
0.261,0.887
0.261,0.887
0.261,0.887
0.261,0.887
0.261,0.887
0.261,0.887
0.261,0.887
0.261,0.887
0.261,0.887
0.261,0.887
0.261,0.887
0.261,0.887
0.261,0.887
0.261,0.887
0.261,0.887
0.261,0.887
0.261,0.887
0.261,0.887
0.261,0.887
0.261,0.887
0.261,0.887
0.261,0.887
0.261,0.887
0.261,0.887
0.261,0.887
0.261,0.887
0.261,0.887
0.261,0.887
0.261,0.887
0.261,0.887
0.261,0.887
0.261,0.887
0.261,0.887
0.261,0.887
0.261,0.887
0.261,0.887
0.261,0.887
0.261,0.887
0.261,0.887
0.261,0.887
0.261,0.887
0.261,0.887
0.261,0.887
0.261,0.887
0.261,0.887
0.261,0.887
0.261,0.887
0.261,0.887
0.261,0.887
0.261,0.887
0.261,0.887
0.261,0.887
0.261,0.887
0.261,0.887
0.261,0.887
0.261,0.887
0.261,0.887
0.261,0.887
0.261,0.887
0.261,0.887
0.261,0.887
0.261,0.887
0.261,0.887
0.261,0.887
0.261,0.887
0.261,0.887
0.261,0.887
0.261,0.887
0.261,0.887
0.261,0.887
0.261,0.887
0.261,0.887
0.261,0.887
0.261,0.887
0.261,0.887
0.261,0.887
0.261,0.887
0.261,0.887
0.261,0.887
0.261,0.887
0.261,0.887
0.261,0.887
0.261,0.887
0.261,0.887
0.261,0.887
0.261,0.887
0.261,0.887
0.261,0.887
0.261,0.887
0.261,0.887
0.261,0.887
0.261,0.887
0.261,0.887
0.261,0.887
0.261,0.887
0.261,0.887
0.261,0.887
0.261,0.887
0.261,0.887
0.261,0.887
0.261,0.887
0.261,0.887
0.261,0.887
0.261,0.887
0.261,0.887
0.261,0.887
0.261,0.887
0.261,0.887
0.261,0.887
0.261,0.887
0.261,0.887
0.261,0.887
0.261,0.887
0.261,0.887
0.261,0.887
0.261,0.887
0.261,0.887
0.261,0.887
0.261,0.887
0.261,0.887
0.261,0.887
0.261,0.887
0.261,0.887
0.261,0.887
0.261,0.887
0.261,0.887
0.261,0.887
0.261,0.887
0.261,0.887
0.261,0.887
0.261,0.887
0.261,0.887
0.261,0.887
0.261,0.887
0.261,0.887
0.261,0.887
0.261,0.887
0.261,0.887
0.261,0.887
0.261,0.887
0.261,0.887
0.261,0.887
0.261,0.887
0.261,0.887
0.261,0.887
0.261,0.887
0.261,0.887
0.261,0.887
0.261,0.887
0.261,0.887
0.261,0.887
0.261,0.887
0.261,0.887
0.261,0.887
0.261,0.887
0.261,0.887
0.261,0.887
0.261,0.887
0.261,0.887
0.261,0.887
0.261,0.887
0.261,0.887
0.261,0.887
0.261,0.887
0.261,0.887
0.261,0.887
0.261,0.887
0.261,0.887
0.261,0.887
0.261,0.887
0.261,0.887
0.261,0.887
0.261,0.887
0.261,0.887
0.261,0.887
0.261,0.887
0.261,0.887
0.261,0.887
0.261,0.887
0.261,0.887
0.261,0.887
0.261,0.887
0.261,0.887
0.261,0.887
0.261,0.887
0.261,0.887
0.261,0.887
0.261,0.887
0.261,0.887
0.261,0.887
0.261,0.887
0.261,0.887
0.261,0.887
0.261,0.887
0.261,0.887
0.261,0.887
0.261,0.887
0.261,0.887
0.261,0.887
0.261,0.887
0.261,0.887
0.261,0.887
0.261,0.887
0.261,0.887
0.261,0.887
0.261,0.887
0.261,0.887
0.261,0.887
0.261,0.887
0.261,0.887
0.261,0.887
0.261,0.887
0.261,0.887
0.261,0.887
0.261,0.887
0.261,0.887
0.261,0.887
0.261,0.887
0.261,0.887
0.261,0.887
0.261,0.887
0.261,0.887
0.261,0.887
0.261,0.887
0.261,0.887
0.261,0.887
0.261,0.887
0.261,0.887
0.261,0.887
0.261,0.887
0.261,0.887
0.261,0.887
0.261,0.887
0.261,0.887
0.261,0.887
0.261,0.887
0.261,0.887
0.261,0.887
0.261,0.887
0.261,0.887
0.261,0.887
0.261,0.887
0.261,0.887
0.261,0.887
0.261,0.887
0.261,0.887
0.261,0.887
0.261,0.887
0.261,0.887
0.261,0.887
0.261,0.887
0.261,0.887
0.261,0.887
0.261,0.887
0.261,0.887
0.261,0.887
0.261,0.887
0.261,0.887
0.261,0.887
0.261,0.887
0.261,0.887
0.261,0.887
0.261,0.887
0.261,0.887
0.261,0.887
0.261,0.887
0.261,0.887
0.261,0.887
0.261,0.887
0.261,0.887
0.261,0.887
0.261,0.887
0.261,0.887
0.261,0.887
0.261,0.887
0.261,0.887
0.261,0.887
0.261,0.887
0.261,0.887
0.261,0.887
0.261,0.887
0.261,0.887
0.261,0.887
0.261,0.887
0.261,0.887
0.261,0.887
0.261,0.887
0.261,0.887
0.261,0.887
0.261,0.887
0.261,0.887
0.261,0.887
0.261,0.887
0.261,0.887
0.261,0.887
0.261,0.887
0.261,0.887
0.261,0.887
0.261,0.887
0.261,0.887
0.261,0.887
0.261,0.887
0.261,0.887
0.261,0.887
0.261,0.887
0.261,0.887
0.261,0.887
0.261,0.887
0.261,0.887
0.261,0.887
0.261,0.887
0.261,0.887
0.261,0.887
0.261,0.887
0.261,0.887
0.261,0.887
0.261,0.887
0.261,0.887
0.261,0.887
0.261,0.887
0.261,0.887
0.261,0.887
0.261,0.887
0.261,0.887
0.261,0.887
0.261,0.887
0.261,0.887
0.261,0.887
0.261,0.887
0.261,0.887
0.261,0.887
0.261,0.887
0.261,0.887
0.261,0.887
0.261,0.887
0.261,0.887
0.261,0.887
0.261,0.887
0.261,0.887
0.261,0.887
0.261,0.887
0.261,0.887
0.261,0.887
0.261,0.887
0.261,0.887
0.261,0.887
0.261,0.887
0.261,0.887
0.261,0.887
0.261,0.887
0.261,0.887
0.261,0.887
0.261,0.887
0.261,0.887
0.261,0.887
0.261,0.887
0.261,0.887
0.261,0.887
0.261,0.887
0.261,0.887
0.261,0.887
0.261,0.887
0.261,0.887
0.261,0.887
0.261,0.887
0.261,0.887
0.261,0.887
0.261,0.887
0.261,0.887
0.261,0.887
0.261,0.887
0.261,0.887
0.261,0.887
0.261,0.887
0.261,0.887
0.261,0.887
0.261,0.887
0.261,0.887
0.261,0.887
0.261,0.887
0.261,0.887
0.261,0.887
0.261,0.887
0.261,0.887
0.261,0.887
0.261,0.887
0.261,0.887
0.261,0.887
0.261,0.887
0.261,0.887
0.261,0.887
0.261,0.887
0.261,0.887
0.261,0.887
0.261,0.887
0.261,0.887
0.261,0.887
0.261,0.887
0.261,0.887
0.261,0.887
0.261,0.887
0.261,0.887
0.261,0.887
0.261,0.887
0.261,0.887
0.261,0.887
0.261,0.887
0.261,0.887
0.261,0.887
0.261,0.887
0.261,0.887
0.261,0.887
0.261,0.887
0.261,0.887
0.261,0.887
0.261,0.887
0.261,0.887
0.261,0.887
0.261,0.887
0.261,0.887
0.261,0.887
0.261,0.887
0.261,0.887
0.261,0.887
0.261,0.887
0.261,0.887
0.261,0.887
0.261,0.887
0.261,0.887
0.261,0.887
0.261,0.887
0.261,0.887
0.261,0.887
0.261,0.887
0.261,0.887
0.261,0.887
0.261,0.887
0.261,0.887
0.261,0.887
0.261,0.887
0.261,0.887
0.261,0.887
0.261,0.887
0.261,0.887
0.261,0.887
0.261,0.887
0.261,0.887
0.261,0.887
0.261,0.887
0.261,0.887
0.261,0.887
0.261,0.887
0.261,0.887
0.261,0.887
0.261,0.887
0.261,0.887
0.261,0.887
0.261,0.887
0.261,0.887
0.261,0.887
0.261,0.887
0.261,0.887
0.261,0.887
0.261,0.887
0.261,0.887
0.261,0.887
0.261,0.887
0.261,0.887
0.261,0.887
0.261,0.887
0.261,0.887
0.261,0.887
0.261,0.887
0.261,0.887
0.261,0.887
0.261,0.887
0.261,0.887
0.261,0.887
0.261,0.887
0.261,0.887
0.261,0.887
0.261,0.887
0.261,0.887
0.261,0.887
0.261,0.887
0.261,0.887
0.261,0.887
0.261,0.887
0.261,0.887
0.261,0.887
0.261,0.887
0.261,0.887
0.261,0.887
0.261,0.887
0.261,0.887
0.261,0.887
0.261,0.887
0.261,0.887
0.261,0.887
0.261,0.887
0.261,0.887
0.261,0.887
0.261,0.887
0.261,0.887
0.261,0.887
0.261,0.887
0.261,0.887
0.261,0.887
0.261,0.887
0.261,0.887
0.261,0.887
0.261,0.887
0.261,0.887
0.261,0.887
0.261,0.887
0.261,0.887
0.261,0.887
0.261,0.887
0.261,0.887
0.261,0.887
0.261,0.887
0.261,0.887
0.261,0.887
0.261,0.887
0.261,0.887
0.261,0.887
0.261,0.887
0.261,0.887
0.261,0.887
0.261,0.887
0.261,0.887
0.261,0.887
0.261,0.887
0.261,0.887
0.261,0.887
0.261,0.887
0.261,0.887
0.261,0.887
0.261,0.887
0.261,0.887
0.261,0.887
0.261,0.887
0.261,0.887
0.261,0.887
0.261,0.887
0.261,0.887
0.261,0.887
0.261,0.887
0.261,0.887
0.261,0.887
0.261,0.887
0.261,0.887
0.261,0.887
0.261,0.887
0.261,0.887
0.261,0.887
0.261,0.887
0.261,0.887
0.261,0.887
0.261,0.887
0.261,0.887
0.261,0.887
0.261,0.887
0.261,0.887
0.261,0.887
0.261,0.887
0.261,0.887
0.261,0.887
0.261,0.887
0.261,0.887
0.261,0.887
0.261,0.887
0.261,0.887
0.261,0.887
0.261,0.887
0.261,0.887
0.261,0.887
0.261,0.887
0.261,0.887
0.261,0.887
0.261,0.887
0.261,0.887
0.261,0.887
0.261,0.887
0.261,0.887
0.261,0.887
0.261,0.887
0.261,0.887
0.261,0.887
0.261,0.887
0.261,0.887
0.261,0.887
0.261,0.887
0.261,0.887
0.261,0.887
0.261,0.887
0.261,0.887
0.261,0.887
0.261,0.887
0.261,0.887
0.261,0.887
0.261,0.887
0.261,0.887
0.261,0.887
0.261,0.887
0.261,0.887
0.261,0.887
0.261,0.887
0.261,0.887
0.261,0.887
0.261,0.887
0.261,0.887
0.261,0.887
0.261,0.887
0.261,0.887
0.261,0.887
0.261,0.887
0.261,0.887
0.261,0.887
0.261,0.887
0.261,0.887
0.261,0.887
0.261,0.887
0.261,0.887
0.261,0.887
0.261,0.887
0.261,0.887
0.261,0.887
0.261,0.887
0.261,0.887
0.261,0.887
0.261,0.887
0.261,0.887
0.261,0.887
0.261,0.887
0.261,0.887
0.261,0.887
0.261,0.887
0.261,0.887
0.261,0.887
0.261,0.887
0.261,0.887
0.261,0.887
0.261,0.887
0.261,0.887
0.261,0.887
0.261,0.887
0.261,0.887
0.261,0.887
0.261,0.887
0.261,0.887
0.261,0.887
0.261,0.887
0.261,0.887
0.261,0.887
0.261,0.887
0.261,0.887
0.261,0.887
0.261,0.887
0.261,0.887
0.261,0.887
0.261,0.887
0.261,0.887
0.261,0.887
0.261,0.887
0.261,0.887
0.261,0.887
0.261,0.887
0.261,0.887
0.261,0.887
0.261,0.887
0.261,0.887
0.261,0.887
0.261,0.887
0.261,0.887
0.261,0.887
0.261,0.887
0.261,0.887
0.261,0.887
0.261,0.887
0.261,0.887
0.261,0.887
0.261,0.887
0.261,0.887
0.261,0.887
0.261,0.887
0.261,0.887
0.261,0.887
0.261,0.887
0.261,0.887
0.261,0.887
0.261,0.887
0.261,0.887
0.261,0.887
0.261,0.887
0.261,0.887
0.261,0.887
0.261,0.887
0.261,0.887
0.261,0.887
0.261,0.887
0.261,0.887
0.261,0.887
0.261,0.887
0.261,0.887
0.261,0.887
0.261,0.887
0.261,0.887
0.261,0.887
0.261,0.887
0.261,0.887
0.261,0.887
0.261,0.887
0.261,0.887
0.261,0.887
0.261,0.887
0.261,0.887
0.261,0.887
0.261,0.887
0.261,0.887
0.261,0.887
0.261,0.887
0.261,0.887
0.261,0.887
0.261,0.887
0.261,0.887
0.261,0.887
0.261,0.887
0.261,0.887
0.261,0.887
0.261,0.887
0.261,0.887
0.261,0.887
0.261,0.887
0.261,0.887
0.261,0.887
0.261,0.887
0.261,0.887
0.261,0.887
0.261,0.887
0.261,0.887
0.261,0.887
0.261,0.887
0.261,0.887
0.261,0.887
0.261,0.887
0.261,0.887
0.261,0.887
0.261,0.887
0.261,0.887
0.261,0.887
0.261,0.887
0.261,0.887
0.261,0.887
0.261,0.887
0.261,0.887
0.261,0.887
0.261,0.887
0.261,0.887
0.261,0.887
0.261,0.887
0.261,0.887
0.261,0.887
0.261,0.887
0.261,0.887
0.261,0.887
0.261,0.887
0.261,0.887
0.261,0.887
0.261,0.887
0.261,0.887
0.261,0.887
0.261,0.887
0.261,0.887
0.261,0.887
0.261,0.887
0.261,0.887
0.261,0.887
0.261,0.887
0.261,0.887
0.261,0.887
0.261,0.887
0.261,0.887
0.261,0.887
0.261,0.887
0.261,0.887
0.261,0.887
0.261,0.887
0.261,0.887
0.261,0.887
0.261,0.887
0.261,0.887
0.261,0.887
0.261,0.887
0.261,0.887
0.261,0.887
0.261,0.887
0.261,0.887
0.261,0.887
0.261,0.887
0.261,0.887
0.261,0.887
0.261,0.887
0.261,0.887
0.261,0.887
0.261,0.887
0.261,0.887
0.261,0.887
0.261,0.887
0.261,0.887
0.261,0.887
0.261,0.887
0.261,0.887
0.261,0.887
0.261,0.887
0.261,0.887
0.261,0.887
0.261,0.887
0.261,0.887
0.261,0.887
0.261,0.887
0.261,0.887
0.261,0.887
0.261,0.887
0.261,0.887
0.261,0.887
0.261,0.887
0.261,0.887
0.261,0.887
0.261,0.887
0.261,0.887
0.261,0.887
0.261,0.887
0.261,0.887
0.261,0.887
0.261,0.887
0.261,0.887
0.261,0.887
0.261,0.887
0.261,0.887
0.261,0.887
0.261,0.887
0.261,0.887
0.261,0.887
0.261,0.887
0.261,0.887
0.261,0.887
0.261,0.887
0.261,0.887
0.261,0.887
0.261,0.887
0.261,0.887
0.261,0.887
0.261,0.887
0.261,0.887
0.261,0.887
0.261,0.887
0.261,0.887
0.261,0.887
0.261,0.887
0.261,0.887
0.261,0.887
0.261,0.887
0.261,0.887
0.261,0.887
0.261,0.887
0.261,0.887
0.261,0.887
0.261,0.887
0.261,0.887
0.261,0.887
0.261,0.887
0.261,0.887
0.261,0.887
0.261,0.887
0.261,0.887
0.261,0.887
0.261,0.887
0.261,0.887
0.261,0.887
0.261,0.887
0.261,0.887
0.261,0.887
0.261,0.887
0.261,0.887
0.261,0.887
0.261,0.887
0.261,0.887
0.261,0.887
0.261,0.887
0.261,0.887
0.261,0.887
0.261,0.887
0.261,0.887
0.261,0.887
0.261,0.887
0.261,0.887
0.261,0.887
0.261,0.887
0.261,0.887
0.261,0.887
0.261,0.887
0.261,0.887
0.261,0.887
0.261,0.887
0.261,0.887
0.261,0.887
0.261,0.887
0.261,0.887
0.261,0.887
0.261,0.887
0.261,0.887
0.261,0.887
0.261,0.887
0.261,0.887
0.261,0.887
0.261,0.887
0.261,0.887
0.261,0.887
0.261,0.887
0.261,0.887
0.261,0.887
0.261,0.887
0.261,0.887
0.261,0.887
0.261,0.887
0.261,0.887
0.261,0.887
0.261,0.887
0.261,0.887
0.261,0.887
0.261,0.887
0.261,0.887
0.261,0.887
0.261,0.887
0.261,0.887
0.261,0.887
0.261,0.887
0.261,0.887
0.261,0.887
0.261,0.887
0.261,0.887
0.261,0.887
0.261,0.887
0.261,0.887
0.261,0.887
0.261,0.887
0.261,0.887
0.261,0.887
0.261,0.887
0.261,0.887
0.261,0.887
0.261,0.887
0.261,0.887
0.261,0.887
0.261,0.887
0.261,0.887
0.261,0.887
0.261,0.887
0.261,0.887
0.261,0.887
0.261,0.887
0.261,0.887
0.261,0.887
0.261,0.887
0.261,0.887
0.261,0.887
0.261,0.887
0.261,0.887
0.261,0.887
0.261,0.887
0.261,0.887
0.261,0.887
0.261,0.887
0.261,0.887
0.261,0.887
0.261,0.887
0.261,0.887
0.261,0.887
0.261,0.887
0.261,0.887
0.261,0.887
0.261,0.887
0.261,0.887
0.261,0.887
0.261,0.887
0.261,0.887
0.261,0.887
0.261,0.887
0.261,0.887
0.261,0.887
0.261,0.887
0.261,0.887
0.261,0.887
0.261,0.887
0.261,0.887
0.261,0.887
0.261,0.887
0.261,0.887
0.261,0.887
0.261,0.887
0.261,0.887
0.261,0.887
0.261,0.887
0.261,0.887
0.261,0.887
0.261,0.887
0.261,0.887
0.261,0.887
0.261,0.887
0.261,0.887
0.261,0.887
0.261,0.887
0.261,0.887
0.261,0.887
0.261,0.887
0.261,0.887
0.261,0.887
0.261,0.887
0.261,0.887
0.261,0.887
0.261,0.887
0.261,0.887
0.261,0.887
0.261,0.887
0.261,0.887
0.261,0.887
0.261,0.887
0.261,0.887
0.261,0.887
0.261,0.887
0.261,0.887
0.261,0.887
0.261,0.887
0.261,0.887
0.261,0.887
0.261,0.887
0.261,0.887
0.261,0.887
0.261,0.887
0.261,0.887
0.261,0.887
0.261,0.887
0.261,0.887
0.261,0.887
0.261,0.887
0.261,0.887
0.261,0.887
0.261,0.887
0.261,0.887
0.261,0.887
0.261,0.887
0.261,0.887
0.261,0.887
0.261,0.887
0.261,0.887
0.261,0.887
0.261,0.887
0.261,0.887
0.261,0.887
0.261,0.887
0.261,0.887
0.261,0.887
0.261,0.887
0.261,0.887
0.261,0.887
0.261,0.887
0.261,0.887
0.261,0.887
0.261,0.887
0.261,0.887
0.261,0.887
0.261,0.887
0.261,0.887
0.261,0.887
0.261,0.887
0.261,0.887
0.261,0.887
0.261,0.887
0.261,0.887
0.261,0.887
0.261,0.887
0.261,0.887
0.261,0.887
0.261,0.887
0.261,0.887
0.261,0.887
0.261,0.887
0.261,0.887
0.261,0.887
0.261,0.887
0.261,0.887
0.261,0.887
0.261,0.887
0.261,0.887
0.261,0.887
0.261,0.887
0.261,0.887
0.261,0.887
0.261,0.887
0.261,0.887
0.261,0.887
0.261,0.887
0.261,0.887
0.261,0.887
0.261,0.887
0.261,0.887
0.261,0.887
0.261,0.887
0.261,0.887
0.261,0.887
0.261,0.887
0.261,0.887
0.261,0.887
0.261,0.887
0.261,0.887
0.261,0.887
0.261,0.887
0.261,0.887
0.261,0.887
0.261,0.887
0.261,0.887
0.261,0.887
0.261,0.887
0.261,0.887
0.261,0.887
0.261,0.887
0.261,0.887
0.261,0.887
0.261,0.887
0.261,0.887
0.261,0.887
0.261,0.887
0.261,0.887
0.261,0.887
0.261,0.887
0.261,0.887
0.261,0.887
0.261,0.887
0.261,0.887
0.261,0.887
0.261,0.887
0.261,0.887
0.261,0.887
0.261,0.887
0.261,0.887
0.261,0.887
0.261,0.887
0.261,0.887
0.261,0.887
0.261,0.887
0.261,0.887
0.261,0.887
0.261,0.887
0.261,0.887
0.261,0.887
0.261,0.887
0.261,0.887
0.261,0.887
0.261,0.887
0.261,0.887
0.261,0.887
0.261,0.887
0.261,0.887
0.261,0.887
0.261,0.887
0.261,0.887
0.261,0.887
0.261,0.887
0.261,0.887
0.261,0.887
0.261,0.887
0.261,0.887
0.261,0.887
0.261,0.887
0.261,0.887
0.261,0.887
0.261,0.887
0.261,0.887
0.261,0.887
0.261,0.887
0.261,0.887
0.261,0.887
0.261,0.887
0.261,0.887
0.261,0.887
0.261,0.887
0.261,0.887
0.261,0.887
0.261,0.887
0.261,0.887
0.261,0.887
0.261,0.887
0.261,0.887
0.261,0.887
0.261,0.887
0.261,0.887
0.261,0.887
0.261,0.887
0.261,0.887
0.261,0.887
0.261,0.887
0.261,0.887
0.261,0.887
0.261,0.887
0.261,0.887
0.261,0.887
0.261,0.887
0.261,0.887
0.261,0.887
0.261,0.887
0.261,0.887
0.261,0.887
0.261,0.887
0.261,0.887
0.261,0.887
0.261,0.887
0.261,0.887
0.261,0.887
0.261,0.887
0.261,0.887
0.261,0.887
0.261,0.887
0.261,0.887
0.261,0.887
0.261,0.887
0.261,0.887
0.261,0.887
0.261,0.887
0.261,0.887
0.261,0.887
0.261,0.887
0.261,0.887
0.261,0.887
0.261,0.887
0.261,0.887
0.261,0.887
0.261,0.887
0.261,0.887
0.261,0.887
0.261,0.887
0.261,0.887
0.261,0.887
0.261,0.887
0.261,0.887
0.261,0.887
0.261,0.887
0.261,0.887
0.261,0.887
0.261,0.887
0.261,0.887
0.261,0.887
0.261,0.887
0.261,0.887
0.261,0.887
0.261,0.887
0.261,0.887
0.261,0.887
0.261,0.887
0.261,0.887
0.261,0.887
0.261,0.887
0.261,0.887
0.261,0.887
0.261,0.887
0.261,0.887
0.261,0.887
0.261,0.887
0.261,0.887
0.261,0.887
0.261,0.887
0.261,0.887
0.261,0.887
0.261,0.887
0.261,0.887
0.261,0.887
0.261,0.887
0.261,0.887
0.261,0.887
0.261,0.887
0.261,0.887
0.261,0.887
0.261,0.887
0.261,0.887
0.261,0.887
0.261,0.887
0.261,0.887
0.261,0.887
0.261,0.887
0.261,0.887
0.261,0.887
0.261,0.887
0.261,0.887
0.261,0.887
0.261,0.887
0.261,0.887
0.261,0.887
0.261,0.887
0.261,0.887
0.261,0.887
0.261,0.887
0.261,0.887
0.261,0.887
0.261,0.887
0.261,0.887
0.261,0.887
0.261,0.887
0.261,0.887
0.261,0.887
0.261,0.887
0.261,0.887
0.261,0.887
0.261,0.887
0.261,0.887
0.261,0.887
0.261,0.887
0.261,0.887
0.261,0.887
0.261,0.887
0.261,0.887
0.261,0.887
0.261,0.887
0.261,0.887
0.261,0.887
0.261,0.887
0.261,0.887
0.261,0.887
0.261,0.887
0.261,0.887
0.261,0.887
0.261,0.887
0.261,0.887
0.261,0.887
0.261,0.887
0.261,0.887
0.261,0.887
0.261,0.887
0.261,0.887
0.261,0.887
0.261,0.887
0.261,0.887
0.261,0.887
0.261,0.887
0.261,0.887
0.261,0.887
0.261,0.887
0.261,0.887
0.261,0.887
0.261,0.887
0.261,0.887
0.261,0.887
0.261,0.887
0.261,0.887
0.261,0.887
0.261,0.887
0.261,0.887
0.261,0.887
0.261,0.887
0.261,0.887
0.261,0.887
0.261,0.887
0.261,0.887
0.261,0.887
0.261,0.887
0.261,0.887
0.261,0.887
0.261,0.887
0.261,0.887
0.261,0.887
0.261,0.887
0.261,0.887
0.261,0.887
0.261,0.887
0.261,0.887
0.261,0.887
0.261,0.887
0.261,0.887
0.261,0.887
0.261,0.887
0.261,0.887
0.261,0.887
0.261,0.887
0.261,0.887
0.261,0.887
0.261,0.887
0.261,0.887
0.261,0.887
0.261,0.887
0.261,0.887
0.261,0.887
0.261,0.887
0.261,0.887
0.261,0.887
0.261,0.887
0.261,0.887
0.261,0.887
0.261,0.887
0.261,0.887
0.261,0.887
0.261,0.887
0.261,0.887
0.261,0.887
0.261,0.887
0.261,0.887
0.261,0.887
0.261,0.887
0.261,0.887
0.261,0.887
0.261,0.887
0.261,0.887
0.261,0.887
0.261,0.887
0.261,0.887
0.261,0.887
0.261,0.887
0.261,0.887
0.261,0.887
0.261,0.887
0.261,0.887
0.261,0.887
0.261,0.887
0.261,0.887
0.261,0.887
0.261,0.887
0.261,0.887
0.261,0.887
0.261,0.887
0.261,0.887
0.261,0.887
0.261,0.887
0.261,0.887
0.261,0.887
0.261,0.887
0.261,0.887
0.261,0.887
0.261,0.887
0.261,0.887
0.261,0.887
0.261,0.887
0.261,0.887
0.261,0.887
0.261,0.887
0.261,0.887
0.261,0.887
0.261,0.887
0.261,0.887
0.261,0.887
0.261,0.887
0.261,0.887
0.261,0.887
0.261,0.887
0.261,0.887
0.261,0.887
0.261,0.887
0.261,0.887
0.261,0.887
0.261,0.887
0.261,0.887
0.261,0.887
0.261,0.887
0.261,0.887
0.261,0.887
0.261,0.887
0.261,0.887
0.261,0.887
0.261,0.887
0.261,0.887
0.261,0.887
0.261,0.887
0.261,0.887
0.261,0.887
0.261,0.887
0.261,0.887
0.261,0.887
0.261,0.887
0.261,0.887
0.261,0.887
0.261,0.887
0.261,0.887
0.261,0.887
0.261,0.887
0.261,0.887
0.261,0.887
0.261,0.887
0.261,0.887
0.261,0.887
0.261,0.887
0.261,0.887
0.261,0.887
0.261,0.887
0.261,0.887
0.261,0.887
0.261,0.887
0.261,0.887
0.261,0.887
0.261,0.887
0.261,0.887
0.261,0.887
0.261,0.887
0.261,0.887
0.261,0.887
0.261,0.887
0.261,0.887
0.261,0.887
0.261,0.887
0.261,0.887
0.261,0.887
0.261,0.887
0.261,0.887
0.261,0.887
0.261,0.887
0.261,0.887
0.261,0.887
0.261,0.887
0.261,0.887
0.261,0.887
0.261,0.887
0.261,0.887
0.261,0.887
0.261,0.887
0.261,0.887
0.261,0.887
0.261,0.887
0.261,0.887
0.261,0.887
0.261,0.887
0.261,0.887
0.261,0.887
0.261,0.887
0.261,0.887
0.261,0.887
0.261,0.887
0.261,0.887
0.261,0.887
0.261,0.887
0.261,0.887
0.261,0.887
0.261,0.887
0.261,0.887
0.261,0.887
0.261,0.887
0.261,0.887
0.261,0.887
0.261,0.887
0.261,0.887
0.261,0.887
0.261,0.887
0.261,0.887
0.261,0.887
0.261,0.887
0.261,0.887
0.261,0.887
0.261,0.887
0.261,0.887
0.261,0.887
0.261,0.887
0.261,0.887
0.261,0.887
0.261,0.887
0.261,0.887
0.261,0.887
0.261,0.887
0.261,0.887
0.261,0.887
0.261,0.887
0.261,0.887
0.261,0.887
0.261,0.887
0.261,0.887
0.261,0.887
0.261,0.887
0.261,0.887
0.261,0.887
0.261,0.887
0.261,0.887
0.261,0.887
0.261,0.887
0.261,0.887
0.261,0.887
0.261,0.887
0.261,0.887
0.261,0.887
0.261,0.887
0.261,0.887
0.261,0.887
0.261,0.887
0.261,0.887
0.261,0.887
0.261,0.887
0.261,0.887
0.261,0.887
0.261,0.887
0.261,0.887
0.261,0.887
0.261,0.887
0.261,0.887
0.261,0.887
0.261,0.887
0.261,0.887
0.261,0.887
0.261,0.887
0.261,0.887
0.261,0.887
0.261,0.887
0.261,0.887
0.261,0.887
0.261,0.887
0.261,0.887
0.261,0.887
0.261,0.887
0.261,0.887
0.261,0.887
0.261,0.887
0.261,0.887
0.261,0.887
0.261,0.887
0.261,0.887
0.261,0.887
0.261,0.887
0.261,0.887
0.261,0.887
0.261,0.887
0.261,0.887
0.261,0.887
0.261,0.887
0.261,0.887
0.261,0.887
0.261,0.887
0.261,0.887
0.261,0.887
0.261,0.887
0.261,0.887
0.261,0.887
0.261,0.887
0.261,0.887
0.261,0.887
0.261,0.887
0.261,0.887
0.261,0.887
0.261,0.887
0.261,0.887
0.261,0.887
0.261,0.887
0.261,0.887
0.261,0.887
0.261,0.887
0.261,0.887
0.261,0.887
0.261,0.887
0.261,0.887
0.261,0.887
0.261,0.887
0.261,0.887
0.261,0.887
0.261,0.887
0.261,0.887
0.261,0.887
0.261,0.887
0.261,0.887
0.261,0.887
0.261,0.887
0.261,0.887
0.261,0.887
0.261,0.887
0.261,0.887
0.261,0.887
0.261,0.887
0.261,0.887
0.261,0.887
0.261,0.887
0.261,0.887
0.261,0.887
0.261,0.887
0.261,0.887
0.261,0.887
0.261,0.887
0.261,0.887
0.261,0.887
0.261,0.887
0.261,0.887
0.261,0.887
0.261,0.887
0.261,0.887
0.261,0.887
0.261,0.887
0.261,0.887
0.261,0.887
0.261,0.887
0.261,0.887
0.261,0.887
0.261,0.887
0.261,0.887
0.261,0.887
0.261,0.887
0.261,0.887
0.261,0.887
0.261,0.887
0.261,0.887
0.261,0.887
0.261,0.887
0.261,0.887
0.261,0.887
0.261,0.887
0.261,0.887
0.261,0.887
0.261,0.887
0.261,0.887
0.261,0.887
0.261,0.887
0.261,0.887
0.261,0.887
0.261,0.887
0.261,0.887
0.261,0.887
0.261,0.887
0.261,0.887
0.261,0.887
0.261,0.887
0.261,0.887
0.261,0.887
0.261,0.887
0.261,0.887
0.261,0.887
0.261,0.887
0.261,0.887
0.261,0.887
0.261,0.887
0.261,0.887
0.261,0.887
0.261,0.887
0.261,0.887
0.261,0.887
0.261,0.887
0.261,0.887
0.261,0.887
0.261,0.887
0.261,0.887
0.261,0.887
0.261,0.887
0.261,0.887
0.261,0.887
0.261,0.887
0.261,0.887
0.261,0.887
0.261,0.887
0.261,0.887
0.261,0.887
0.261,0.887
0.261,0.887
0.261,0.887
0.261,0.887
0.261,0.887
0.261,0.887
0.261,0.887
0.261,0.887
0.261,0.887
0.261,0.887
0.261,0.887
0.261,0.887
0.261,0.887
0.261,0.887
0.261,0.887
0.261,0.887
0.261,0.887
0.261,0.887
0.261,0.887
0.261,0.887
0.261,0.887
0.261,0.887
0.261,0.887
0.261,0.887
0.261,0.887
0.261,0.887
0.261,0.887
0.261,0.887
0.261,0.887
0.261,0.887
0.261,0.887
0.261,0.887
0.261,0.887
0.261,0.887
0.261,0.887
0.261,0.887
0.261,0.887
0.261,0.887
0.261,0.887
0.261,0.887
0.261,0.887
0.261,0.887
0.261,0.887
0.261,0.887
0.261,0.887
0.261,0.887
0.261,0.887
0.261,0.887
0.261,0.887
0.261,0.887
0.261,0.887
0.261,0.887
0.261,0.887
0.261,0.887
0.261,0.887
0.261,0.887
0.261,0.887
0.261,0.887
0.261,0.887
0.261,0.887
0.261,0.887
0.261,0.887
0.261,0.887
0.261,0.887
0.261,0.887
0.261,0.887
0.261,0.887
0.261,0.887
0.261,0.887
0.261,0.887
0.261,0.887
0.261,0.887
0.261,0.887
0.261,0.887
0.261,0.887
0.261,0.887
0.261,0.887
0.261,0.887
0.261,0.887
0.261,0.887
0.261,0.887
0.261,0.887
0.261,0.887
0.261,0.887
0.261,0.887
0.261,0.887
0.261,0.887
0.261,0.887
0.261,0.887
0.261,0.887
0.261,0.887
0.261,0.887
0.261,0.887
0.261,0.887
0.261,0.887
0.261,0.887
0.261,0.887
0.261,0.887
0.261,0.887
0.261,0.887
0.261,0.887
0.261,0.887
0.261,0.887
0.261,0.887
0.261,0.887
0.261,0.887
0.261,0.887
0.261,0.887
0.261,0.887
0.261,0.887
0.261,0.887
0.261,0.887
0.261,0.887
0.261,0.887
0.261,0.887
0.261,0.887
0.261,0.887
0.261,0.887
0.261,0.887
0.261,0.887
0.261,0.887
0.261,0.887
0.261,0.887
0.261,0.887
0.261,0.887
0.261,0.887
0.261,0.887
0.261,0.887
0.261,0.887
0.261,0.887
0.261,0.887
0.261,0.887
0.261,0.887
0.261,0.887
0.261,0.887
0.261,0.887
0.261,0.887
0.261,0.887
0.261,0.887
0.261,0.887
0.261,0.887
0.261,0.887
0.261,0.887
0.261,0.887
0.261,0.887
0.261,0.887
0.261,0.887
0.261,0.887
0.261,0.887
0.261,0.887
0.261,0.887
0.261,0.887
0.261,0.887
0.261,0.887
0.261,0.887
0.261,0.887
0.261,0.887
0.261,0.887
0.261,0.887
0.261,0.887
0.261,0.887
0.261,0.887
0.261,0.887
0.261,0.887
0.261,0.887
0.261,0.887
0.261,0.887
0.261,0.887
0.261,0.887
0.261,0.887
0.261,0.887
0.261,0.887
0.261,0.887
0.261,0.887
0.261,0.887
0.261,0.887
0.261,0.887
0.261,0.887
0.261,0.887
0.261,0.887
0.261,0.887
0.261,0.887
0.261,0.887
0.261,0.887
0.261,0.887
0.261,0.887
0.261,0.887
0.261,0.887
0.261,0.887
0.261,0.887
0.261,0.887
0.261,0.887
0.261,0.887
0.261,0.887
0.261,0.887
0.261,0.887
0.261,0.887
0.261,0.887
0.261,0.887
0.261,0.887
0.261,0.887
0.261,0.887
0.261,0.887
0.261,0.887
0.261,0.887
0.261,0.887
0.261,0.887
0.261,0.887
0.261,0.887
0.261,0.887
0.261,0.887
0.261,0.887
0.261,0.887
0.261,0.887
0.261,0.887
0.261,0.887
0.261,0.887
0.261,0.887
0.261,0.887
0.261,0.887
0.261,0.887
0.261,0.887
0.261,0.887
0.261,0.887
0.261,0.887
0.261,0.887
0.261,0.887
0.261,0.887
0.261,0.887
0.261,0.887
0.261,0.887
0.261,0.887
0.261,0.887
0.261,0.887
0.261,0.887
0.261,0.887
0.261,0.887
0.261,0.887
0.261,0.887
0.261,0.887
0.261,0.887
0.261,0.887
0.261,0.887
0.261,0.887
0.261,0.887
0.261,0.887
0.261,0.887
0.261,0.887
0.261,0.887
0.261,0.887
0.261,0.887
0.261,0.887
0.261,0.887
0.261,0.887
0.261,0.887
0.261,0.887
0.261,0.887
0.261,0.887
0.261,0.887
0.261,0.887
0.261,0.887
0.261,0.887
0.261,0.887
0.261,0.887
0.261,0.887
0.261,0.887
0.261,0.887
0.261,0.887
0.261,0.887
0.261,0.887
0.261,0.887
0.261,0.887
0.261,0.887
0.261,0.887
0.261,0.887
0.261,0.887
0.261,0.887
0.261,0.887
0.261,0.887
0.261,0.887
0.261,0.887
0.261,0.887
0.261,0.887
0.261,0.887
0.261,0.887
0.261,0.887
0.261,0.887
0.261,0.887
0.261,0.887
0.261,0.887
0.261,0.887
0.261,0.887
0.261,0.887
0.261,0.887
0.261,0.887
0.261,0.887
0.261,0.887
0.261,0.887
0.261,0.887
0.261,0.887
0.261,0.887
0.261,0.887
0.261,0.887
0.261,0.887
0.261,0.887
0.261,0.887
0.261,0.887
0.261,0.887
0.261,0.887
0.261,0.887
0.261,0.887
0.261,0.887
0.261,0.887
0.261,0.887
0.261,0.887
0.261,0.887
0.261,0.887
0.261,0.887
0.261,0.887
0.261,0.887
0.261,0.887
0.261,0.887
0.261,0.887
0.261,0.887
0.261,0.887
0.261,0.887
0.261,0.887
0.261,0.887
0.261,0.887
0.261,0.887
0.261,0.887
0.261,0.887
0.261,0.887
0.261,0.887
0.261,0.887
0.261,0.887
0.261,0.887
0.261,0.887
0.261,0.887
0.261,0.887
0.261,0.887
0.261,0.887
0.261,0.887
0.261,0.887
0.261,0.887
0.261,0.887
0.261,0.887
0.261,0.887
0.261,0.887
0.261,0.887
0.261,0.887
0.261,0.887
0.261,0.887
0.261,0.887
0.261,0.887
0.261,0.887
0.261,0.887
0.261,0.887
0.261,0.887
0.261,0.887
0.261,0.887
0.261,0.887
0.261,0.887
0.261,0.887
0.261,0.887
0.261,0.887
0.261,0.887
0.261,0.887
0.261,0.887
0.261,0.887
0.261,0.887
0.261,0.887
0.261,0.887
0.261,0.887
0.261,0.887
0.261,0.887
0.261,0.887
0.261,0.887
0.261,0.887
0.261,0.887
0.261,0.887
0.261,0.887
0.261,0.887
0.261,0.887
0.261,0.887
0.261,0.887
0.261,0.887
0.261,0.887
0.261,0.887
0.261,0.887
0.261,0.887
0.261,0.887
0.261,0.887
0.261,0.887
0.261,0.887
0.261,0.887
0.261,0.887
0.261,0.887
0.261,0.887
0.261,0.887
0.261,0.887
0.261,0.887
0.261,0.887
0.261,0.887
0.261,0.887
0.261,0.887
0.261,0.887
0.261,0.887
0.261,0.887
0.261,0.887
0.261,0.887
0.261,0.887
0.261,0.887
0.261,0.887
0.261,0.887
0.261,0.887
0.261,0.887
0.261,0.887
0.261,0.887
0.261,0.887
0.261,0.887
0.261,0.887
0.261,0.887
0.261,0.887
0.261,0.887
0.261,0.887
0.261,0.887
0.261,0.887
0.261,0.887
0.261,0.887
0.261,0.887
0.261,0.887
0.261,0.887
0.261,0.887
0.261,0.887
0.261,0.887
0.261,0.887
0.261,0.887
0.261,0.887
0.261,0.887
0.261,0.887
0.261,0.887
0.261,0.887
0.261,0.887
0.261,0.887
0.261,0.887
0.261,0.887
0.261,0.887
0.261,0.887
0.261,0.887
0.261,0.887
0.261,0.887
0.261,0.887
0.261,0.887
0.261,0.887
0.261,0.887
0.261,0.887
0.261,0.887
0.261,0.887
0.261,0.887
0.261,0.887
0.261,0.887
0.261,0.887
0.261,0.887
0.261,0.887
0.261,0.887
0.261,0.887
0.261,0.887
0.261,0.887
0.261,0.887
0.261,0.887
0.261,0.887
0.261,0.887
0.261,0.887
0.261,0.887
0.261,0.887
0.261,0.887
0.261,0.887
0.261,0.887
0.261,0.887
0.261,0.887
0.261,0.887
0.261,0.887
0.261,0.887
0.261,0.887
0.261,0.887
0.261,0.887
0.261,0.887
0.261,0.887
0.261,0.887
0.261,0.887
0.261,0.887
0.261,0.887
0.261,0.887
0.261,0.887
0.261,0.887
0.261,0.887
0.261,0.887
0.261,0.887
0.261,0.887
0.261,0.887
0.261,0.887
0.261,0.887
0.261,0.887
0.261,0.887
0.261,0.887
0.261,0.887
0.261,0.887
0.261,0.887
0.261,0.887
0.261,0.887
0.261,0.887
0.261,0.887
0.261,0.887
0.261,0.887
0.261,0.887
0.261,0.887
0.261,0.887
0.261,0.887
0.261,0.887
0.261,0.887
0.261,0.887
0.261,0.887
0.261,0.887
0.261,0.887
0.261,0.887
0.261,0.887
0.261,0.887
0.261,0.887
0.261,0.887
0.261,0.887
0.261,0.887
0.261,0.887
0.261,0.887
0.261,0.887
0.261,0.887
0.261,0.887
0.261,0.887
0.261,0.887
0.261,0.887
0.261,0.887
0.261,0.887
0.261,0.887
0.261,0.887
0.261,0.887
0.261,0.887
0.261,0.887
0.261,0.887
0.261,0.887
0.261,0.887
0.261,0.887
0.261,0.887
0.261,0.887
0.261,0.887
0.261,0.887
0.261,0.887
0.261,0.887
0.261,0.887
0.261,0.887
0.261,0.887
0.261,0.887
0.261,0.887
0.261,0.887
0.261,0.887
0.261,0.887
0.261,0.887
0.261,0.887
0.261,0.887
0.261,0.887
0.261,0.887
0.261,0.887
0.261,0.887
0.261,0.887
0.261,0.887
0.261,0.887
0.261,0.887
0.261,0.887
0.261,0.887
0.261,0.887
0.261,0.887
0.261,0.887
0.261,0.887
0.261,0.887
0.261,0.887
0.261,0.887
0.261,0.887
0.261,0.887
0.261,0.887
0.261,0.887
0.261,0.887
0.261,0.887
0.261,0.887
0.261,0.887
0.261,0.887
0.261,0.887
0.261,0.887
0.261,0.887
0.261,0.887
0.261,0.887
0.261,0.887
0.261,0.887
0.261,0.887
0.261,0.887
0.261,0.887
0.261,0.887
0.261,0.887
0.261,0.887
0.261,0.887
0.261,0.887
0.261,0.887
0.261,0.887
0.261,0.887
0.261,0.887
0.261,0.887
0.261,0.887
0.261,0.887
0.261,0.887
0.261,0.887
0.261,0.887
0.261,0.887
0.261,0.887
0.261,0.887
0.261,0.887
0.261,0.887
0.261,0.887
0.261,0.887
0.261,0.887
0.261,0.887
0.261,0.887
0.261,0.887
0.261,0.887
0.261,0.887
0.261,0.887
0.261,0.887
0.261,0.887
0.261,0.887
0.261,0.887
0.261,0.887
0.261,0.887
0.261,0.887
0.261,0.887
0.261,0.887
0.261,0.887
0.261,0.887
0.261,0.887
0.261,0.887
0.261,0.887
0.261,0.887
0.261,0.887
0.261,0.887
0.261,0.887
0.261,0.887
0.261,0.887
0.261,0.887
0.261,0.887
0.261,0.887
0.261,0.887
0.261,0.887
0.261,0.887
0.261,0.887
0.261,0.887
0.261,0.887
0.261,0.887
0.261,0.887
0.261,0.887
0.261,0.887
0.261,0.887
0.261,0.887
0.261,0.887
0.261,0.887
0.261,0.887
0.261,0.887
0.261,0.887
0.261,0.887
0.261,0.887
0.261,0.887
0.261,0.887
0.261,0.887
0.261,0.887
0.261,0.887
0.261,0.887
0.261,0.887
0.261,0.887
0.261,0.887
0.261,0.887
0.261,0.887
0.261,0.887
0.261,0.887
0.261,0.887
0.261,0.887
0.261,0.887
0.261,0.887
0.261,0.887
0.261,0.887
0.261,0.887
0.261,0.887
0.261,0.887
0.261,0.887
0.261,0.887
0.261,0.887
0.261,0.887
0.261,0.887
0.261,0.887
0.261,0.887
0.261,0.887
0.261,0.887
0.261,0.887
0.261,0.887
0.261,0.887
0.261,0.887
0.261,0.887
0.261,0.887
0.261,0.887
0.261,0.887
0.261,0.887
0.261,0.887
0.261,0.887
0.261,0.887
0.261,0.887
0.261,0.887
0.261,0.887
0.261,0.887
0.261,0.887
0.261,0.887
0.261,0.887
0.261,0.887
0.261,0.887
0.261,0.887
0.261,0.887
0.261,0.887
0.261,0.887
0.261,0.887
0.261,0.887
0.261,0.887
0.261,0.887
0.261,0.887
0.261,0.887
0.261,0.887
0.261,0.887
0.261,0.887
0.261,0.887
0.261,0.887
0.261,0.887
0.261,0.887
0.261,0.887
0.261,0.887
0.261,0.887
0.261,0.887
0.261,0.887
0.261,0.887
0.261,0.887
0.261,0.887
0.261,0.887
0.261,0.887
0.261,0.887
0.261,0.887
0.261,0.887
0.261,0.887
0.261,0.887
0.261,0.887
0.261,0.887
0.261,0.887
0.261,0.887
0.261,0.887
0.261,0.887
0.261,0.887
0.261,0.887
0.261,0.887
0.261,0.887
0.261,0.887
0.261,0.887
0.261,0.887
0.261,0.887
0.261,0.887
0.261,0.887
0.261,0.887
0.261,0.887
0.261,0.887
0.261,0.887
0.261,0.887
0.261,0.887
0.261,0.887
0.261,0.887
0.261,0.887
0.261,0.887
0.261,0.887
0.261,0.887
0.261,0.887
0.261,0.887
0.261,0.887
0.261,0.887
0.261,0.887
0.261,0.887
0.261,0.887
0.261,0.887
0.261,0.887
0.261,0.887
0.261,0.887
0.261,0.887
0.261,0.887
0.261,0.887
0.261,0.887
0.261,0.887
0.261,0.887
0.261,0.887
0.261,0.887
0.261,0.887
0.261,0.887
0.261,0.887
0.261,0.887
0.261,0.887
0.261,0.887
0.261,0.887
0.261,0.887
0.261,0.887
0.261,0.887
0.261,0.887
0.261,0.887
0.261,0.887
0.261,0.887
0.261,0.887
0.261,0.887
0.261,0.887
0.261,0.887
0.261,0.887
0.261,0.887
0.261,0.887
0.261,0.887
0.261,0.887
0.261,0.887
0.261,0.887
0.261,0.887
0.261,0.887
0.261,0.887
0.261,0.887
0.261,0.887
0.261,0.887
0.261,0.887
0.261,0.887
0.261,0.887
0.261,0.887
0.261,0.887
0.261,0.887
0.261,0.887
0.261,0.887
0.261,0.887
0.261,0.887
0.261,0.887
0.261,0.887
0.261,0.887
0.261,0.887
0.261,0.887
0.261,0.887
0.261,0.887
0.261,0.887
0.261,0.887
0.261,0.887
0.261,0.887
0.261,0.887
0.261,0.887
0.261,0.887
0.261,0.887
0.261,0.887
0.261,0.887
0.261,0.887
0.261,0.887
0.261,0.887
0.261,0.887
0.261,0.887
0.261,0.887
0.261,0.887
0.261,0.887
0.261,0.887
0.261,0.887
0.261,0.887
0.261,0.887
0.261,0.887
0.261,0.887
0.261,0.887
0.261,0.887
0.261,0.887
0.261,0.887
0.261,0.887
0.261,0.887
0.261,0.887
0.261,0.887
0.261,0.887
0.261,0.887
0.261,0.887
0.261,0.887
0.261,0.887
0.261,0.887
0.261,0.887
0.261,0.887
0.261,0.887
0.261,0.887
0.261,0.887
0.261,0.887
0.261,0.887
0.261,0.887
0.261,0.887
0.261,0.887
0.261,0.887
0.261,0.887
0.261,0.887
0.261,0.887
0.261,0.887
0.261,0.887
0.261,0.887
0.261,0.887
0.261,0.887
0.261,0.887
0.261,0.887
0.261,0.887
0.261,0.887
0.261,0.887
0.261,0.887
0.261,0.887
0.261,0.887
0.261,0.887
0.261,0.887
0.261,0.887
0.261,0.887
0.261,0.887
0.261,0.887
0.261,0.887
0.261,0.887
0.261,0.887
0.261,0.887
0.261,0.887
0.261,0.887
0.261,0.887
0.261,0.887
0.261,0.887
0.261,0.887
0.261,0.887
0.261,0.887
0.261,0.887
0.261,0.887
0.261,0.887
0.261,0.887
0.261,0.887
0.261,0.887
0.261,0.887
0.261,0.887
0.261,0.887
0.261,0.887
0.261,0.887
0.261,0.887
0.261,0.887
0.261,0.887
0.261,0.887
0.261,0.887
0.261,0.887
0.261,0.887
0.261,0.887
0.261,0.887
0.261,0.887
0.261,0.887
0.261,0.887
0.261,0.887
0.261,0.887
0.261,0.887
0.261,0.887
0.261,0.887
0.261,0.887
0.261,0.887
0.261,0.887
0.261,0.887
0.261,0.887
0.261,0.887
0.261,0.887
0.261,0.887
0.261,0.887
0.261,0.887
0.261,0.887
0.261,0.887
0.261,0.887
0.261,0.887
0.261,0.887
0.261,0.887
0.261,0.887
0.261,0.887
0.261,0.887
0.261,0.887
0.261,0.887
0.261,0.887
0.261,0.887
0.261,0.887
0.261,0.887
0.261,0.887
0.261,0.887
0.261,0.887
0.261,0.887
0.261,0.887
0.261,0.887
0.261,0.887
0.261,0.887
0.261,0.887
0.261,0.887
0.261,0.887
0.261,0.887
0.261,0.887
0.261,0.887
0.261,0.887
0.261,0.887
0.261,0.887
0.261,0.887
0.261,0.887
0.261,0.887
0.261,0.887
0.261,0.887
0.261,0.887
0.261,0.887
0.261,0.887
0.261,0.887
0.261,0.887
0.261,0.887
0.261,0.887
0.261,0.887
0.261,0.887
0.261,0.887
0.261,0.887
0.261,0.887
0.261,0.887
0.261,0.887
0.261,0.887
0.261,0.887
0.261,0.887
0.261,0.887
0.261,0.887
0.261,0.887
0.261,0.887
0.261,0.887
0.261,0.887
0.261,0.887
0.261,0.887
0.261,0.887
0.261,0.887
0.261,0.887
0.261,0.887
0.261,0.887
0.261,0.887
0.261,0.887
0.261,0.887
0.261,0.887
0.261,0.887
0.261,0.887
0.261,0.887
0.261,0.887
0.261,0.887
0.261,0.887
0.261,0.887
0.261,0.887
0.261,0.887
0.261,0.887
0.261,0.887
0.261,0.887
0.261,0.887
0.261,0.887
0.261,0.887
0.261,0.887
0.261,0.887
0.261,0.887
0.261,0.887
0.261,0.887
0.261,0.887
0.261,0.887
0.261,0.887
0.261,0.887
0.261,0.887
0.261,0.887
0.261,0.887
0.261,0.887
0.261,0.887
0.261,0.887
0.261,0.887
0.261,0.887
0.261,0.887
0.261,0.887
0.261,0.887
0.261,0.887
0.261,0.887
0.261,0.887
0.261,0.887
0.261,0.887
0.261,0.887
0.261,0.887
0.261,0.887
0.261,0.887
0.261,0.887
0.261,0.887
0.261,0.887
0.261,0.887
0.261,0.887
0.261,0.887
0.261,0.887
0.261,0.887
0.261,0.887
0.261,0.887
0.261,0.887
0.261,0.887
0.261,0.887
0.261,0.887
0.261,0.887
0.261,0.887
0.261,0.887
0.261,0.887
0.261,0.887
0.261,0.887
0.261,0.887
0.261,0.887
0.261,0.887
0.261,0.887
0.261,0.887
0.261,0.887
0.261,0.887
0.261,0.887
0.261,0.887
0.261,0.887
0.261,0.887
0.261,0.887
0.261,0.887
0.261,0.887
0.261,0.887
0.261,0.887
0.261,0.887
0.261,0.887
0.261,0.887
0.261,0.887
0.261,0.887
0.261,0.887
0.261,0.887
0.261,0.887
0.261,0.887
0.261,0.887
0.261,0.887
0.261,0.887
0.261,0.887
0.261,0.887
0.261,0.887
0.261,0.887
0.261,0.887
0.261,0.887
0.261,0.887
0.261,0.887
0.261,0.887
0.261,0.887
0.261,0.887
0.261,0.887
0.261,0.887
0.261,0.887
0.261,0.887
0.261,0.887
0.261,0.887
0.261,0.887
0.261,0.887
0.261,0.887
0.261,0.887
0.261,0.887
0.261,0.887
0.261,0.887
0.261,0.887
0.261,0.887
0.261,0.887
0.261,0.887
0.261,0.887
0.261,0.887
0.261,0.887
0.261,0.887
0.261,0.887
0.261,0.887
0.261,0.887
0.261,0.887
0.261,0.887
0.261,0.887
0.261,0.887
0.261,0.887
0.261,0.887
0.261,0.887
0.261,0.887
0.261,0.887
0.261,0.887
0.261,0.887
0.261,0.887
0.261,0.887
0.261,0.887
0.261,0.887
0.261,0.887
0.261,0.887
0.261,0.887
0.261,0.887
0.261,0.887
0.261,0.887
0.261,0.887
0.261,0.887
0.261,0.887
0.261,0.887
0.261,0.887
0.261,0.887
0.261,0.887
0.261,0.887
0.261,0.887
0.261,0.887
0.261,0.887
0.261,0.887
0.261,0.887
0.261,0.887
0.261,0.887
0.261,0.887
0.261,0.887
0.261,0.887
0.261,0.887
0.261,0.887
0.261,0.887
0.261,0.887
0.261,0.887
0.261,0.887
0.261,0.887
0.261,0.887
0.261,0.887
0.261,0.887
0.261,0.887
0.261,0.887
0.261,0.887
0.261,0.887
0.261,0.887
0.261,0.887
0.261,0.887
0.261,0.887
0.261,0.887
0.261,0.887
0.261,0.887
0.261,0.887
0.261,0.887
0.261,0.887
0.261,0.887
0.261,0.887
0.261,0.887
0.261,0.887
0.261,0.887
0.261,0.887
0.261,0.887
0.261,0.887
0.261,0.887
0.261,0.887
0.261,0.887
0.261,0.887
0.261,0.887
0.261,0.887
0.261,0.887
0.261,0.887
0.261,0.887
0.261,0.887
0.261,0.887
0.261,0.887
0.261,0.887
0.261,0.887
0.261,0.887
0.261,0.887
0.261,0.887
0.261,0.887
0.261,0.887
0.261,0.887
0.261,0.887
0.261,0.887
0.261,0.887
0.261,0.887
0.261,0.887
0.261,0.887
0.261,0.887
0.261,0.887
0.261,0.887
0.261,0.887
0.261,0.887
0.261,0.887
0.261,0.887
0.261,0.887
0.261,0.887
0.261,0.887
0.261,0.887
0.261,0.887
0.261,0.887
0.261,0.887
0.261,0.887
0.261,0.887
0.261,0.887
0.261,0.887
0.261,0.887
0.261,0.887
0.261,0.887
0.261,0.887
0.261,0.887
0.261,0.887
0.261,0.887
0.261,0.887
0.261,0.887
0.261,0.887
0.261,0.887
0.261,0.887
0.261,0.887
0.261,0.887
0.261,0.887
0.261,0.887
0.261,0.887
0.261,0.887
0.261,0.887
0.261,0.887
0.261,0.887
0.261,0.887
0.261,0.887
0.261,0.887
0.261,0.887
0.261,0.887
0.261,0.887
0.261,0.887
0.261,0.887
0.261,0.887
0.261,0.887
0.261,0.887
0.261,0.887
0.261,0.887
0.261,0.887
0.261,0.887
0.261,0.887
0.261,0.887
0.261,0.887
0.261,0.887
0.261,0.887
0.261,0.887
0.261,0.887
0.261,0.887
0.261,0.887
0.261,0.887
0.261,0.887
0.261,0.887
0.261,0.887
0.261,0.887
0.261,0.887
0.261,0.887
0.261,0.887
0.261,0.887
0.261,0.887
0.261,0.887
0.261,0.887
0.261,0.887
0.261,0.887
0.261,0.887
0.261,0.887
0.261,0.887
0.261,0.887
0.261,0.887
0.261,0.887
0.261,0.887
0.261,0.887
0.261,0.887
0.261,0.887
0.261,0.887
0.261,0.887
0.261,0.887
0.261,0.887
0.261,0.887
0.261,0.887
0.261,0.887
0.261,0.887
0.261,0.887
0.261,0.887
0.261,0.887
0.261,0.887
0.261,0.887
0.261,0.887
0.261,0.887
0.261,0.887
0.261,0.887
0.261,0.887
0.261,0.887
0.261,0.887
0.261,0.887
0.261,0.887
0.261,0.887
0.261,0.887
0.261,0.887
0.261,0.887
0.261,0.887
0.261,0.887
0.261,0.887
0.261,0.887
0.261,0.887
0.261,0.887
0.261,0.887
0.261,0.887
0.261,0.887
0.261,0.887
0.261,0.887
0.261,0.887
0.261,0.887
0.261,0.887
0.261,0.887
0.261,0.887
0.261,0.887
0.261,0.887
0.261,0.887
0.261,0.887
0.261,0.887
0.261,0.887
0.261,0.887
0.261,0.887
0.261,0.887
0.261,0.887
0.261,0.887
0.261,0.887
0.261,0.887
0.261,0.887
0.261,0.887
0.261,0.887
0.261,0.887
0.261,0.887
0.261,0.887
0.261,0.887
0.261,0.887
0.261,0.887
0.261,0.887
0.261,0.887
0.261,0.887
0.261,0.887
0.261,0.887
0.261,0.887
0.261,0.887
0.261,0.887
0.261,0.887
0.261,0.887
0.261,0.887
0.261,0.887
0.261,0.887
0.261,0.887
0.261,0.887
0.261,0.887
0.261,0.887
0.261,0.887
0.261,0.887
0.261,0.887
0.261,0.887
0.261,0.887
0.261,0.887
0.261,0.887
0.261,0.887
0.261,0.887
0.261,0.887
0.261,0.887
0.261,0.887
0.261,0.887
0.261,0.887
0.261,0.887
0.261,0.887
0.261,0.887
0.261,0.887
0.261,0.887
0.261,0.887
0.261,0.887
0.261,0.887
0.261,0.887
0.261,0.887
0.261,0.887
0.261,0.887
0.261,0.887
0.261,0.887
0.261,0.887
0.261,0.887
0.261,0.887
0.261,0.887
0.261,0.887
0.261,0.887
0.261,0.887
0.261,0.887
0.261,0.887
0.261,0.887
0.261,0.887
0.261,0.887
0.261,0.887
0.261,0.887
0.261,0.887
0.261,0.887
0.261,0.887
0.261,0.887
0.261,0.887
0.261,0.887
0.261,0.887
0.261,0.887
0.261,0.887
0.261,0.887
0.261,0.887
0.261,0.887
0.261,0.887
0.261,0.887
0.261,0.887
0.261,0.887
0.261,0.887
0.261,0.887
0.261,0.887
0.261,0.887
0.261,0.887
0.261,0.887
0.261,0.887
0.261,0.887
0.261,0.887
0.261,0.887
0.261,0.887
0.261,0.887
0.261,0.887
0.261,0.887
0.261,0.887
0.261,0.887
0.261,0.887
0.261,0.887
0.261,0.887
0.261,0.887
0.261,0.887
0.261,0.887
0.261,0.887
0.261,0.887
0.261,0.887
0.261,0.887
0.261,0.887
0.261,0.887
0.261,0.887
0.261,0.887
0.261,0.887
0.261,0.887
0.261,0.887
0.261,0.887
0.261,0.887
0.261,0.887
0.261,0.887
0.261,0.887
0.261,0.887
0.261,0.887
0.261,0.887
0.261,0.887
0.261,0.887
0.261,0.887
0.261,0.887
0.261,0.887
0.261,0.887
0.261,0.887
0.261,0.887
0.261,0.887
0.261,0.887
0.261,0.887
0.261,0.887
0.261,0.887
0.261,0.887
0.261,0.887
0.261,0.887
0.261,0.887
0.261,0.887
0.261,0.887
0.261,0.887
0.261,0.887
0.261,0.887
0.261,0.887
0.261,0.887
0.261,0.887
0.261,0.887
0.261,0.887
0.261,0.887
0.261,0.887
0.261,0.887
0.261,0.887
0.261,0.887
0.261,0.887
0.261,0.887
0.261,0.887
0.261,0.887
0.261,0.887
0.261,0.887
0.261,0.887
0.261,0.887
0.261,0.887
0.261,0.887
0.261,0.887
0.261,0.887
0.261,0.887
0.261,0.887
0.261,0.887
0.261,0.887
0.261,0.887
0.261,0.887
0.261,0.887
0.261,0.887
0.261,0.887
0.261,0.887
0.261,0.887
0.261,0.887
0.261,0.887
0.261,0.887
0.261,0.887
0.261,0.887
0.261,0.887
0.261,0.887
0.261,0.887
0.261,0.887
0.261,0.887
0.261,0.887
0.261,0.887
0.261,0.887
0.261,0.887
0.261,0.887
0.261,0.887
0.261,0.887
0.261,0.887
0.261,0.887
0.261,0.887
0.261,0.887
0.261,0.887
0.261,0.887
0.261,0.887
0.261,0.887
0.261,0.887
0.261,0.887
0.261,0.887
0.261,0.887
0.261,0.887
0.261,0.887
0.261,0.887
0.261,0.887
0.261,0.887
0.261,0.887
0.261,0.887
0.261,0.887
0.261,0.887
0.261,0.887
0.261,0.887
0.261,0.887
0.261,0.887
0.261,0.887
0.261,0.887
0.261,0.887
0.261,0.887
0.261,0.887
0.261,0.887
0.261,0.887
0.261,0.887
0.261,0.887
0.261,0.887
0.261,0.887
0.261,0.887
0.261,0.887
0.261,0.887
0.261,0.887
0.261,0.887
0.261,0.887
0.261,0.887
0.261,0.887
0.261,0.887
0.261,0.887
0.261,0.887
0.261,0.887
0.261,0.887
0.261,0.887
0.261,0.887
0.261,0.887
0.261,0.887
0.261,0.887
0.261,0.887
0.261,0.887
0.261,0.887
0.261,0.887
0.261,0.887
0.261,0.887
0.261,0.887
0.261,0.887
0.261,0.887
0.261,0.887
0.261,0.887
0.261,0.887
0.261,0.887
0.261,0.887
0.261,0.887
0.261,0.887
0.261,0.887
0.261,0.887
0.261,0.887
0.261,0.887
0.261,0.887
0.261,0.887
0.261,0.887
0.261,0.887
0.261,0.887
0.261,0.887
0.261,0.887
0.261,0.887
0.261,0.887
0.261,0.887
0.261,0.887
0.261,0.887
0.261,0.887
0.261,0.887
0.261,0.887
0.261,0.887
0.261,0.887
0.261,0.887
0.261,0.887
0.261,0.887
0.261,0.887
0.261,0.887
0.261,0.887
0.261,0.887
0.261,0.887
0.261,0.887
0.261,0.887
0.261,0.887
0.261,0.887
0.261,0.887
0.261,0.887
0.261,0.887
0.261,0.887
0.261,0.887
0.261,0.887
0.261,0.887
0.261,0.887
0.261,0.887
0.261,0.887
0.261,0.887
0.261,0.887
0.261,0.887
0.261,0.887
0.261,0.887
0.261,0.887
0.261,0.887
0.261,0.887
0.261,0.887
0.261,0.887
0.261,0.887
0.261,0.887
0.261,0.887
0.261,0.887
0.261,0.887
0.261,0.887
0.261,0.887
0.261,0.887
0.261,0.887
0.261,0.887
0.261,0.887
0.261,0.887
0.261,0.887
0.261,0.887
0.261,0.887
0.261,0.887
0.261,0.887
0.261,0.887
0.261,0.887
0.261,0.887
0.261,0.887
0.261,0.887
0.261,0.887
0.261,0.887
0.261,0.887
0.261,0.887
0.261,0.887
0.261,0.887
0.261,0.887
0.261,0.887
0.261,0.887
0.261,0.887
0.261,0.887
0.261,0.887
0.261,0.887
0.261,0.887
0.261,0.887
0.261,0.887
0.261,0.887
0.261,0.887
0.261,0.887
0.261,0.887
0.261,0.887
0.261,0.887
0.261,0.887
0.261,0.887
0.261,0.887
0.261,0.887
0.261,0.887
0.261,0.887
0.261,0.887
0.261,0.887
0.261,0.887
0.261,0.887
0.261,0.887
0.261,0.887
0.261,0.887
0.261,0.887
0.261,0.887
0.261,0.887
0.261,0.887
0.261,0.887
0.261,0.887
0.261,0.887
0.261,0.887
0.261,0.887
0.261,0.887
0.261,0.887
0.261,0.887
0.261,0.887
0.261,0.887
0.261,0.887
0.261,0.887
0.261,0.887
0.261,0.887
0.261,0.887
0.261,0.887
0.261,0.887
0.261,0.887
0.261,0.887
0.261,0.887
0.261,0.887
0.261,0.887
0.261,0.887
0.261,0.887
0.261,0.887
0.261,0.887
0.261,0.887
0.261,0.887
0.261,0.887
0.261,0.887
0.261,0.887
0.261,0.887
0.261,0.887
0.261,0.887
0.261,0.887
0.261,0.887
0.261,0.887
0.261,0.887
0.261,0.887
0.261,0.887
0.261,0.887
0.261,0.887
0.261,0.887
0.261,0.887
0.261,0.887
0.261,0.887
0.261,0.887
0.261,0.887
0.261,0.887
0.261,0.887
0.261,0.887
0.261,0.887
0.261,0.887
0.261,0.887
0.261,0.887
0.261,0.887
0.261,0.887
0.261,0.887
0.261,0.887
0.261,0.887
0.261,0.887
0.261,0.887
0.261,0.887
0.261,0.887
0.261,0.887
0.261,0.887
0.261,0.887
0.261,0.887
0.261,0.887
0.261,0.887
0.261,0.887
0.261,0.887
0.261,0.887
0.261,0.887
0.261,0.887
0.261,0.887
0.261,0.887
0.261,0.887
0.261,0.887
0.261,0.887
0.261,0.887
0.261,0.887
0.261,0.887
0.261,0.887
0.261,0.887
0.261,0.887
0.261,0.887
0.261,0.887
0.261,0.887
0.261,0.887
0.261,0.887
0.261,0.887
0.261,0.887
0.261,0.887
0.261,0.887
0.261,0.887
0.261,0.887
0.261,0.887
0.261,0.887
0.261,0.887
0.261,0.887
0.261,0.887
0.261,0.887
0.261,0.887
0.261,0.887
0.261,0.887
0.261,0.887
0.261,0.887
0.261,0.887
0.261,0.887
0.261,0.887
0.261,0.887
0.261,0.887
0.261,0.887
0.261,0.887
0.261,0.887
0.261,0.887
0.261,0.887
0.261,0.887
0.261,0.887
0.261,0.887
0.261,0.887
0.261,0.887
0.261,0.887
0.261,0.887
0.261,0.887
0.261,0.887
0.261,0.887
0.261,0.887
0.261,0.887
0.261,0.887
0.261,0.887
0.261,0.887
0.261,0.887
0.261,0.887
0.261,0.887
0.261,0.887
0.261,0.887
0.261,0.887
0.261,0.887
0.261,0.887
0.261,0.887
0.261,0.887
0.261,0.887
0.261,0.887
0.261,0.887
0.261,0.887
0.261,0.887
0.261,0.887
0.261,0.887
0.261,0.887
0.261,0.887
0.261,0.887
0.261,0.887
0.261,0.887
0.261,0.887
0.261,0.887
0.261,0.887
0.261,0.887
0.261,0.887
0.261,0.887
0.261,0.887
0.261,0.887
0.261,0.887
0.261,0.887
0.261,0.887
0.261,0.887
0.261,0.887
0.261,0.887
0.261,0.887
0.261,0.887
0.261,0.887
0.261,0.887
0.261,0.887
0.261,0.887
0.261,0.887
0.261,0.887
0.261,0.887
0.261,0.887
0.261,0.887
0.261,0.887
0.261,0.887
0.261,0.887
0.261,0.887
0.261,0.887
0.261,0.887
0.261,0.887
0.261,0.887
0.261,0.887
0.261,0.887
0.261,0.887
0.261,0.887
0.261,0.887
0.261,0.887
0.261,0.887
0.261,0.887
0.261,0.887
0.261,0.887
0.261,0.887
0.261,0.887
0.261,0.887
0.261,0.887
0.261,0.887
0.261,0.887
0.261,0.887
0.261,0.887
0.261,0.887
0.261,0.887
0.261,0.887
0.261,0.887
0.261,0.887
0.261,0.887
0.261,0.887
0.261,0.887
0.261,0.887
0.261,0.887
0.261,0.887
0.261,0.887
0.261,0.887
0.261,0.887
0.261,0.887
0.261,0.887
0.261,0.887
0.261,0.887
0.261,0.887
0.261,0.887
0.261,0.887
0.261,0.887
0.261,0.887
0.261,0.887
0.261,0.887
0.261,0.887
0.261,0.887
0.261,0.887
0.261,0.887
0.261,0.887
0.261,0.887
0.261,0.887
0.261,0.887
0.261,0.887
0.261,0.887
0.261,0.887
0.261,0.887
0.261,0.887
0.261,0.887
0.261,0.887
0.261,0.887
0.261,0.887
0.261,0.887
0.261,0.887
0.261,0.887
0.261,0.887
0.261,0.887
0.261,0.887
0.261,0.887
0.261,0.887
0.261,0.887
0.261,0.887
0.261,0.887
0.261,0.887
0.261,0.887
0.261,0.887
0.261,0.887
0.261,0.887
0.261,0.887
0.261,0.887
0.261,0.887
0.261,0.887
0.261,0.887
0.261,0.887
0.261,0.887
0.261,0.887
0.261,0.887
0.261,0.887
0.261,0.887
0.261,0.887
0.261,0.887
0.261,0.887
0.261,0.887
0.261,0.887
0.261,0.887
0.261,0.887
0.261,0.887
0.261,0.887
0.261,0.887
0.261,0.887
0.261,0.887
0.261,0.887
0.261,0.887
0.261,0.887
0.261,0.887
0.261,0.887
0.261,0.887
0.261,0.887
0.261,0.887
0.261,0.887
0.261,0.887
0.261,0.887
0.261,0.887
0.261,0.887
0.261,0.887
0.261,0.887
0.261,0.887
0.261,0.887
0.261,0.887
0.261,0.887
0.261,0.887
0.261,0.887
0.261,0.887
0.261,0.887
0.261,0.887
0.261,0.887
0.261,0.887
0.261,0.887
0.261,0.887
0.261,0.887
0.261,0.887
0.261,0.887
0.261,0.887
0.261,0.887
0.261,0.887
0.261,0.887
0.261,0.887
0.261,0.887
0.261,0.887
0.261,0.887
0.261,0.887
0.261,0.887
0.261,0.887
0.261,0.887
0.261,0.887
0.261,0.887
0.261,0.887
0.261,0.887
0.261,0.887
0.261,0.887
0.261,0.887
0.261,0.887
0.261,0.887
0.261,0.887
0.261,0.887
0.261,0.887
0.261,0.887
0.261,0.887
0.261,0.887
0.261,0.887
0.261,0.887
0.261,0.887
0.261,0.887
0.261,0.887
0.261,0.887
0.261,0.887
0.261,0.887
0.261,0.887
0.261,0.887
0.261,0.887
0.261,0.887
0.261,0.887
0.261,0.887
0.261,0.887
0.261,0.887
0.261,0.887
0.261,0.887
0.261,0.887
0.261,0.887
0.261,0.887
0.261,0.887
0.261,0.887
0.261,0.887
0.261,0.887
0.261,0.887
0.261,0.887
0.261,0.887
0.261,0.887
0.261,0.887
0.261,0.887
0.261,0.887
0.261,0.887
0.261,0.887
0.261,0.887
0.261,0.887
0.261,0.887
0.261,0.887
0.261,0.887
0.261,0.887
0.261,0.887
0.261,0.887
0.261,0.887
0.261,0.887
0.261,0.887
0.261,0.887
0.261,0.887
0.261,0.887
0.261,0.887
0.261,0.887
0.261,0.887
0.261,0.887
0.261,0.887
0.261,0.887
0.261,0.887
0.261,0.887
0.261,0.887
0.261,0.887
0.261,0.887
0.261,0.887
0.261,0.887
0.261,0.887
0.261,0.887
0.261,0.887
0.261,0.887
0.261,0.887
0.261,0.887
0.261,0.887
0.261,0.887
0.261,0.887
0.261,0.887
0.261,0.887
0.261,0.887
0.261,0.887
0.261,0.887
0.261,0.887
0.261,0.887
0.261,0.887
0.261,0.887
0.261,0.887
0.261,0.887
0.261,0.887
0.261,0.887
0.261,0.887
0.261,0.887
0.261,0.887
0.261,0.887
0.261,0.887
0.261,0.887
0.261,0.887
0.261,0.887
0.261,0.887
0.261,0.887
0.261,0.887
0.261,0.887
0.261,0.887
0.261,0.887
0.261,0.887
0.261,0.887
0.261,0.887
0.261,0.887
0.261,0.887
0.261,0.887
0.261,0.887
0.261,0.887
0.261,0.887
0.261,0.887
0.261,0.887
0.261,0.887
0.261,0.887
0.261,0.887
0.261,0.887
0.261,0.887
0.261,0.887
0.261,0.887
0.261,0.887
0.261,0.887
0.261,0.887
0.261,0.887
0.261,0.887
0.261,0.887
0.261,0.887
0.261,0.887
0.261,0.887
0.261,0.887
0.261,0.887
0.261,0.887
0.261,0.887
0.261,0.887
0.261,0.887
0.261,0.887
0.261,0.887
0.261,0.887
0.261,0.887
0.261,0.887
0.261,0.887
0.261,0.887
0.261,0.887
0.261,0.887
0.261,0.887
0.261,0.887
0.261,0.887
0.261,0.887
0.261,0.887
0.261,0.887
0.261,0.887
0.261,0.887
0.261,0.887
0.261,0.887
0.261,0.887
0.261,0.887
0.261,0.887
0.261,0.887
0.261,0.887
0.261,0.887
0.261,0.887
0.261,0.887
0.261,0.887
0.261,0.887
0.261,0.887
0.261,0.887
0.261,0.887
0.261,0.887
0.261,0.887
0.261,0.887
0.261,0.887
0.261,0.887
0.261,0.887
0.261,0.887
0.261,0.887
0.261,0.887
0.261,0.887
0.261,0.887
0.261,0.887
0.261,0.887
0.261,0.887
0.261,0.887
0.261,0.887
0.261,0.887
0.261,0.887
0.261,0.887
0.261,0.887
0.261,0.887
0.261,0.887
0.261,0.887
0.261,0.887
0.261,0.887
0.261,0.887
0.261,0.887
0.261,0.887
0.261,0.887
0.261,0.887
0.261,0.887
0.261,0.887
0.261,0.887
0.261,0.887
0.261,0.887
0.261,0.887
0.261,0.887
0.261,0.887
0.261,0.887
0.261,0.887
0.261,0.887
0.261,0.887
0.261,0.887
0.261,0.887
0.261,0.887
0.261,0.887
0.261,0.887
0.261,0.887
0.261,0.887
0.261,0.887
0.261,0.887
0.261,0.887
0.261,0.887
0.261,0.887
0.261,0.887
0.261,0.887
0.261,0.887
0.261,0.887
0.261,0.887
0.261,0.887
0.261,0.887
0.261,0.887
0.261,0.887
0.261,0.887
0.261,0.887
0.261,0.887
0.261,0.887
0.261,0.887
0.261,0.887
0.261,0.887
0.261,0.887
0.261,0.887
0.261,0.887
0.261,0.887
0.261,0.887
0.261,0.887
0.261,0.887
0.261,0.887
0.261,0.887
0.261,0.887
0.261,0.887
0.261,0.887
0.261,0.887
0.261,0.887
0.261,0.887
0.261,0.887
0.261,0.887
0.261,0.887
0.261,0.887
0.261,0.887
0.261,0.887
0.261,0.887
0.261,0.887
0.261,0.887
0.261,0.887
0.261,0.887
0.261,0.887
0.261,0.887
0.261,0.887
0.261,0.887
0.261,0.887
0.261,0.887
0.261,0.887
0.261,0.887
0.261,0.887
0.261,0.887
0.261,0.887
0.261,0.887
0.261,0.887
0.261,0.887
0.261,0.887
0.261,0.887
0.261,0.887
0.261,0.887
0.261,0.887
0.261,0.887
0.261,0.887
0.261,0.887
0.261,0.887
0.261,0.887
0.261,0.887
0.261,0.887
0.261,0.887
0.261,0.887
0.261,0.887
0.261,0.887
0.261,0.887
0.261,0.887
0.261,0.887
0.261,0.887
0.261,0.887
0.261,0.887
0.261,0.887
0.261,0.887
0.261,0.887
0.261,0.887
0.261,0.887
0.261,0.887
0.261,0.887
0.261,0.887
0.261,0.887
0.261,0.887
0.261,0.887
0.261,0.887
0.261,0.887
0.261,0.887
0.261,0.887
0.261,0.887
0.261,0.887
0.261,0.887
0.261,0.887
0.261,0.887
0.261,0.887
0.261,0.887
0.261,0.887
0.261,0.887
0.261,0.887
0.261,0.887
0.261,0.887
0.261,0.887
0.261,0.887
0.261,0.887
0.261,0.887
0.261,0.887
0.261,0.887
0.261,0.887
0.261,0.887
0.261,0.887
0.261,0.887
0.261,0.887
0.261,0.887
0.261,0.887
0.261,0.887
0.261,0.887
0.261,0.887
0.261,0.887
0.261,0.887
0.261,0.887
0.261,0.887
0.261,0.887
0.261,0.887
0.261,0.887
0.261,0.887
0.261,0.887
0.261,0.887
0.261,0.887
0.261,0.887
0.261,0.887
0.261,0.887
0.261,0.887
0.261,0.887
0.261,0.887
0.261,0.887
0.261,0.887
0.261,0.887
0.261,0.887
0.261,0.887
0.261,0.887
0.261,0.887
0.261,0.887
0.261,0.887
0.261,0.887
0.261,0.887
0.261,0.887
0.261,0.887
0.261,0.887
0.261,0.887
0.261,0.887
0.261,0.887
0.261,0.887
0.261,0.887
0.261,0.887
0.261,0.887
0.261,0.887
0.261,0.887
0.261,0.887
0.261,0.887
0.261,0.887
0.261,0.887
0.261,0.887
0.261,0.887
0.261,0.887
0.261,0.887
0.261,0.887
0.261,0.887
0.261,0.887
0.261,0.887
0.261,0.887
0.261,0.887
0.261,0.887
0.261,0.887
0.261,0.887
0.261,0.887
0.261,0.887
0.261,0.887
0.261,0.887
0.261,0.887
0.261,0.887
0.261,0.887
0.261,0.887
0.261,0.887
0.261,0.887
0.261,0.887
0.261,0.887
0.261,0.887
0.261,0.887
0.261,0.887
0.261,0.887
0.261,0.887
0.261,0.887
0.261,0.887
0.261,0.887
0.261,0.887
0.261,0.887
0.261,0.887
0.261,0.887
0.261,0.887
0.261,0.887
0.261,0.887
0.261,0.887
0.261,0.887
0.261,0.887
0.261,0.887
0.261,0.887
0.261,0.887
0.261,0.887
0.261,0.887
0.261,0.887
0.261,0.887
0.261,0.887
0.261,0.887
0.261,0.887
0.261,0.887
0.261,0.887
0.261,0.887
0.261,0.887
0.261,0.887
0.261,0.887
0.261,0.887
0.261,0.887
0.261,0.887
0.261,0.887
0.261,0.887
0.261,0.887
0.261,0.887
0.261,0.887
0.261,0.887
0.261,0.887
0.261,0.887
0.261,0.887
0.261,0.887
0.261,0.887
0.261,0.887
0.261,0.887
0.261,0.887
0.261,0.887
0.261,0.887
0.261,0.887
0.261,0.887
0.261,0.887
0.261,0.887
0.261,0.887
0.261,0.887
0.261,0.887
0.261,0.887
0.261,0.887
0.261,0.887
0.261,0.887
0.261,0.887
0.261,0.887
0.261,0.887
0.261,0.887
0.261,0.887
0.261,0.887
0.261,0.887
0.261,0.887
0.261,0.887
0.261,0.887
0.261,0.887
0.261,0.887
0.261,0.887
0.261,0.887
0.261,0.887
0.261,0.887
0.261,0.887
0.261,0.887
0.261,0.887
0.261,0.887
0.261,0.887
0.261,0.887
0.261,0.887
0.261,0.887
0.261,0.887
0.261,0.887
0.261,0.887
0.261,0.887
0.261,0.887
0.261,0.887
0.261,0.887
0.261,0.887
0.261,0.887
0.261,0.887
0.261,0.887
0.261,0.887
0.261,0.887
0.261,0.887
0.261,0.887
0.261,0.887
0.261,0.887
0.261,0.887
0.261,0.887
0.261,0.887
0.261,0.887
0.261,0.887
0.261,0.887
0.261,0.887
0.261,0.887
0.261,0.887
0.261,0.887
0.261,0.887
0.261,0.887
0.261,0.887
0.261,0.887
0.261,0.887
0.261,0.887
0.261,0.887
0.261,0.887
0.261,0.887
0.261,0.887
0.261,0.887
0.261,0.887
0.261,0.887
0.261,0.887
0.261,0.887
0.261,0.887
0.261,0.887
0.261,0.887
0.261,0.887
0.261,0.887
0.261,0.887
0.261,0.887
0.261,0.887
0.261,0.887
0.261,0.887
0.261,0.887
0.261,0.887
0.261,0.887
0.261,0.887
0.261,0.887
0.261,0.887
0.261,0.887
0.261,0.887
0.261,0.887
0.261,0.887
0.261,0.887
0.261,0.887
0.261,0.887
0.261,0.887
0.261,0.887
0.261,0.887
0.261,0.887
0.261,0.887
0.261,0.887
0.261,0.887
0.261,0.887
0.261,0.887
0.261,0.887
0.261,0.887
0.261,0.887
0.261,0.887
0.261,0.887
0.261,0.887
0.261,0.887
0.261,0.887
0.261,0.887
0.261,0.887
0.261,0.887
0.261,0.887
0.261,0.887
0.261,0.887
0.261,0.887
0.261,0.887
0.261,0.887
0.261,0.887
0.261,0.887
0.261,0.887
0.261,0.887
0.261,0.887
0.261,0.887
0.261,0.887
0.261,0.887
0.261,0.887
0.261,0.887
0.261,0.887
0.261,0.887
0.261,0.887
0.261,0.887
0.261,0.887
0.261,0.887
0.261,0.887
0.261,0.887
0.261,0.887
0.261,0.887
0.261,0.887
0.261,0.887
0.261,0.887
0.261,0.887
0.261,0.887
0.261,0.887
0.261,0.887
0.261,0.887
0.261,0.887
0.261,0.887
0.261,0.887
0.261,0.887
0.261,0.887
0.261,0.887
0.261,0.887
0.261,0.887
0.261,0.887
0.261,0.887
0.261,0.887
0.261,0.887
0.261,0.887
0.261,0.887
0.261,0.887
0.261,0.887
0.261,0.887
0.261,0.887
0.261,0.887
0.261,0.887
0.261,0.887
0.261,0.887
0.261,0.887
0.261,0.887
0.261,0.887
0.261,0.887
0.261,0.887
0.261,0.887
0.261,0.887
0.261,0.887
0.261,0.887
0.261,0.887
0.261,0.887
0.261,0.887
0.261,0.887
0.261,0.887
0.261,0.887
0.261,0.887
0.261,0.887
0.261,0.887
0.261,0.887
0.261,0.887
0.261,0.887
0.261,0.887
0.261,0.887
0.261,0.887
0.261,0.887
0.261,0.887
0.261,0.887
0.261,0.887
0.261,0.887
0.261,0.887
0.261,0.887
0.261,0.887
0.261,0.887
0.261,0.887
0.261,0.887
0.261,0.887
0.261,0.887
0.261,0.887
0.261,0.887
0.261,0.887
0.261,0.887
0.261,0.887
0.261,0.887
0.261,0.887
0.261,0.887
0.261,0.887
0.261,0.887
0.261,0.887
0.261,0.887
0.261,0.887
0.261,0.887
0.261,0.887
0.261,0.887
0.261,0.887
0.261,0.887
0.261,0.887
0.261,0.887
0.261,0.887
0.261,0.887
0.261,0.887
0.261,0.887
0.261,0.887
0.261,0.887
0.261,0.887
0.261,0.887
0.261,0.887
0.261,0.887
0.261,0.887
0.261,0.887
0.261,0.887
0.261,0.887
0.261,0.887
0.261,0.887
0.261,0.887
0.261,0.887
0.261,0.887
0.261,0.887
0.261,0.887
0.261,0.887
0.261,0.887
0.261,0.887
0.261,0.887
0.261,0.887
0.261,0.887
0.261,0.887
0.261,0.887
0.261,0.887
0.261,0.887
0.261,0.887
0.261,0.887
0.261,0.887
0.261,0.887
0.261,0.887
0.261,0.887
0.261,0.887
0.261,0.887
0.261,0.887
0.261,0.887
0.261,0.887
0.261,0.887
0.261,0.887
0.261,0.887
0.261,0.887
0.261,0.887
0.261,0.887
0.261,0.887
0.261,0.887
0.261,0.887
0.261,0.887
0.261,0.887
0.261,0.887
0.261,0.887
0.261,0.887
0.261,0.887
0.261,0.887
0.261,0.887
0.261,0.887
0.261,0.887
0.261,0.887
0.261,0.887
0.261,0.887
0.261,0.887
0.261,0.887
0.261,0.887
0.261,0.887
0.261,0.887
0.261,0.887
0.261,0.887
0.261,0.887
0.261,0.887
0.261,0.887
0.261,0.887
0.261,0.887
0.261,0.887
0.261,0.887
0.261,0.887
0.261,0.887
0.261,0.887
0.261,0.887
0.261,0.887
0.261,0.887
0.261,0.887
0.261,0.887
0.261,0.887
0.261,0.887
0.261,0.887
0.261,0.887
0.261,0.887
0.261,0.887
0.261,0.887
0.261,0.887
0.261,0.887
0.261,0.887
0.261,0.887
0.261,0.887
0.261,0.887
0.261,0.887
0.261,0.887
0.261,0.887
0.261,0.887
0.261,0.887
0.261,0.887
0.261,0.887
0.261,0.887
0.261,0.887
0.261,0.887
0.261,0.887
0.261,0.887
0.261,0.887
0.261,0.887
0.261,0.887
0.261,0.887
0.261,0.887
0.261,0.887
0.261,0.887
0.261,0.887
0.261,0.887
0.261,0.887
0.261,0.887
0.261,0.887
0.261,0.887
0.261,0.887
0.261,0.887
0.261,0.887
0.261,0.887
0.261,0.887
0.261,0.887
0.261,0.887
0.261,0.887
0.261,0.887
0.261,0.887
0.261,0.887
0.261,0.887
0.261,0.887
0.261,0.887
0.261,0.887
0.261,0.887
0.261,0.887
0.261,0.887
0.261,0.887
0.261,0.887
0.261,0.887
0.261,0.887
0.261,0.887
0.261,0.887
0.261,0.887
0.261,0.887
0.261,0.887
0.261,0.887
0.261,0.887
0.261,0.887
0.261,0.887
0.261,0.887
0.261,0.887
0.261,0.887
0.261,0.887
0.261,0.887
0.261,0.887
0.261,0.887
0.261,0.887
0.261,0.887
0.261,0.887
0.261,0.887
0.261,0.887
0.261,0.887
0.261,0.887
0.261,0.887
0.261,0.887
0.261,0.887
0.261,0.887
0.261,0.887
0.261,0.887
0.261,0.887
0.261,0.887
0.261,0.887
0.261,0.887
0.261,0.887
0.261,0.887
0.261,0.887
0.261,0.887
0.261,0.887
0.261,0.887
0.261,0.887
0.261,0.887
0.261,0.887
0.261,0.887
0.261,0.887
0.261,0.887
0.261,0.887
0.261,0.887
0.261,0.887
0.261,0.887
0.261,0.887
0.261,0.887
0.261,0.887
0.261,0.887
0.261,0.887
0.261,0.887
0.261,0.887
0.261,0.887
0.261,0.887
0.261,0.887
0.261,0.887
0.261,0.887
0.261,0.887
0.261,0.887
0.261,0.887
0.261,0.887
0.261,0.887
0.261,0.887
0.261,0.887
0.261,0.887
0.261,0.887
0.261,0.887
0.261,0.887
0.261,0.887
0.261,0.887
0.261,0.887
0.261,0.887
0.261,0.887
0.261,0.887
0.261,0.887
0.261,0.887
0.261,0.887
0.261,0.887
0.261,0.887
0.261,0.887
0.261,0.887
0.261,0.887
0.261,0.887
0.261,0.887
0.261,0.887
0.261,0.887
0.261,0.887
0.261,0.887
0.261,0.887
0.261,0.887
0.261,0.887
0.261,0.887
0.261,0.887
0.261,0.887
0.261,0.887
0.261,0.887
0.261,0.887
0.261,0.887
0.261,0.887
0.261,0.887
0.261,0.887
0.261,0.887
0.261,0.887
0.261,0.887
0.261,0.887
0.261,0.887
0.261,0.887
0.261,0.887
0.261,0.887
0.261,0.887
0.261,0.887
0.261,0.887
0.261,0.887
0.261,0.887
0.261,0.887
0.261,0.887
0.261,0.887
0.261,0.887
0.261,0.887
0.261,0.887
0.261,0.887
0.261,0.887
0.261,0.887
0.261,0.887
0.261,0.887
0.261,0.887
0.261,0.887
0.261,0.887
0.261,0.887
0.261,0.887
0.261,0.887
0.261,0.887
0.261,0.887
0.261,0.887
0.261,0.887
0.261,0.887
0.261,0.887
0.261,0.887
0.261,0.887
0.261,0.887
0.261,0.887
0.261,0.887
0.261,0.887
0.261,0.887
0.261,0.887
0.261,0.887
0.261,0.887
0.261,0.887
0.261,0.887
0.261,0.887
0.261,0.887
0.261,0.887
0.261,0.887
0.261,0.887
0.261,0.887
0.261,0.887
0.261,0.887
0.261,0.887
0.261,0.887
0.261,0.887
0.261,0.887
0.261,0.887
0.261,0.887
0.261,0.887
0.261,0.887
0.261,0.887
0.261,0.887
0.261,0.887
0.261,0.887
0.261,0.887
0.261,0.887
0.261,0.887
0.261,0.887
0.261,0.887
0.261,0.887
0.261,0.887
0.261,0.887
0.261,0.887
0.261,0.887
0.261,0.887
0.261,0.887
0.261,0.887
0.261,0.887
0.261,0.887
0.261,0.887
0.261,0.887
0.261,0.887
0.261,0.887
0.261,0.887
0.261,0.887
0.261,0.887
0.261,0.887
0.261,0.887
0.261,0.887
0.261,0.887
0.261,0.887
0.261,0.887
0.261,0.887
0.261,0.887
0.261,0.887
0.261,0.887
0.261,0.887
0.261,0.887
0.261,0.887
0.261,0.887
0.261,0.887
0.261,0.887
0.261,0.887
0.261,0.887
0.261,0.887
0.261,0.887
0.261,0.887
0.261,0.887
0.261,0.887
0.261,0.887
0.261,0.887
0.261,0.887
0.261,0.887
0.261,0.887
0.261,0.887
0.261,0.887
0.261,0.887
0.261,0.887
0.261,0.887
0.261,0.887
0.261,0.887
0.261,0.887
0.261,0.887
0.261,0.887
0.261,0.887
0.261,0.887
0.261,0.887
0.261,0.887
0.261,0.887
0.261,0.887
0.261,0.887
0.261,0.887
0.261,0.887
0.261,0.887
0.261,0.887
0.261,0.887
0.261,0.887
0.261,0.887
0.261,0.887
0.261,0.887
0.261,0.887
0.261,0.887
0.261,0.887
0.261,0.887
0.261,0.887
0.261,0.887
0.261,0.887
0.261,0.887
0.261,0.887
0.261,0.887
0.261,0.887
0.261,0.887
0.261,0.887
0.261,0.887
0.261,0.887
0.261,0.887
0.261,0.887
0.261,0.887
0.261,0.887
0.261,0.887
0.261,0.887
0.261,0.887
0.261,0.887
0.261,0.887
0.261,0.887
0.261,0.887
0.261,0.887
0.261,0.887
0.261,0.887
0.261,0.887
0.261,0.887
0.261,0.887
0.261,0.887
0.261,0.887
0.261,0.887
0.261,0.887
0.261,0.887
0.261,0.887
0.261,0.887
0.261,0.887
0.261,0.887
0.261,0.887
0.261,0.887
0.261,0.887
0.261,0.887
0.261,0.887
0.261,0.887
0.261,0.887
0.261,0.887
0.261,0.887
0.261,0.887
0.261,0.887
0.261,0.887
0.261,0.887
0.261,0.887
0.261,0.887
0.261,0.887
0.261,0.887
0.261,0.887
0.261,0.887
0.261,0.887
0.261,0.887
0.261,0.887
0.261,0.887
0.261,0.887
0.261,0.887
0.261,0.887
0.261,0.887
0.261,0.887
0.261,0.887
0.261,0.887
0.261,0.887
0.261,0.887
0.261,0.887
0.261,0.887
0.261,0.887
0.261,0.887
0.261,0.887
0.261,0.887
0.261,0.887
0.261,0.887
0.261,0.887
0.261,0.887
0.261,0.887
0.261,0.887
0.261,0.887
0.261,0.887
0.261,0.887
0.261,0.887
0.261,0.887
0.261,0.887
0.261,0.887
0.261,0.887
0.261,0.887
0.261,0.887
0.261,0.887
0.261,0.887
0.261,0.887
0.261,0.887
0.261,0.887
0.261,0.887
0.261,0.887
0.261,0.887
0.261,0.887
0.261,0.887
0.261,0.887
0.261,0.887
0.261,0.887
0.261,0.887
0.261,0.887
0.261,0.887
0.261,0.887
0.261,0.887
0.261,0.887
0.261,0.887
0.261,0.887
0.261,0.887
0.261,0.887
0.261,0.887
0.261,0.887
0.261,0.887
0.261,0.887
0.261,0.887
0.261,0.887
0.261,0.887
0.261,0.887
0.261,0.887
0.261,0.887
0.261,0.887
0.261,0.887
0.261,0.887
0.261,0.887
0.261,0.887
0.261,0.887
0.261,0.887
0.261,0.887
0.261,0.887
0.261,0.887
0.261,0.887
0.261,0.887
0.261,0.887
0.261,0.887
0.261,0.887
0.261,0.887
0.261,0.887
0.261,0.887
0.261,0.887
0.261,0.887
0.261,0.887
0.261,0.887
0.261,0.887
0.261,0.887
0.261,0.887
0.261,0.887
0.261,0.887
0.261,0.887
0.261,0.887
0.261,0.887
0.261,0.887
0.261,0.887
0.261,0.887
0.261,0.887
0.261,0.887
0.261,0.887
0.261,0.887
0.261,0.887
0.261,0.887
0.261,0.887
0.261,0.887
0.261,0.887
0.261,0.887
0.261,0.887
0.261,0.887
0.261,0.887
0.261,0.887
0.261,0.887
0.261,0.887
0.261,0.887
0.261,0.887
0.261,0.887
0.261,0.887
0.261,0.887
0.261,0.887
0.261,0.887
0.261,0.887
0.261,0.887
0.261,0.887
0.261,0.887
0.261,0.887
0.261,0.887
0.261,0.887
0.261,0.887
0.261,0.887
0.261,0.887
0.261,0.887
0.261,0.887
0.261,0.887
0.261,0.887
0.261,0.887
0.261,0.887
0.261,0.887
0.261,0.887
0.261,0.887
0.261,0.887
0.261,0.887
0.261,0.887
0.261,0.887
0.261,0.887
0.261,0.887
0.261,0.887
0.261,0.887
0.261,0.887
0.261,0.887
0.261,0.887
0.261,0.887
0.261,0.887
0.261,0.887
0.261,0.887
0.261,0.887
0.261,0.887
0.261,0.887
0.261,0.887
0.261,0.887
0.261,0.887
0.261,0.887
0.261,0.887
0.261,0.887
0.261,0.887
0.261,0.887
0.261,0.887
0.261,0.887
0.261,0.887
0.261,0.887
0.261,0.887
0.261,0.887
0.261,0.887
0.261,0.887
0.261,0.887
0.261,0.887
0.261,0.887
0.261,0.887
0.261,0.887
0.261,0.887
0.261,0.887
0.261,0.887
0.261,0.887
0.261,0.887
0.261,0.887
0.261,0.887
0.261,0.887
0.261,0.887
0.261,0.887
0.261,0.887
0.261,0.887
0.261,0.887
0.261,0.887
0.261,0.887
0.261,0.887
0.261,0.887
0.261,0.887
0.261,0.887
0.261,0.887
0.261,0.887
0.261,0.887
0.261,0.887
0.261,0.887
0.261,0.887
0.261,0.887
0.261,0.887
0.261,0.887
0.261,0.887
0.261,0.887
0.261,0.887
0.261,0.887
0.261,0.887
0.261,0.887
0.261,0.887
0.261,0.887
0.261,0.887
0.261,0.887
0.261,0.887
0.261,0.887
0.261,0.887
0.261,0.887
0.261,0.887
0.261,0.887
0.261,0.887
0.261,0.887
0.261,0.887
0.261,0.887
0.261,0.887
0.261,0.887
0.261,0.887
0.261,0.887
0.261,0.887
0.261,0.887
0.261,0.887
0.261,0.887
0.261,0.887
0.261,0.887
0.261,0.887
0.261,0.887
0.261,0.887
0.261,0.887
0.261,0.887
0.261,0.887
0.261,0.887
0.261,0.887
0.261,0.887
0.261,0.887
0.261,0.887
0.261,0.887
0.261,0.887
0.261,0.887
0.261,0.887
0.261,0.887
0.261,0.887
0.261,0.887
0.261,0.887
0.261,0.887
0.261,0.887
0.261,0.887
0.261,0.887
0.261,0.887
0.261,0.887
0.261,0.887
0.261,0.887
0.261,0.887
0.261,0.887
0.261,0.887
0.261,0.887
0.261,0.887
0.261,0.887
0.261,0.887
0.261,0.887
0.261,0.887
0.261,0.887
0.261,0.887
0.261,0.887
0.261,0.887
0.261,0.887
0.261,0.887
0.261,0.887
0.261,0.887
0.261,0.887
0.261,0.887
0.261,0.887
0.261,0.887
0.261,0.887
0.261,0.887
0.261,0.887
0.261,0.887
0.261,0.887
0.261,0.887
0.261,0.887
0.261,0.887
0.261,0.887
0.261,0.887
0.261,0.887
0.261,0.887
0.261,0.887
0.261,0.887
0.261,0.887
0.261,0.887
0.261,0.887
0.261,0.887
0.261,0.887
0.261,0.887
0.261,0.887
0.261,0.887
0.261,0.887
0.261,0.887
0.261,0.887
0.261,0.887
0.261,0.887
0.261,0.887
0.261,0.887
0.261,0.887
0.261,0.887
0.261,0.887
0.261,0.887
0.261,0.887
0.261,0.887
0.261,0.887
0.261,0.887
0.261,0.887
0.261,0.887
0.261,0.887
0.261,0.887
0.261,0.887
0.261,0.887
0.261,0.887
0.261,0.887
0.261,0.887
0.261,0.887
0.261,0.887
0.261,0.887
0.261,0.887
0.261,0.887
0.261,0.887
0.261,0.887
0.261,0.887
0.261,0.887
0.261,0.887
0.261,0.887
0.261,0.887
0.261,0.887
0.261,0.887
0.261,0.887
0.261,0.887
0.261,0.887
0.261,0.887
0.261,0.887
0.261,0.887
0.261,0.887
0.261,0.887
0.261,0.887
0.261,0.887
0.261,0.887
0.261,0.887
0.261,0.887
0.261,0.887
0.261,0.887
0.261,0.887
0.261,0.887
0.261,0.887
0.261,0.887
0.261,0.887
0.261,0.887
0.261,0.887
0.261,0.887
0.261,0.887
0.261,0.887
0.261,0.887
0.261,0.887
0.261,0.887
0.261,0.887
0.261,0.887
0.261,0.887
0.261,0.887
0.261,0.887
0.261,0.887
0.261,0.887
0.261,0.887
0.261,0.887
0.261,0.887
0.261,0.887
0.261,0.887
0.261,0.887
0.261,0.887
0.261,0.887
0.261,0.887
0.261,0.887
0.261,0.887
0.261,0.887
0.261,0.887
0.261,0.887
0.261,0.887
0.261,0.887
0.261,0.887
0.261,0.887
0.261,0.887
0.261,0.887
0.261,0.887
0.261,0.887
0.261,0.887
0.261,0.887
0.261,0.887
0.261,0.887
0.261,0.887
0.261,0.887
0.261,0.887
0.261,0.887
0.261,0.887
0.261,0.887
0.261,0.887
0.261,0.887
0.261,0.887
0.261,0.887
0.261,0.887
0.261,0.887
0.261,0.887
0.261,0.887
0.261,0.887
0.261,0.887
0.261,0.887
0.261,0.887
0.261,0.887
0.261,0.887
0.261,0.887
0.261,0.887
0.261,0.887
0.261,0.887
0.261,0.887
0.261,0.887
0.261,0.887
0.261,0.887
0.261,0.887
0.261,0.887
0.261,0.887
0.261,0.887
0.261,0.887
0.261,0.887
0.261,0.887
0.261,0.887
0.261,0.887
0.261,0.887
0.261,0.887
0.261,0.887
0.261,0.887
0.261,0.887
0.261,0.887
0.261,0.887
0.261,0.887
0.261,0.887
0.261,0.887
0.261,0.887
0.261,0.887
0.261,0.887
0.261,0.887
0.261,0.887
0.261,0.887
0.261,0.887
0.261,0.887
0.261,0.887
0.261,0.887
0.261,0.887
0.261,0.887
0.261,0.887
0.261,0.887
0.261,0.887
0.261,0.887
0.261,0.887
0.261,0.887
0.261,0.887
0.261,0.887
0.261,0.887
0.261,0.887
0.261,0.887
0.261,0.887
0.261,0.887
0.261,0.887
0.261,0.887
0.261,0.887
0.261,0.887
0.261,0.887
0.261,0.887
0.261,0.887
0.261,0.887
0.261,0.887
0.261,0.887
0.261,0.887
0.261,0.887
0.261,0.887
0.261,0.887
0.261,0.887
0.261,0.887
0.261,0.887
0.261,0.887
0.261,0.887
0.261,0.887
0.261,0.887
0.261,0.887
0.261,0.887
0.261,0.887
0.261,0.887
0.261,0.887
0.261,0.887
0.261,0.887
0.261,0.887
0.261,0.887
0.261,0.887
0.261,0.887
0.261,0.887
0.261,0.887
0.261,0.887
0.261,0.887
0.261,0.887
0.261,0.887
0.261,0.887
0.261,0.887
0.261,0.887
0.261,0.887
0.261,0.887
0.261,0.887
0.261,0.887
0.261,0.887
0.261,0.887
0.261,0.887
0.261,0.887
0.261,0.887
0.261,0.887
0.261,0.887
0.261,0.887
0.261,0.887
0.261,0.887
0.261,0.887
0.261,0.887
0.261,0.887
0.261,0.887
0.261,0.887
0.261,0.887
0.261,0.887
0.261,0.887
0.261,0.887
0.261,0.887
0.261,0.887
0.261,0.887
0.261,0.887
0.261,0.887
0.261,0.887
0.261,0.887
0.261,0.887
0.261,0.887
0.261,0.887
0.261,0.887
0.261,0.887
0.261,0.887
0.261,0.887
0.261,0.887
0.261,0.887
0.261,0.887
0.261,0.887
0.261,0.887
0.261,0.887
0.261,0.887
0.261,0.887
0.261,0.887
0.261,0.887
0.261,0.887
0.261,0.887
0.261,0.887
0.261,0.887
0.261,0.887
0.261,0.887
0.261,0.887
0.261,0.887
0.261,0.887
0.261,0.887
0.261,0.887
0.261,0.887
0.261,0.887
0.261,0.887
0.261,0.887
0.261,0.887
0.261,0.887
0.261,0.887
0.261,0.887
0.261,0.887
0.261,0.887
0.261,0.887
0.261,0.887
0.261,0.887
0.261,0.887
0.261,0.887
0.261,0.887
0.261,0.887
0.261,0.887
0.261,0.887
0.261,0.887
0.261,0.887
0.261,0.887
0.261,0.887
0.261,0.887
0.261,0.887
0.261,0.887
0.261,0.887
0.261,0.887
0.261,0.887
0.261,0.887
0.261,0.887
0.261,0.887
0.261,0.887
0.261,0.887
0.261,0.887
0.261,0.887
0.261,0.887
0.261,0.887
0.261,0.887
0.261,0.887
0.261,0.887
0.261,0.887
0.261,0.887
0.261,0.887
0.261,0.887
0.261,0.887
0.261,0.887
0.261,0.887
0.261,0.887
0.261,0.887
0.261,0.887
0.261,0.887
0.261,0.887
0.261,0.887
0.261,0.887
0.261,0.887
0.261,0.887
0.261,0.887
0.261,0.887
0.261,0.887
0.261,0.887
0.261,0.887
0.261,0.887
0.261,0.887
0.261,0.887
0.261,0.887
0.261,0.887
0.261,0.887
0.261,0.887
0.261,0.887
0.261,0.887
0.261,0.887
0.261,0.887
0.261,0.887
0.261,0.887
0.261,0.887
0.261,0.887
0.261,0.887
0.261,0.887
0.261,0.887
0.261,0.887
0.261,0.887
0.261,0.887
0.261,0.887
0.261,0.887
0.261,0.887
0.261,0.887
0.261,0.887
0.261,0.887
0.261,0.887
0.261,0.887
0.261,0.887
0.261,0.887
0.261,0.887
0.261,0.887
0.261,0.887
0.261,0.887
0.261,0.887
0.261,0.887
0.261,0.887
0.261,0.887
0.261,0.887
0.261,0.887
0.261,0.887
0.261,0.887
0.261,0.887
0.261,0.887
0.261,0.887
0.261,0.887
0.261,0.887
0.261,0.887
0.261,0.887
0.261,0.887
0.261,0.887
0.261,0.887
0.261,0.887
0.261,0.887
0.261,0.887
0.261,0.887
0.261,0.887
0.261,0.887
0.261,0.887
0.261,0.887
0.261,0.887
0.261,0.887
0.261,0.887
0.261,0.887
0.261,0.887
0.261,0.887
0.261,0.887
0.261,0.887
0.261,0.887
0.261,0.887
0.261,0.887
0.261,0.887
0.261,0.887
0.261,0.887
0.261,0.887
0.261,0.887
0.261,0.887
0.261,0.887
0.261,0.887
0.261,0.887
0.261,0.887
0.261,0.887
0.261,0.887
0.261,0.887
0.261,0.887
0.261,0.887
0.261,0.887
0.261,0.887
0.261,0.887
0.261,0.887
0.261,0.887
0.261,0.887
0.261,0.887
0.261,0.887
0.261,0.887
0.261,0.887
0.261,0.887
0.261,0.887
0.261,0.887
0.261,0.887
0.261,0.887
0.261,0.887
0.261,0.887
0.261,0.887
0.261,0.887
0.261,0.887
0.261,0.887
0.261,0.887
0.261,0.887
0.261,0.887
0.261,0.887
0.261,0.887
0.261,0.887
0.261,0.887
0.261,0.887
0.261,0.887
0.261,0.887
0.261,0.887
0.261,0.887
0.261,0.887
0.261,0.887
0.261,0.887
0.261,0.887
0.261,0.887
0.261,0.887
0.261,0.887
0.261,0.887
0.261,0.887
0.261,0.887
0.261,0.887
0.261,0.887
0.261,0.887
0.261,0.887
0.261,0.887
0.261,0.887
0.261,0.887
0.261,0.887
0.261,0.887
0.261,0.887
0.261,0.887
0.261,0.887
0.261,0.887
0.261,0.887
0.261,0.887
0.261,0.887
0.261,0.887
0.261,0.887
0.261,0.887
0.261,0.887
0.261,0.887
0.261,0.887
0.261,0.887
0.261,0.887
0.261,0.887
0.261,0.887
0.261,0.887
0.261,0.887
0.261,0.887
0.261,0.887
0.261,0.887
0.261,0.887
0.261,0.887
0.261,0.887
0.261,0.887
0.261,0.887
0.261,0.887
0.261,0.887
0.261,0.887
0.261,0.887
0.261,0.887
0.261,0.887
0.261,0.887
0.261,0.887
0.261,0.887
0.261,0.887
0.261,0.887
0.261,0.887
0.261,0.887
0.261,0.887
0.261,0.887
0.261,0.887
0.261,0.887
0.261,0.887
0.261,0.887
0.261,0.887
0.261,0.887
0.261,0.887
0.261,0.887
0.261,0.887
0.261,0.887
0.261,0.887
0.261,0.887
0.261,0.887
0.261,0.887
0.261,0.887
0.261,0.887
0.261,0.887
0.261,0.887
0.261,0.887
0.261,0.887
0.261,0.887
0.261,0.887
0.261,0.887
0.261,0.887
0.261,0.887
0.261,0.887
0.261,0.887
0.261,0.887
0.261,0.887
0.261,0.887
0.261,0.887
0.261,0.887
0.261,0.887
0.261,0.887
0.261,0.887
0.261,0.887
0.261,0.887
0.261,0.887
0.261,0.887
0.261,0.887
0.261,0.887
0.261,0.887
0.261,0.887
0.261,0.887
0.261,0.887
0.261,0.887
0.261,0.887
0.261,0.887
0.261,0.887
0.261,0.887
0.261,0.887
0.261,0.887
0.261,0.887
0.261,0.887
0.261,0.887
0.261,0.887
0.261,0.887
0.261,0.887
0.261,0.887
0.261,0.887
0.261,0.887
0.261,0.887
0.261,0.887
0.261,0.887
0.261,0.887
0.261,0.887
0.261,0.887
0.261,0.887
0.261,0.887
0.261,0.887
0.261,0.887
0.261,0.887
0.261,0.887
0.261,0.887
0.261,0.887
0.261,0.887
0.261,0.887
0.261,0.887
0.261,0.887
0.261,0.887
0.261,0.887
0.261,0.887
0.261,0.887
0.261,0.887
0.261,0.887
0.261,0.887
0.261,0.887
0.261,0.887
0.261,0.887
0.261,0.887
0.261,0.887
0.261,0.887
0.261,0.887
0.261,0.887
0.261,0.887
0.261,0.887
0.261,0.887
0.261,0.887
0.261,0.887
0.261,0.887
0.261,0.887
0.261,0.887
0.261,0.887
0.261,0.887
0.261,0.887
0.261,0.887
0.261,0.887
0.261,0.887
0.261,0.887
0.261,0.887
0.261,0.887
0.261,0.887
0.261,0.887
0.261,0.887
0.261,0.887
0.261,0.887
0.261,0.887
0.261,0.887
0.261,0.887
0.261,0.887
0.261,0.887
0.261,0.887
0.261,0.887
0.261,0.887
0.261,0.887
0.261,0.887
0.261,0.887
0.261,0.887
0.261,0.887
0.261,0.887
0.261,0.887
0.261,0.887
0.261,0.887
0.261,0.887
0.261,0.887
0.261,0.887
0.261,0.887
0.261,0.887
0.261,0.887
0.261,0.887
0.261,0.887
0.261,0.887
0.261,0.887
0.261,0.887
0.261,0.887
0.261,0.887
0.261,0.887
0.261,0.887
0.261,0.887
0.261,0.887
0.261,0.887
0.261,0.887
0.261,0.887
0.261,0.887
0.261,0.887
0.261,0.887
0.261,0.887
0.261,0.887
0.261,0.887
0.261,0.887
0.261,0.887
0.261,0.887
0.261,0.887
0.261,0.887
0.261,0.887
0.261,0.887
0.261,0.887
0.261,0.887
0.261,0.887
0.261,0.887
0.261,0.887
0.261,0.887
0.261,0.887
0.261,0.887
0.261,0.887
0.261,0.887
0.261,0.887
0.261,0.887
0.261,0.887
0.261,0.887
0.261,0.887
0.261,0.887
0.261,0.887
0.261,0.887
0.261,0.887
0.261,0.887
0.261,0.887
0.261,0.887
0.261,0.887
0.261,0.887
0.261,0.887
0.261,0.887
0.261,0.887
0.261,0.887
0.261,0.887
0.261,0.887
0.261,0.887
0.261,0.887
0.261,0.887
0.261,0.887
0.261,0.887
0.261,0.887
0.261,0.887
0.261,0.887
0.261,0.887
0.261,0.887
0.261,0.887
0.261,0.887
0.261,0.887
0.261,0.887
0.261,0.887
0.261,0.887
0.261,0.887
0.261,0.887
0.261,0.887
0.261,0.887
0.261,0.887
0.261,0.887
0.261,0.887
0.261,0.887
0.261,0.887
0.261,0.887
0.261,0.887
0.261,0.887
0.261,0.887
0.261,0.887
0.261,0.887
0.261,0.887
0.261,0.887
0.261,0.887
0.261,0.887
0.261,0.887
0.261,0.887
0.261,0.887
0.261,0.887
0.261,0.887
0.261,0.887
0.261,0.887
0.261,0.887
0.261,0.887
0.261,0.887
0.261,0.887
0.261,0.887
0.261,0.887
0.261,0.887
0.261,0.887
0.261,0.887
0.261,0.887
0.261,0.887
0.261,0.887
0.261,0.887
0.261,0.887
0.261,0.887
0.261,0.887
0.261,0.887
0.261,0.887
0.261,0.887
0.261,0.887
0.261,0.887
0.261,0.887
0.261,0.887
0.261,0.887
0.261,0.887
0.261,0.887
0.261,0.887
0.261,0.887
0.261,0.887
0.261,0.887
0.261,0.887
0.261,0.887
0.261,0.887
0.261,0.887
0.261,0.887
0.261,0.887
0.261,0.887
0.261,0.887
0.261,0.887
0.261,0.887
0.261,0.887
0.261,0.887
0.261,0.887
0.261,0.887
0.261,0.887
0.261,0.887
0.261,0.887
0.261,0.887
0.261,0.887
0.261,0.887
0.261,0.887
0.261,0.887
0.261,0.887
0.261,0.887
0.261,0.887
0.261,0.887
0.261,0.887
0.261,0.887
0.261,0.887
0.261,0.887
0.261,0.887
0.261,0.887
0.261,0.887
0.261,0.887
0.261,0.887
0.261,0.887
0.261,0.887
0.261,0.887
0.261,0.887
0.261,0.887
0.261,0.887
0.261,0.887
0.261,0.887
0.261,0.887
0.261,0.887
0.261,0.887
0.261,0.887
0.261,0.887
0.261,0.887
0.261,0.887
0.261,0.887
0.261,0.887
0.261,0.887
0.261,0.887
0.261,0.887
0.261,0.887
0.261,0.887
0.261,0.887
0.261,0.887
0.261,0.887
0.261,0.887
0.261,0.887
0.261,0.887
0.261,0.887
0.261,0.887
0.261,0.887
0.261,0.887
0.261,0.887
0.261,0.887
0.261,0.887
0.261,0.887
0.261,0.887
0.261,0.887
0.261,0.887
0.261,0.887
0.261,0.887
0.261,0.887
0.261,0.887
0.261,0.887
0.261,0.887
0.261,0.887
0.261,0.887
0.261,0.887
0.261,0.887
0.261,0.887
0.261,0.887
0.261,0.887
0.261,0.887
0.261,0.887
0.261,0.887
0.261,0.887
0.261,0.887
0.261,0.887
0.261,0.887
0.261,0.887
0.261,0.887
0.261,0.887
0.261,0.887
0.261,0.887
0.261,0.887
0.261,0.887
0.261,0.887
0.261,0.887
0.261,0.887
0.261,0.887
0.261,0.887
0.261,0.887
0.261,0.887
0.261,0.887
0.261,0.887
0.261,0.887
0.261,0.887
0.261,0.887
0.261,0.887
0.261,0.887
0.261,0.887
0.261,0.887
0.261,0.887
0.261,0.887
0.261,0.887
0.261,0.887
0.261,0.887
0.261,0.887
0.261,0.887
0.261,0.887
0.261,0.887
0.261,0.887
0.261,0.887
0.261,0.887
0.261,0.887
0.261,0.887
0.261,0.887
0.261,0.887
0.261,0.887
0.261,0.887
0.261,0.887
0.261,0.887
0.261,0.887
0.261,0.887
0.261,0.887
0.261,0.887
0.261,0.887
0.261,0.887
0.261,0.887
0.261,0.887
0.261,0.887
0.261,0.887
0.261,0.887
0.261,0.887
0.261,0.887
0.261,0.887
0.261,0.887
0.261,0.887
0.261,0.887
0.261,0.887
0.261,0.887
0.261,0.887
0.261,0.887
0.261,0.887
0.261,0.887
0.261,0.887
0.261,0.887
0.261,0.887
0.261,0.887
0.261,0.887
0.261,0.887
0.261,0.887
0.261,0.887
0.261,0.887
0.261,0.887
0.261,0.887
0.261,0.887
0.261,0.887
0.261,0.887
0.261,0.887
0.261,0.887
0.261,0.887
0.261,0.887
0.261,0.887
0.261,0.887
0.261,0.887
0.261,0.887
0.261,0.887
0.261,0.887
0.261,0.887
0.261,0.887
0.261,0.887
0.261,0.887
0.261,0.887
0.261,0.887
0.261,0.887
0.261,0.887
0.261,0.887
0.261,0.887
0.261,0.887
0.261,0.887
0.261,0.887
0.261,0.887
0.261,0.887
0.261,0.887
0.261,0.887
0.261,0.887
0.261,0.887
0.261,0.887
0.261,0.887
0.261,0.887
0.261,0.887
0.261,0.887
0.261,0.887
0.261,0.887
0.261,0.887
0.261,0.887
0.261,0.887
0.261,0.887
0.261,0.887
0.261,0.887
0.261,0.887
0.261,0.887
0.261,0.887
0.261,0.887
0.261,0.887
0.261,0.887
0.261,0.887
0.261,0.887
0.261,0.887
0.261,0.887
0.261,0.887
0.261,0.887
0.261,0.887
0.261,0.887
0.261,0.887
0.261,0.887
0.261,0.887
0.261,0.887
0.261,0.887
0.261,0.887
0.261,0.887
0.261,0.887
0.261,0.887
0.261,0.887
0.261,0.887
0.261,0.887
0.261,0.887
0.261,0.887
0.261,0.887
0.261,0.887
0.261,0.887
0.261,0.887
0.261,0.887
0.261,0.887
0.261,0.887
0.261,0.887
0.261,0.887
0.261,0.887
0.261,0.887
0.261,0.887
0.261,0.887
0.261,0.887
0.261,0.887
0.261,0.887
0.261,0.887
0.261,0.887
0.261,0.887
0.261,0.887
0.261,0.887
0.261,0.887
0.261,0.887
0.261,0.887
0.261,0.887
0.261,0.887
0.261,0.887
0.261,0.887
0.261,0.887
0.261,0.887
0.261,0.887
0.261,0.887
0.261,0.887
0.261,0.887
0.261,0.887
0.261,0.887
0.261,0.887
0.261,0.887
0.261,0.887
0.261,0.887
0.261,0.887
0.261,0.887
0.261,0.887
0.261,0.887
0.261,0.887
0.261,0.887
0.261,0.887
0.261,0.887
0.261,0.887
0.261,0.887
0.261,0.887
0.261,0.887
0.261,0.887
0.261,0.887
0.261,0.887
0.261,0.887
0.261,0.887
0.261,0.887
0.261,0.887
0.261,0.887
0.261,0.887
0.261,0.887
0.261,0.887
0.261,0.887
0.261,0.887
0.261,0.887
0.261,0.887
0.261,0.887
0.261,0.887
0.261,0.887
0.261,0.887
0.261,0.887
0.261,0.887
0.261,0.887
0.261,0.887
0.261,0.887
0.261,0.887
0.261,0.887
0.261,0.887
0.261,0.887
0.261,0.887
0.261,0.887
0.261,0.887
0.261,0.887
0.261,0.887
0.261,0.887
0.261,0.887
0.261,0.887
0.261,0.887
0.261,0.887
0.261,0.887
0.261,0.887
0.261,0.887
0.261,0.887
0.261,0.887
0.261,0.887
0.261,0.887
0.261,0.887
0.261,0.887
0.261,0.887
0.261,0.887
0.261,0.887
0.261,0.887
0.261,0.887
0.261,0.887
0.261,0.887
0.261,0.887
0.261,0.887
0.261,0.887
0.261,0.887
0.261,0.887
0.261,0.887
0.261,0.887
0.261,0.887
0.261,0.887
0.261,0.887
0.261,0.887
0.261,0.887
0.261,0.887
0.261,0.887
0.261,0.887
0.261,0.887
0.261,0.887
0.261,0.887
0.261,0.887
0.261,0.887
0.261,0.887
0.261,0.887
0.261,0.887
0.261,0.887
0.261,0.887
0.261,0.887
0.261,0.887
0.261,0.887
0.261,0.887
0.261,0.887
0.261,0.887
0.261,0.887
0.261,0.887
0.261,0.887
0.261,0.887
0.261,0.887
0.261,0.887
0.261,0.887
0.261,0.887
0.261,0.887
0.261,0.887
0.261,0.887
0.261,0.887
0.261,0.887
0.261,0.887
0.261,0.887
0.261,0.887
0.261,0.887
0.261,0.887
0.261,0.887
0.261,0.887
0.261,0.887
0.261,0.887
0.261,0.887
0.261,0.887
0.261,0.887
0.261,0.887
0.261,0.887
0.261,0.887
0.261,0.887
0.261,0.887
0.261,0.887
0.261,0.887
0.261,0.887
0.261,0.887
0.261,0.887
0.261,0.887
0.261,0.887
0.261,0.887
0.261,0.887
0.261,0.887
0.261,0.887
0.261,0.887
0.261,0.887
0.261,0.887
0.261,0.887
0.261,0.887
0.261,0.887
0.261,0.887
0.261,0.887
0.261,0.887
0.261,0.887
0.261,0.887
0.261,0.887
0.261,0.887
0.261,0.887
0.261,0.887
0.261,0.887
0.261,0.887
0.261,0.887
0.261,0.887
0.261,0.887
0.261,0.887
0.261,0.887
0.261,0.887
0.261,0.887
0.261,0.887
0.261,0.887
0.261,0.887
0.261,0.887
0.261,0.887
0.261,0.887
0.261,0.887
0.261,0.887
0.261,0.887
0.261,0.887
0.261,0.887
0.261,0.887
0.261,0.887
0.261,0.887
0.261,0.887
0.261,0.887
0.261,0.887
0.261,0.887
0.261,0.887
0.261,0.887
0.261,0.887
0.261,0.887
0.261,0.887
0.261,0.887
0.261,0.887
0.261,0.887
0.261,0.887
0.261,0.887
0.261,0.887
0.261,0.887
0.261,0.887
0.261,0.887
0.261,0.887
0.261,0.887
0.261,0.887
0.261,0.887
0.261,0.887
0.261,0.887
0.261,0.887
0.261,0.887
0.261,0.887
0.261,0.887
0.261,0.887
0.261,0.887
0.261,0.887
0.261,0.887
0.261,0.887
0.261,0.887
0.261,0.887
0.261,0.887
0.261,0.887
0.261,0.887
0.261,0.887
0.261,0.887
0.261,0.887
0.261,0.887
0.261,0.887
0.261,0.887
0.261,0.887
0.261,0.887
0.261,0.887
0.261,0.887
0.261,0.887
0.261,0.887
0.261,0.887
0.261,0.887
0.261,0.887
0.261,0.887
0.261,0.887
0.261,0.887
0.261,0.887
0.261,0.887
0.261,0.887
0.261,0.887
0.261,0.887
0.261,0.887
0.261,0.887
0.261,0.887
0.261,0.887
0.261,0.887
0.261,0.887
0.261,0.887
0.261,0.887
0.261,0.887
0.261,0.887
0.261,0.887
0.261,0.887
0.261,0.887
0.261,0.887
0.261,0.887
0.261,0.887
0.261,0.887
0.261,0.887
0.261,0.887
0.261,0.887
0.261,0.887
0.261,0.887
0.261,0.887
0.261,0.887
0.261,0.887
0.261,0.887
0.261,0.887
0.261,0.887
0.261,0.887
0.261,0.887
0.261,0.887
0.261,0.887
0.261,0.887
0.261,0.887
0.261,0.887
0.261,0.887
0.261,0.887
0.261,0.887
0.261,0.887
0.261,0.887
0.261,0.887
0.261,0.887
0.261,0.887
0.261,0.887
0.261,0.887
0.261,0.887
0.261,0.887
0.261,0.887
0.261,0.887
0.261,0.887
0.261,0.887
0.261,0.887
0.261,0.887
0.261,0.887
0.261,0.887
0.261,0.887
0.261,0.887
0.261,0.887
0.261,0.887
0.261,0.887
0.261,0.887
0.261,0.887
0.261,0.887
0.261,0.887
0.261,0.887
0.261,0.887
0.261,0.887
0.261,0.887
0.261,0.887
0.261,0.887
0.261,0.887
0.261,0.887
0.261,0.887
0.261,0.887
0.261,0.887
0.261,0.887
0.261,0.887
0.261,0.887
0.261,0.887
0.261,0.887
0.261,0.887
0.261,0.887
0.261,0.887
0.261,0.887
0.261,0.887
0.261,0.887
0.261,0.887
0.261,0.887
0.261,0.887
0.261,0.887
0.261,0.887
0.261,0.887
0.261,0.887
0.261,0.887
0.261,0.887
0.261,0.887
0.261,0.887
0.261,0.887
0.261,0.887
0.261,0.887
0.261,0.887
0.261,0.887
0.261,0.887
0.261,0.887
0.261,0.887
0.261,0.887
0.261,0.887
0.261,0.887
0.261,0.887
0.261,0.887
0.261,0.887
0.261,0.887
0.261,0.887
0.261,0.887
0.261,0.887
0.261,0.887
0.261,0.887
0.261,0.887
0.261,0.887
0.261,0.887
0.261,0.887
0.261,0.887
0.261,0.887
0.261,0.887
0.261,0.887
0.261,0.887
0.261,0.887
0.261,0.887
0.261,0.887
0.261,0.887
0.261,0.887
0.261,0.887
0.261,0.887
0.261,0.887
0.261,0.887
0.261,0.887
0.261,0.887
0.261,0.887
0.261,0.887
0.261,0.887
0.261,0.887
0.261,0.887
0.261,0.887
0.261,0.887
0.261,0.887
0.261,0.887
0.261,0.887
0.261,0.887
0.261,0.887
0.261,0.887
0.261,0.887
0.261,0.887
0.261,0.887
0.261,0.887
0.261,0.887
0.261,0.887
0.261,0.887
0.261,0.887
0.261,0.887
0.261,0.887
0.261,0.887
0.261,0.887
0.261,0.887
0.261,0.887
0.261,0.887
0.261,0.887
0.261,0.887
0.261,0.887
0.261,0.887
0.261,0.887
0.261,0.887
0.261,0.887
0.261,0.887
0.261,0.887
0.261,0.887
0.261,0.887
0.261,0.887
0.261,0.887
0.261,0.887
0.261,0.887
0.261,0.887
0.261,0.887
0.261,0.887
0.261,0.887
0.261,0.887
0.261,0.887
0.261,0.887
0.261,0.887
0.261,0.887
0.261,0.887
0.261,0.887
0.261,0.887
0.261,0.887
0.261,0.887
0.261,0.887
0.261,0.887
0.261,0.887
0.261,0.887
0.261,0.887
0.261,0.887
0.261,0.887
0.261,0.887
0.261,0.887
0.261,0.887
0.261,0.887
0.261,0.887
0.261,0.887
0.261,0.887
0.261,0.887
0.261,0.887
0.261,0.887
0.261,0.887
0.261,0.887
0.261,0.887
0.261,0.887
0.261,0.887
0.261,0.887
0.261,0.887
0.261,0.887
0.261,0.887
0.261,0.887
0.261,0.887
0.261,0.887
0.261,0.887
0.261,0.887
0.261,0.887
0.261,0.887
0.261,0.887
0.261,0.887
0.261,0.887
0.261,0.887
0.261,0.887
0.261,0.887
0.261,0.887
0.261,0.887
0.261,0.887
0.261,0.887
0.261,0.887
0.261,0.887
0.261,0.887
0.261,0.887
0.261,0.887
0.261,0.887
0.261,0.887
0.261,0.887
0.261,0.887
0.261,0.887
0.261,0.887
0.261,0.887
0.261,0.887
0.261,0.887
0.261,0.887
0.261,0.887
0.261,0.887
0.261,0.887
0.261,0.887
0.261,0.887
0.261,0.887
0.261,0.887
0.261,0.887
0.261,0.887
0.261,0.887
0.261,0.887
0.261,0.887
0.261,0.887
0.261,0.887
0.261,0.887
0.261,0.887
0.261,0.887
0.261,0.887
0.261,0.887
0.261,0.887
0.261,0.887
0.261,0.887
0.261,0.887
0.261,0.887
0.261,0.887
0.261,0.887
0.261,0.887
0.261,0.887
0.261,0.887
0.261,0.887
0.261,0.887
0.261,0.887
0.261,0.887
0.261,0.887
0.261,0.887
0.261,0.887
0.261,0.887
0.261,0.887
0.261,0.887
0.261,0.887
0.261,0.887
0.261,0.887
0.261,0.887
0.261,0.887
0.261,0.887
0.261,0.887
0.261,0.887
0.261,0.887
0.261,0.887
0.261,0.887
0.261,0.887
0.261,0.887
0.261,0.887
0.261,0.887
0.261,0.887
0.261,0.887
0.261,0.887
0.261,0.887
0.261,0.887
0.261,0.887
0.261,0.887
0.261,0.887
0.261,0.887
0.261,0.887
0.261,0.887
0.261,0.887
0.261,0.887
0.261,0.887
0.261,0.887
0.261,0.887
0.261,0.887
0.261,0.887
0.261,0.887
0.261,0.887
0.261,0.887
0.261,0.887
0.261,0.887
0.261,0.887
0.261,0.887
0.261,0.887
0.261,0.887
0.261,0.887
0.261,0.887
0.261,0.887
0.261,0.887
0.261,0.887
0.261,0.887
0.261,0.887
0.261,0.887
0.261,0.887
0.261,0.887
0.261,0.887
0.261,0.887
