loss,accuracy
9.346,0.168
8.521,0.168
7.547,0.170
6.391,0.190
5.095,0.205
3.968,0.323
3.195,0.398
2.669,0.470
2.306,0.527
2.042,0.552
1.839,0.590
1.676,0.600
1.540,0.620
1.424,0.635
1.323,0.657
1.234,0.662
1.154,0.675
1.083,0.693
1.018,0.703
0.959,0.710
0.904,0.728
0.854,0.735
0.808,0.750
0.765,0.750
0.725,0.757
0.688,0.762
0.653,0.767
0.621,0.772
0.591,0.772
0.564,0.782
0.539,0.790
0.515,0.802
0.494,0.815
0.474,0.833
0.456,0.838
0.439,0.845
0.423,0.853
0.409,0.855
0.396,0.860
0.383,0.870
0.371,0.880
0.360,0.885
0.350,0.890
0.340,0.892
0.331,0.892
0.322,0.892
0.313,0.895
0.305,0.895
0.297,0.897
0.290,0.900
0.283,0.902
0.276,0.902
0.269,0.902
0.263,0.902
0.257,0.902
0.251,0.905
0.245,0.907
0.240,0.910
0.235,0.915
0.230,0.915
0.225,0.917
0.220,0.917
0.216,0.920
0.211,0.920
0.207,0.920
0.203,0.925
0.200,0.927
0.196,0.927
0.193,0.927
0.189,0.930
0.186,0.930
0.183,0.932
0.180,0.932
0.177,0.930
0.174,0.930
0.172,0.930
0.169,0.930
0.167,0.932
0.164,0.932
0.162,0.932
0.160,0.932
0.158,0.935
0.156,0.938
0.154,0.940
0.152,0.943
0.150,0.945
0.148,0.945
0.147,0.948
0.145,0.948
0.144,0.950
0.142,0.953
0.141,0.953
0.139,0.955
0.138,0.958
0.136,0.958
0.135,0.958
0.134,0.958
0.133,0.958
0.131,0.958
0.130,0.958
0.129,0.958
0.128,0.960
0.127,0.960
0.126,0.960
0.125,0.960
0.124,0.960
0.123,0.960
0.122,0.960
0.121,0.960
0.120,0.960
0.120,0.960
0.119,0.960
0.118,0.960
0.117,0.960
0.116,0.960
0.116,0.960
0.115,0.960
0.114,0.960
0.114,0.960
0.113,0.960
0.112,0.960
0.112,0.960
0.111,0.960
0.110,0.960
0.110,0.963
0.109,0.963
0.108,0.965
0.108,0.965
0.107,0.965
0.107,0.965
0.106,0.965
0.106,0.965
0.105,0.965
0.105,0.968
0.104,0.968
0.104,0.968
0.103,0.968
0.103,0.968
0.102,0.968
0.102,0.968
0.101,0.968
0.101,0.968
0.100,0.968
0.100,0.968
0.099,0.968
0.099,0.968
0.099,0.968
0.098,0.970
0.098,0.970
0.097,0.973
0.097,0.973
0.097,0.973
0.096,0.973
0.096,0.973
0.096,0.973
0.095,0.973
0.095,0.973
0.094,0.973
0.094,0.973
0.094,0.973
0.093,0.973
0.093,0.973
0.093,0.973
0.092,0.973
0.092,0.973
0.092,0.973
0.091,0.973
0.091,0.973
0.091,0.973
0.091,0.973
0.090,0.973
0.090,0.973
0.090,0.973
0.089,0.973
0.089,0.973
0.089,0.973
0.088,0.973
0.088,0.973
0.088,0.973
0.088,0.973
0.087,0.973
0.087,0.973
0.087,0.973
0.087,0.973
0.086,0.973
0.086,0.973
0.086,0.973
0.086,0.973
0.085,0.973
0.085,0.973
0.085,0.973
0.085,0.975
0.084,0.975
0.084,0.975
0.084,0.975
0.084,0.975
0.083,0.975
0.083,0.975
0.083,0.975
0.083,0.975
0.083,0.975
0.082,0.975
0.082,0.975
0.082,0.978
0.082,0.978
0.081,0.978
0.081,0.978
0.081,0.978
0.081,0.978
0.081,0.978
0.080,0.978
0.080,0.978
0.080,0.978
0.080,0.978
0.080,0.978
0.079,0.978
0.079,0.978
0.079,0.978
0.079,0.978
0.079,0.978
0.078,0.978
0.078,0.978
0.078,0.978
0.078,0.978
0.078,0.978
0.078,0.978
0.077,0.978
0.077,0.978
0.077,0.978
0.077,0.978
0.077,0.978
0.076,0.978
0.076,0.978
0.076,0.978
0.076,0.978
0.076,0.978
0.076,0.978
0.075,0.978
0.075,0.978
0.075,0.978
0.075,0.978
0.075,0.978
0.075,0.978
0.074,0.978
0.074,0.978
0.074,0.978
0.074,0.978
0.074,0.978
0.074,0.978
0.074,0.978
0.073,0.978
0.073,0.978
0.073,0.978
0.073,0.978
0.073,0.978
0.073,0.978
0.072,0.978
0.072,0.978
0.072,0.978
0.072,0.978
0.072,0.978
0.072,0.978
0.072,0.978
0.071,0.978
0.071,0.978
0.071,0.978
0.071,0.978
0.071,0.978
0.071,0.978
0.071,0.978
0.070,0.978
0.070,0.978
0.070,0.978
0.070,0.978
0.070,0.978
0.070,0.978
0.070,0.978
0.070,0.978
0.069,0.978
0.069,0.978
0.069,0.978
0.069,0.978
0.069,0.978
0.069,0.978
0.069,0.978
0.069,0.978
0.068,0.978
0.068,0.978
0.068,0.978
0.068,0.978
0.068,0.978
0.068,0.978
0.068,0.978
0.068,0.978
0.067,0.978
0.067,0.978
0.067,0.978
0.067,0.978
0.067,0.978
0.067,0.978
0.067,0.978
0.067,0.978
0.066,0.978
0.066,0.978
0.066,0.978
0.066,0.978
0.066,0.978
0.066,0.978
0.066,0.978
0.066,0.978
0.066,0.978
0.065,0.978
0.065,0.978
0.065,0.978
0.065,0.978
0.065,0.978
0.065,0.978
0.065,0.978
0.065,0.978
0.065,0.978
0.064,0.978
0.064,0.978
0.064,0.978
0.064,0.978
0.064,0.978
0.064,0.978
0.064,0.978
0.064,0.978
0.064,0.978
0.064,0.978
0.063,0.978
0.063,0.978
0.063,0.978
0.063,0.978
0.063,0.978
0.063,0.978
0.063,0.978
0.063,0.978
0.063,0.978
0.063,0.978
0.062,0.978
0.062,0.978
0.062,0.978
0.062,0.978
0.062,0.978
0.062,0.978
0.062,0.978
0.062,0.978
0.062,0.978
0.062,0.978
0.061,0.978
0.061,0.978
0.061,0.978
0.061,0.978
0.061,0.978
0.061,0.978
0.061,0.980
0.061,0.980
0.061,0.980
0.061,0.980
0.061,0.980
0.060,0.980
0.060,0.980
0.060,0.980
0.060,0.980
0.060,0.980
0.060,0.980
0.060,0.980
0.060,0.980
0.060,0.980
0.060,0.983
0.060,0.983
0.059,0.983
0.059,0.983
0.059,0.983
0.059,0.983
0.059,0.983
0.059,0.983
0.059,0.983
0.059,0.983
0.059,0.983
0.059,0.983
0.059,0.983
0.059,0.983
0.058,0.983
0.058,0.983
0.058,0.983
0.058,0.983
0.058,0.983
0.058,0.983
0.058,0.983
0.058,0.983
0.058,0.983
0.058,0.983
0.058,0.983
0.058,0.983
0.057,0.983
0.057,0.983
0.057,0.983
0.057,0.983
0.057,0.983
0.057,0.983
0.057,0.983
0.057,0.983
0.057,0.983
0.057,0.983
0.057,0.983
0.057,0.983
0.057,0.983
0.056,0.983
0.056,0.983
0.056,0.983
0.056,0.983
0.056,0.983
0.056,0.983
0.056,0.983
0.056,0.983
0.056,0.983
0.056,0.983
0.056,0.983
0.056,0.983
0.056,0.985
0.055,0.985
0.055,0.985
0.055,0.985
0.055,0.985
0.055,0.985
0.055,0.985
0.055,0.985
0.055,0.985
0.055,0.985
0.055,0.985
0.055,0.985
0.055,0.985
0.055,0.985
0.055,0.985
0.054,0.985
0.054,0.985
0.054,0.985
0.054,0.985
0.054,0.985
0.054,0.985
0.054,0.985
0.054,0.985
0.054,0.985
0.054,0.985
0.054,0.985
0.054,0.985
0.054,0.985
0.054,0.985
0.054,0.985
0.053,0.985
0.053,0.985
0.053,0.985
0.053,0.985
0.053,0.985
0.053,0.985
0.053,0.985
0.053,0.985
0.053,0.985
0.053,0.985
0.053,0.985
0.053,0.985
0.053,0.985
0.053,0.985
0.053,0.985
0.052,0.985
0.052,0.985
0.052,0.985
0.052,0.985
0.052,0.985
0.052,0.985
0.052,0.985
0.052,0.985
0.052,0.985
0.052,0.985
0.052,0.985
0.052,0.985
0.052,0.985
0.052,0.985
0.052,0.985
0.051,0.985
0.051,0.985
0.051,0.985
0.051,0.985
0.051,0.985
0.051,0.985
0.051,0.988
0.051,0.988
0.051,0.988
0.051,0.988
0.051,0.988
0.051,0.988
0.051,0.988
0.051,0.988
0.051,0.988
0.051,0.988
0.051,0.988
0.050,0.988
0.050,0.988
0.050,0.988
0.050,0.988
0.050,0.988
0.050,0.988
0.050,0.988
0.050,0.988
0.050,0.988
0.050,0.988
0.050,0.988
0.050,0.988
0.050,0.988
0.050,0.988
0.050,0.988
0.050,0.988
0.050,0.988
0.049,0.988
0.049,0.988
0.049,0.988
0.049,0.988
0.049,0.988
0.049,0.988
0.049,0.988
0.049,0.988
0.049,0.988
0.049,0.988
0.049,0.988
0.049,0.988
0.049,0.988
0.049,0.988
0.049,0.988
0.049,0.988
0.049,0.988
0.049,0.988
0.048,0.988
0.048,0.988
0.048,0.988
0.048,0.988
0.048,0.988
0.048,0.988
0.048,0.988
0.048,0.988
0.048,0.988
0.048,0.988
0.048,0.988
0.048,0.988
0.048,0.988
0.048,0.988
0.048,0.988
0.048,0.988
0.048,0.988
0.048,0.988
0.048,0.988
0.047,0.988
0.047,0.988
0.047,0.988
0.047,0.988
0.047,0.988
0.047,0.988
0.047,0.988
0.047,0.988
0.047,0.988
0.047,0.988
0.047,0.988
0.047,0.988
0.047,0.988
0.047,0.988
0.047,0.988
0.047,0.988
0.047,0.988
0.047,0.988
0.047,0.988
0.047,0.988
0.046,0.988
0.046,0.988
0.046,0.988
0.046,0.988
0.046,0.988
0.046,0.988
0.046,0.988
0.046,0.988
0.046,0.988
0.046,0.988
0.046,0.988
0.046,0.988
0.046,0.988
0.046,0.988
0.046,0.988
0.046,0.988
0.046,0.988
0.046,0.988
0.046,0.988
0.046,0.988
0.046,0.988
0.045,0.988
0.045,0.988
0.045,0.988
0.045,0.988
0.045,0.988
0.045,0.988
0.045,0.988
0.045,0.988
0.045,0.988
0.045,0.988
0.045,0.988
0.045,0.988
0.045,0.988
0.045,0.988
0.045,0.988
0.045,0.988
0.045,0.988
0.045,0.988
0.045,0.988
0.045,0.988
0.045,0.988
0.044,0.988
0.044,0.988
0.044,0.988
0.044,0.988
0.044,0.988
0.044,0.988
0.044,0.988
0.044,0.988
0.044,0.988
0.044,0.988
0.044,0.988
0.044,0.988
0.044,0.988
0.044,0.988
0.044,0.988
0.044,0.988
0.044,0.988
0.044,0.988
0.044,0.988
0.044,0.988
0.044,0.988
0.044,0.988
0.044,0.988
0.043,0.988
0.043,0.988
0.043,0.988
0.043,0.988
0.043,0.988
0.043,0.988
0.043,0.988
0.043,0.988
0.043,0.988
0.043,0.988
0.043,0.988
0.043,0.988
0.043,0.988
0.043,0.988
0.043,0.988
0.043,0.988
0.043,0.988
0.043,0.988
0.043,0.988
0.043,0.988
0.043,0.988
0.043,0.988
0.043,0.988
0.043,0.988
0.042,0.988
0.042,0.988
0.042,0.988
0.042,0.988
0.042,0.988
0.042,0.988
0.042,0.988
0.042,0.988
0.042,0.988
0.042,0.988
0.042,0.988
0.042,0.988
0.042,0.988
0.042,0.988
0.042,0.988
0.042,0.988
0.042,0.988
0.042,0.988
0.042,0.988
0.042,0.988
0.042,0.988
0.042,0.988
0.042,0.988
0.042,0.988
0.042,0.988
0.041,0.988
0.041,0.988
0.041,0.988
0.041,0.988
0.041,0.988
0.041,0.988
0.041,0.990
0.041,0.990
0.041,0.990
0.041,0.990
0.041,0.990
0.041,0.990
0.041,0.990
0.041,0.990
0.041,0.990
0.041,0.990
0.041,0.990
0.041,0.990
0.041,0.990
0.041,0.990
0.041,0.990
0.041,0.990
0.041,0.990
0.041,0.990
0.041,0.990
0.041,0.990
0.040,0.990
0.040,0.990
0.040,0.990
0.040,0.990
0.040,0.990
0.040,0.990
0.040,0.990
0.040,0.993
0.040,0.993
0.040,0.993
0.040,0.993
0.040,0.993
0.040,0.993
0.040,0.993
0.040,0.993
0.040,0.993
0.040,0.993
0.040,0.993
0.040,0.993
0.040,0.993
0.040,0.993
0.040,0.993
0.040,0.993
0.040,0.993
0.040,0.993
0.040,0.993
0.040,0.993
0.040,0.993
0.039,0.993
0.039,0.993
0.039,0.993
0.039,0.993
0.039,0.993
0.039,0.993
0.039,0.993
0.039,0.993
0.039,0.993
0.039,0.993
0.039,0.993
0.039,0.993
0.039,0.993
0.039,0.993
0.039,0.993
0.039,0.993
0.039,0.993
0.039,0.993
0.039,0.993
0.039,0.993
0.039,0.993
0.039,0.993
0.039,0.993
0.039,0.993
0.039,0.993
0.039,0.993
0.039,0.993
0.039,0.993
0.039,0.993
0.038,0.993
0.038,0.993
0.038,0.993
0.038,0.993
0.038,0.993
0.038,0.993
0.038,0.993
0.038,0.993
0.038,0.993
0.038,0.993
0.038,0.993
0.038,0.993
0.038,0.993
0.038,0.993
0.038,0.993
0.038,0.993
0.038,0.993
0.038,0.993
0.038,0.993
0.038,0.993
0.038,0.993
0.038,0.993
0.038,0.993
0.038,0.993
0.038,0.993
0.038,0.993
0.038,0.993
0.038,0.993
0.038,0.993
0.038,0.993
0.037,0.993
0.037,0.993
0.037,0.993
0.037,0.993
0.037,0.993
0.037,0.993
0.037,0.993
0.037,0.993
0.037,0.993
0.037,0.993
0.037,0.993
0.037,0.993
0.037,0.993
0.037,0.993
0.037,0.993
0.037,0.993
0.037,0.993
0.037,0.993
0.037,0.993
0.037,0.993
0.037,0.993
0.037,0.993
0.037,0.993
0.037,0.993
0.037,0.993
0.037,0.993
0.037,0.993
0.037,0.993
0.037,0.993
0.037,0.993
0.037,0.993
0.037,0.993
0.037,0.993
0.036,0.993
0.036,0.993
0.036,0.993
0.036,0.993
0.036,0.993
0.036,0.993
0.036,0.993
0.036,0.993
0.036,0.993
0.036,0.993
0.036,0.993
0.036,0.995
0.036,0.995
0.036,0.995
0.036,0.995
0.036,0.995
0.036,0.995
0.036,0.995
0.036,0.995
0.036,0.995
0.036,0.995
0.036,0.995
0.036,0.995
0.036,0.995
0.036,0.995
0.036,0.995
0.036,0.995
0.036,0.995
0.036,0.995
0.036,0.995
0.036,0.995
0.036,0.995
0.036,0.995
0.036,0.995
0.035,0.995
0.035,0.995
0.035,0.995
0.035,0.995
0.035,0.995
0.035,0.995
0.035,0.995
0.035,0.995
0.035,0.995
0.035,0.995
0.035,0.995
0.035,0.995
0.035,0.995
0.035,0.995
0.035,0.995
0.035,0.995
0.035,0.995
0.035,0.995
0.035,0.995
0.035,0.995
0.035,0.995
0.035,0.995
0.035,0.995
0.035,0.995
0.035,0.995
0.035,0.995
0.035,0.995
0.035,0.995
0.035,0.995
0.035,0.995
0.035,0.995
0.035,0.995
0.035,0.995
0.035,0.995
0.035,0.995
0.035,0.995
0.034,0.995
0.034,0.995
0.034,0.995
0.034,0.995
0.034,0.995
0.034,0.995
0.034,0.995
0.034,0.995
0.034,0.995
0.034,0.995
0.034,0.995
0.034,0.995
0.034,0.995
0.034,0.995
0.034,0.995
0.034,0.995
0.034,0.995
0.034,0.995
0.034,0.995
0.034,0.995
0.034,0.995
0.034,0.995
0.034,0.995
0.034,0.995
0.034,0.995
0.034,0.995
0.034,0.995
0.034,0.995
0.034,0.995
0.034,0.995
0.034,0.995
0.034,0.995
0.034,0.995
0.034,0.995
0.034,0.995
0.034,0.995
0.034,0.995
0.034,0.995
0.033,0.995
0.033,0.995
0.033,0.995
0.033,0.995
0.033,0.995
0.033,0.995
0.033,0.995
0.033,0.995
0.033,0.995
0.033,0.995
0.033,0.995
0.033,0.995
0.033,0.995
0.033,0.995
0.033,0.995
0.033,0.995
0.033,0.995
0.033,0.995
0.033,0.995
0.033,0.995
0.033,0.995
0.033,0.995
0.033,0.995
0.033,0.995
0.033,0.995
0.033,0.995
0.033,0.995
0.033,0.995
0.033,0.995
0.033,0.995
0.033,0.995
0.033,0.995
0.033,0.995
0.033,0.995
0.033,0.995
0.033,0.995
0.033,0.995
0.033,0.995
0.033,0.995
0.033,0.995
0.032,0.995
0.032,0.995
0.032,0.995
0.032,0.995
0.032,0.995
0.032,0.995
0.032,0.995
0.032,0.995
0.032,0.995
0.032,0.995
0.032,0.995
0.032,0.995
0.032,0.995
0.032,0.995
0.032,0.995
0.032,0.995
0.032,0.995
0.032,0.995
0.032,0.995
0.032,0.995
0.032,0.995
0.032,0.995
0.032,0.995
0.032,0.995
0.032,0.995
0.032,0.995
0.032,0.995
0.032,0.995
0.032,0.995
0.032,0.995
0.032,0.995
0.032,0.995
0.032,0.995
0.032,0.995
0.032,0.995
0.032,0.995
0.032,0.995
0.032,0.995
0.032,0.995
0.032,0.995
0.032,0.995
0.032,0.995
0.032,0.995
0.031,0.995
0.031,0.995
0.031,0.995
0.031,0.995
0.031,0.995
0.031,0.995
0.031,0.995
0.031,0.995
0.031,0.995
0.031,0.995
0.031,0.995
0.031,0.995
0.031,0.995
0.031,0.995
0.031,0.995
0.031,0.995
0.031,0.995
0.031,0.995
0.031,0.995
0.031,0.995
0.031,0.995
0.031,0.995
0.031,0.995
0.031,0.995
0.031,0.995
0.031,0.995
0.031,0.995
0.031,0.995
0.031,0.995
0.031,0.995
0.031,0.995
0.031,0.995
0.031,0.995
0.031,0.995
0.031,0.995
0.031,0.995
0.031,0.995
0.031,0.995
0.031,0.995
0.031,0.995
0.031,0.995
0.031,0.995
0.031,0.995
0.031,0.995
0.031,0.995
0.031,0.995
0.030,0.995
0.030,0.995
0.030,0.995
0.030,0.995
0.030,0.995
0.030,0.995
0.030,0.995
0.030,0.995
0.030,0.995
0.030,0.995
0.030,0.995
0.030,0.995
0.030,0.995
0.030,0.995
0.030,0.995
0.030,0.995
0.030,0.995
0.030,0.995
0.030,0.995
0.030,0.995
0.030,0.995
0.030,0.995
0.030,0.995
0.030,0.995
0.030,0.995
0.030,0.995
0.030,0.995
0.030,0.995
0.030,0.995
0.030,0.995
0.030,0.995
0.030,0.995
0.030,0.995
0.030,0.995
0.030,0.995
0.030,0.995
0.030,0.995
0.030,0.995
0.030,0.995
0.030,0.995
0.030,0.995
0.030,0.995
0.030,0.995
0.030,0.995
0.030,0.995
0.030,0.995
0.030,0.995
0.030,0.995
0.030,0.995
0.029,0.995
0.029,0.995
0.029,0.998
0.029,0.998
0.029,0.998
0.029,0.998
0.029,0.998
0.029,0.998
0.029,0.998
0.029,0.998
0.029,0.998
0.029,0.998
0.029,0.998
0.029,0.998
0.029,0.998
0.029,0.998
0.029,0.998
0.029,0.998
0.029,0.998
0.029,0.998
0.029,0.998
0.029,0.998
0.029,0.998
0.029,0.998
0.029,0.998
0.029,0.998
0.029,0.998
0.029,0.998
0.029,0.998
0.029,0.998
0.029,0.998
0.029,0.998
0.029,0.998
0.029,0.998
0.029,0.998
0.029,0.998
0.029,0.998
0.029,0.998
0.029,0.998
0.029,0.998
0.029,0.998
0.029,0.998
0.029,0.998
0.029,0.998
0.029,0.998
0.029,0.998
0.029,0.998
0.029,0.998
0.029,0.998
0.029,0.998
0.029,0.998
0.029,0.998
0.029,0.998
0.028,0.998
0.028,0.998
0.028,0.998
0.028,0.998
0.028,0.998
0.028,0.998
0.028,0.998
0.028,0.998
0.028,0.998
0.028,0.998
0.028,0.998
0.028,0.998
0.028,0.998
0.028,0.998
0.028,0.998
0.028,0.998
0.028,0.998
0.028,0.998
0.028,0.998
0.028,0.998
0.028,0.998
0.028,0.998
0.028,0.998
0.028,0.998
0.028,0.998
0.028,0.998
0.028,0.998
0.028,0.998
0.028,0.998
0.028,0.998
0.028,0.998
0.028,0.998
0.028,0.998
0.028,0.998
0.028,0.998
0.028,0.998
0.028,0.998
0.028,0.998
0.028,0.998
0.028,0.998
0.028,0.998
0.028,0.998
0.028,0.998
0.028,0.998
0.028,0.998
0.028,0.998
0.028,0.998
0.028,0.998
0.028,0.998
0.028,0.998
0.028,0.998
0.028,0.998
0.028,0.998
0.028,0.998
0.028,0.998
0.028,0.998
0.027,0.998
0.027,0.998
0.027,0.998
0.027,0.998
0.027,0.998
0.027,0.998
0.027,0.998
0.027,0.998
0.027,0.998
0.027,0.998
0.027,0.998
0.027,0.998
0.027,0.998
0.027,0.998
0.027,0.998
0.027,0.998
0.027,0.998
0.027,0.998
0.027,0.998
0.027,0.998
0.027,0.998
0.027,0.998
0.027,0.998
0.027,0.998
0.027,0.998
0.027,0.998
0.027,0.998
0.027,0.998
0.027,0.998
0.027,0.998
0.027,0.998
0.027,0.998
0.027,0.998
0.027,0.998
0.027,0.998
0.027,0.998
0.027,0.998
0.027,0.998
0.027,0.998
0.027,0.998
0.027,0.998
0.027,0.998
0.027,0.998
0.027,0.998
0.027,0.998
0.027,0.998
0.027,0.998
0.027,0.998
0.027,0.998
0.027,0.998
0.027,0.998
0.027,0.998
0.027,0.998
0.027,0.998
0.027,0.998
0.027,0.998
0.027,0.998
0.027,0.998
0.027,0.998
0.027,0.998
0.027,0.998
0.026,0.998
0.026,0.998
0.026,0.998
0.026,0.998
0.026,0.998
0.026,0.998
0.026,0.998
0.026,0.998
0.026,0.998
0.026,0.998
0.026,0.998
0.026,0.998
0.026,0.998
0.026,0.998
0.026,0.998
0.026,0.998
0.026,0.998
0.026,0.998
0.026,0.998
0.026,0.998
0.026,0.998
0.026,0.998
0.026,0.998
0.026,0.998
0.026,0.998
0.026,0.998
0.026,0.998
0.026,0.998
0.026,0.998
0.026,0.998
0.026,0.998
0.026,0.998
0.026,0.998
0.026,0.998
0.026,0.998
0.026,0.998
0.026,0.998
0.026,0.998
0.026,0.998
0.026,0.998
0.026,0.998
0.026,0.998
0.026,0.998
0.026,0.998
0.026,0.998
0.026,0.998
0.026,0.998
0.026,0.998
0.026,0.998
0.026,0.998
0.026,0.998
0.026,0.998
0.026,0.998
0.026,0.998
0.026,0.998
0.026,0.998
0.026,0.998
0.026,0.998
0.026,0.998
0.026,0.998
0.026,0.998
0.026,0.998
0.026,0.998
0.026,0.998
0.026,0.998
0.026,0.998
0.025,0.998
0.025,0.998
0.025,0.998
0.025,0.998
0.025,0.998
0.025,0.998
0.025,0.998
0.025,0.998
0.025,0.998
0.025,0.998
0.025,0.998
0.025,0.998
0.025,0.998
0.025,0.998
0.025,0.998
0.025,0.998
0.025,0.998
0.025,0.998
0.025,0.998
0.025,0.998
0.025,0.998
0.025,0.998
0.025,0.998
0.025,0.998
0.025,0.998
0.025,0.998
0.025,0.998
0.025,0.998
0.025,0.998
0.025,0.998
0.025,0.998
0.025,0.998
0.025,0.998
0.025,0.998
0.025,0.998
0.025,0.998
0.025,0.998
0.025,0.998
0.025,0.998
0.025,0.998
0.025,0.998
0.025,0.998
0.025,0.998
0.025,0.998
0.025,0.998
0.025,0.998
0.025,0.998
0.025,0.998
0.025,0.998
0.025,0.998
0.025,0.998
0.025,0.998
0.025,0.998
0.025,0.998
0.025,0.998
0.025,0.998
0.025,0.998
0.025,0.998
0.025,0.998
0.025,0.998
0.025,0.998
0.025,0.998
0.025,0.998
0.025,0.998
0.025,0.998
0.025,0.998
0.025,0.998
0.025,0.998
0.025,0.998
0.025,0.998
0.025,0.998
0.024,0.998
0.024,0.998
0.024,0.998
0.024,0.998
0.024,0.998
0.024,0.998
0.024,0.998
0.024,0.998
0.024,0.998
0.024,0.998
0.024,0.998
0.024,0.998
0.024,0.998
0.024,0.998
0.024,0.998
0.024,0.998
0.024,0.998
0.024,0.998
0.024,0.998
0.024,0.998
0.024,0.998
0.024,0.998
0.024,0.998
0.024,0.998
0.024,0.998
0.024,0.998
0.024,0.998
0.024,0.998
0.024,0.998
0.024,0.998
0.024,0.998
0.024,0.998
0.024,0.998
0.024,0.998
0.024,0.998
0.024,0.998
0.024,0.998
0.024,0.998
0.024,0.998
0.024,0.998
0.024,0.998
0.024,0.998
0.024,0.998
0.024,0.998
0.024,0.998
0.024,0.998
0.024,0.998
0.024,0.998
0.024,0.998
0.024,0.998
0.024,0.998
0.024,0.998
0.024,0.998
0.024,0.998
0.024,0.998
0.024,0.998
0.024,0.998
0.024,0.998
0.024,0.998
0.024,0.998
0.024,0.998
0.024,0.998
0.024,0.998
0.024,0.998
0.024,0.998
0.024,0.998
0.024,0.998
0.024,0.998
0.024,0.998
0.024,0.998
0.024,0.998
0.024,0.998
0.024,0.998
0.024,0.998
0.024,0.998
0.024,0.998
0.024,0.998
0.024,0.998
0.023,0.998
0.023,0.998
0.023,0.998
0.023,0.998
0.023,0.998
0.023,0.998
0.023,0.998
0.023,0.998
0.023,0.998
0.023,0.998
0.023,0.998
0.023,0.998
0.023,0.998
0.023,0.998
0.023,0.998
0.023,0.998
0.023,0.998
0.023,0.998
0.023,0.998
0.023,0.998
0.023,0.998
0.023,0.998
0.023,0.998
0.023,0.998
0.023,0.998
0.023,0.998
0.023,0.998
0.023,0.998
0.023,0.998
0.023,0.998
0.023,0.998
0.023,0.998
0.023,0.998
0.023,0.998
0.023,0.998
0.023,0.998
0.023,0.998
0.023,0.998
0.023,0.998
0.023,0.998
0.023,0.998
0.023,0.998
0.023,0.998
0.023,0.998
0.023,0.998
0.023,0.998
0.023,0.998
0.023,0.998
0.023,0.998
0.023,0.998
0.023,0.998
0.023,0.998
0.023,0.998
0.023,0.998
0.023,0.998
0.023,0.998
0.023,0.998
0.023,0.998
0.023,0.998
0.023,0.998
0.023,0.998
0.023,0.998
0.023,0.998
0.023,0.998
0.023,0.998
0.023,0.998
0.023,0.998
0.023,0.998
0.023,0.998
0.023,0.998
0.023,0.998
0.023,0.998
0.023,0.998
0.023,0.998
0.023,0.998
0.023,0.998
0.023,0.998
0.023,0.998
0.023,0.998
0.023,0.998
0.023,0.998
0.023,0.998
0.023,0.998
0.023,0.998
0.023,0.998
0.023,0.998
0.022,0.998
0.022,0.998
0.022,0.998
0.022,0.998
0.022,0.998
0.022,0.998
0.022,0.998
0.022,0.998
0.022,0.998
0.022,0.998
0.022,0.998
0.022,0.998
0.022,0.998
0.022,0.998
0.022,0.998
0.022,0.998
0.022,0.998
0.022,0.998
0.022,0.998
0.022,0.998
0.022,0.998
0.022,0.998
0.022,0.998
0.022,0.998
0.022,0.998
0.022,0.998
0.022,0.998
0.022,0.998
0.022,0.998
0.022,0.998
0.022,0.998
0.022,0.998
0.022,0.998
0.022,0.998
0.022,0.998
0.022,0.998
0.022,0.998
0.022,0.998
0.022,0.998
0.022,0.998
0.022,0.998
0.022,0.998
0.022,0.998
0.022,0.998
0.022,0.998
0.022,0.998
0.022,0.998
0.022,0.998
0.022,0.998
0.022,0.998
0.022,0.998
0.022,0.998
0.022,0.998
0.022,0.998
0.022,0.998
0.022,0.998
0.022,0.998
0.022,0.998
0.022,0.998
0.022,0.998
0.022,0.998
0.022,0.998
0.022,0.998
0.022,0.998
0.022,0.998
0.022,0.998
0.022,0.998
0.022,0.998
0.022,0.998
0.022,0.998
0.022,0.998
0.022,0.998
0.022,0.998
0.022,0.998
0.022,0.998
0.022,0.998
0.022,0.998
0.022,0.998
0.022,0.998
0.022,0.998
0.022,0.998
0.022,0.998
0.022,0.998
0.022,0.998
0.022,0.998
0.022,0.998
0.022,0.998
0.022,0.998
0.022,0.998
0.022,0.998
0.022,0.998
0.022,0.998
0.022,0.998
0.022,0.998
0.021,0.998
0.021,0.998
0.021,0.998
0.021,0.998
0.021,0.998
0.021,0.998
0.021,0.998
0.021,0.998
0.021,0.998
0.021,0.998
0.021,0.998
0.021,0.998
0.021,0.998
0.021,0.998
0.021,0.998
0.021,0.998
0.021,0.998
0.021,0.998
0.021,0.998
0.021,0.998
0.021,0.998
0.021,0.998
0.021,0.998
0.021,0.998
0.021,0.998
0.021,0.998
0.021,0.998
0.021,0.998
0.021,0.998
0.021,0.998
0.021,0.998
0.021,0.998
0.021,0.998
0.021,0.998
0.021,0.998
0.021,0.998
0.021,0.998
0.021,0.998
0.021,0.998
0.021,0.998
0.021,0.998
0.021,0.998
0.021,0.998
0.021,0.998
0.021,0.998
0.021,0.998
0.021,0.998
0.021,0.998
0.021,0.998
0.021,0.998
0.021,0.998
0.021,0.998
0.021,0.998
0.021,0.998
0.021,0.998
0.021,0.998
0.021,0.998
0.021,0.998
0.021,0.998
0.021,0.998
0.021,0.998
0.021,0.998
0.021,0.998
0.021,0.998
0.021,0.998
0.021,0.998
0.021,0.998
0.021,0.998
0.021,0.998
0.021,0.998
0.021,0.998
0.021,0.998
0.021,0.998
0.021,0.998
0.021,0.998
0.021,0.998
0.021,0.998
0.021,0.998
0.021,0.998
0.021,0.998
0.021,0.998
0.021,0.998
0.021,0.998
0.021,0.998
0.021,0.998
0.021,0.998
0.021,0.998
0.021,0.998
0.021,0.998
0.021,0.998
0.021,0.998
0.021,0.998
0.021,0.998
0.021,0.998
0.021,0.998
0.021,0.998
0.021,0.998
0.021,0.998
0.021,0.998
0.021,0.998
0.021,0.998
0.021,0.998
0.021,0.998
0.021,0.998
0.020,0.998
0.020,0.998
0.020,0.998
0.020,0.998
0.020,0.998
0.020,0.998
0.020,0.998
0.020,0.998
0.020,0.998
0.020,0.998
0.020,0.998
0.020,0.998
0.020,0.998
0.020,0.998
0.020,0.998
0.020,0.998
0.020,0.998
0.020,0.998
0.020,0.998
0.020,0.998
0.020,0.998
0.020,0.998
0.020,0.998
0.020,0.998
0.020,0.998
0.020,0.998
0.020,0.998
0.020,0.998
0.020,0.998
0.020,0.998
0.020,0.998
0.020,0.998
0.020,0.998
0.020,0.998
0.020,0.998
0.020,0.998
0.020,0.998
0.020,0.998
0.020,0.998
0.020,0.998
0.020,0.998
0.020,0.998
0.020,0.998
0.020,0.998
0.020,0.998
0.020,0.998
0.020,0.998
0.020,0.998
0.020,0.998
0.020,0.998
0.020,0.998
0.020,0.998
0.020,0.998
0.020,0.998
0.020,0.998
0.020,0.998
0.020,0.998
0.020,0.998
0.020,0.998
0.020,0.998
0.020,0.998
0.020,0.998
0.020,0.998
0.020,0.998
0.020,0.998
0.020,0.998
0.020,0.998
0.020,0.998
0.020,0.998
0.020,0.998
0.020,0.998
0.020,0.998
0.020,0.998
0.020,0.998
0.020,0.998
0.020,0.998
0.020,0.998
0.020,0.998
0.020,0.998
0.020,0.998
0.020,0.998
0.020,0.998
0.020,0.998
0.020,0.998
0.020,0.998
0.020,0.998
0.020,0.998
0.020,0.998
0.020,0.998
0.020,0.998
0.020,0.998
0.020,0.998
0.020,0.998
0.020,0.998
0.020,0.998
0.020,0.998
0.020,0.998
0.020,0.998
0.020,0.998
0.020,0.998
0.020,0.998
0.020,0.998
0.020,0.998
0.020,0.998
0.020,0.998
0.020,0.998
0.020,0.998
0.020,0.998
0.020,0.998
0.020,0.998
0.020,0.998
0.020,0.998
0.020,0.998
0.020,0.998
0.020,0.998
0.020,0.998
0.020,0.998
0.019,0.998
0.019,0.998
0.019,0.998
0.019,0.998
0.019,0.998
0.019,0.998
0.019,0.998
0.019,0.998
0.019,0.998
0.019,0.998
0.019,0.998
0.019,0.998
0.019,0.998
0.019,0.998
0.019,0.998
0.019,0.998
0.019,0.998
0.019,0.998
0.019,0.998
0.019,0.998
0.019,0.998
0.019,0.998
0.019,0.998
0.019,0.998
0.019,0.998
0.019,0.998
0.019,0.998
0.019,0.998
0.019,0.998
0.019,0.998
0.019,0.998
0.019,0.998
0.019,0.998
0.019,0.998
0.019,0.998
0.019,0.998
0.019,0.998
0.019,0.998
0.019,0.998
0.019,0.998
0.019,0.998
0.019,0.998
0.019,0.998
0.019,0.998
0.019,0.998
0.019,0.998
0.019,0.998
0.019,0.998
0.019,0.998
0.019,0.998
0.019,0.998
0.019,0.998
0.019,0.998
0.019,0.998
0.019,0.998
0.019,0.998
0.019,0.998
0.019,0.998
0.019,0.998
0.019,0.998
0.019,0.998
0.019,0.998
0.019,0.998
0.019,0.998
0.019,0.998
0.019,0.998
0.019,0.998
0.019,0.998
0.019,0.998
0.019,0.998
0.019,0.998
0.019,0.998
0.019,0.998
0.019,0.998
0.019,0.998
0.019,0.998
0.019,0.998
0.019,0.998
0.019,0.998
0.019,0.998
0.019,0.998
0.019,0.998
0.019,0.998
0.019,0.998
0.019,0.998
0.019,0.998
0.019,0.998
0.019,0.998
0.019,0.998
0.019,0.998
0.019,0.998
0.019,0.998
0.019,0.998
0.019,0.998
0.019,0.998
0.019,0.998
0.019,0.998
0.019,0.998
0.019,0.998
0.019,0.998
0.019,0.998
0.019,0.998
0.019,0.998
0.019,0.998
0.019,0.998
0.019,0.998
0.019,0.998
0.019,0.998
0.019,0.998
0.019,0.998
0.019,0.998
0.019,0.998
0.019,0.998
0.019,0.998
0.019,0.998
0.019,0.998
0.019,0.998
0.019,0.998
0.019,0.998
0.019,0.998
0.019,0.998
0.019,0.998
0.019,0.998
0.019,0.998
0.019,0.998
0.019,0.998
0.019,0.998
0.019,0.998
0.019,0.998
0.019,0.998
0.019,0.998
0.018,0.998
0.018,0.998
0.018,0.998
0.018,0.998
0.018,0.998
0.018,0.998
0.018,0.998
0.018,0.998
0.018,0.998
0.018,0.998
0.018,0.998
0.018,0.998
0.018,0.998
0.018,0.998
0.018,0.998
0.018,0.998
0.018,0.998
0.018,0.998
0.018,0.998
0.018,0.998
0.018,0.998
0.018,0.998
0.018,0.998
0.018,0.998
0.018,0.998
0.018,0.998
0.018,0.998
0.018,0.998
0.018,0.998
0.018,0.998
0.018,0.998
0.018,0.998
0.018,0.998
0.018,0.998
0.018,0.998
0.018,0.998
0.018,0.998
0.018,0.998
0.018,0.998
0.018,0.998
0.018,0.998
0.018,0.998
0.018,0.998
0.018,0.998
0.018,0.998
0.018,0.998
0.018,0.998
0.018,0.998
0.018,0.998
0.018,0.998
0.018,0.998
0.018,0.998
0.018,0.998
0.018,0.998
0.018,0.998
0.018,0.998
0.018,0.998
0.018,0.998
0.018,0.998
0.018,0.998
0.018,0.998
0.018,0.998
0.018,0.998
0.018,0.998
0.018,0.998
0.018,0.998
0.018,0.998
0.018,0.998
0.018,0.998
0.018,0.998
0.018,0.998
0.018,0.998
0.018,0.998
0.018,0.998
0.018,0.998
0.018,0.998
0.018,0.998
0.018,0.998
0.018,0.998
0.018,0.998
0.018,0.998
0.018,0.998
0.018,0.998
0.018,0.998
0.018,0.998
0.018,0.998
0.018,0.998
0.018,0.998
0.018,0.998
0.018,0.998
0.018,0.998
0.018,0.998
0.018,0.998
0.018,0.998
0.018,0.998
0.018,0.998
0.018,0.998
0.018,0.998
0.018,0.998
0.018,0.998
0.018,0.998
0.018,0.998
0.018,0.998
0.018,0.998
0.018,0.998
0.018,0.998
0.018,0.998
0.018,0.998
0.018,0.998
0.018,0.998
0.018,0.998
0.018,0.998
0.018,0.998
0.018,0.998
0.018,0.998
0.018,0.998
0.018,0.998
0.018,0.998
0.018,0.998
0.018,0.998
0.018,0.998
0.018,0.998
0.018,0.998
0.018,0.998
0.018,0.998
0.018,0.998
0.018,0.998
0.018,0.998
0.018,0.998
0.018,0.998
0.018,0.998
0.018,0.998
0.018,0.998
0.018,0.998
0.018,0.998
0.018,0.998
0.018,0.998
0.018,0.998
0.018,0.998
0.018,0.998
0.018,0.998
0.018,0.998
0.018,0.998
0.018,0.998
0.018,0.998
0.018,0.998
0.018,0.998
0.018,0.998
0.017,0.998
0.017,0.998
0.017,0.998
0.017,0.998
0.017,0.998
0.017,0.998
0.017,0.998
0.017,0.998
0.017,0.998
0.017,0.998
0.017,0.998
0.017,0.998
0.017,0.998
0.017,0.998
0.017,0.998
0.017,0.998
0.017,0.998
0.017,0.998
0.017,0.998
0.017,0.998
0.017,0.998
0.017,0.998
0.017,0.998
0.017,0.998
0.017,0.998
0.017,0.998
0.017,0.998
0.017,0.998
0.017,0.998
0.017,0.998
0.017,0.998
0.017,0.998
0.017,0.998
0.017,0.998
0.017,0.998
0.017,0.998
0.017,0.998
0.017,0.998
0.017,0.998
0.017,0.998
0.017,0.998
0.017,0.998
0.017,0.998
0.017,0.998
0.017,0.998
0.017,0.998
0.017,0.998
0.017,0.998
0.017,0.998
0.017,0.998
0.017,0.998
0.017,0.998
0.017,0.998
0.017,0.998
0.017,0.998
0.017,0.998
0.017,0.998
0.017,0.998
0.017,0.998
0.017,0.998
0.017,0.998
0.017,0.998
0.017,0.998
0.017,0.998
0.017,0.998
0.017,0.998
0.017,0.998
0.017,0.998
0.017,0.998
0.017,0.998
0.017,0.998
0.017,0.998
0.017,0.998
0.017,0.998
0.017,0.998
0.017,0.998
0.017,0.998
0.017,0.998
0.017,0.998
0.017,0.998
0.017,0.998
0.017,0.998
0.017,0.998
0.017,0.998
0.017,0.998
0.017,0.998
0.017,0.998
0.017,0.998
0.017,0.998
0.017,0.998
0.017,0.998
0.017,0.998
0.017,0.998
0.017,0.998
0.017,0.998
0.017,0.998
0.017,0.998
0.017,0.998
0.017,0.998
0.017,0.998
0.017,0.998
0.017,0.998
0.017,0.998
0.017,0.998
0.017,0.998
0.017,0.998
0.017,0.998
0.017,0.998
0.017,0.998
0.017,0.998
0.017,0.998
0.017,0.998
0.017,0.998
0.017,0.998
0.017,0.998
0.017,0.998
0.017,0.998
0.017,0.998
0.017,0.998
0.017,0.998
0.017,0.998
0.017,0.998
0.017,0.998
0.017,0.998
0.017,0.998
0.017,0.998
0.017,0.998
0.017,0.998
0.017,0.998
0.017,0.998
0.017,0.998
0.017,0.998
0.017,0.998
0.017,0.998
0.017,0.998
0.017,0.998
0.017,0.998
0.017,0.998
0.017,0.998
0.017,0.998
0.017,0.998
0.017,0.998
0.017,0.998
0.017,0.998
0.017,0.998
0.017,0.998
0.017,0.998
0.017,0.998
0.017,0.998
0.017,0.998
0.017,0.998
0.017,0.998
0.017,0.998
0.017,0.998
0.017,0.998
0.017,0.998
0.017,0.998
0.017,0.998
0.017,0.998
0.017,0.998
0.017,0.998
0.017,0.998
0.017,0.998
0.017,0.998
0.017,0.998
0.017,0.998
0.017,0.998
0.017,0.998
0.017,0.998
0.016,0.998
0.016,0.998
0.016,0.998
0.016,0.998
0.016,0.998
0.016,0.998
0.016,0.998
0.016,0.998
0.016,0.998
0.016,0.998
0.016,0.998
0.016,0.998
0.016,0.998
0.016,0.998
0.016,0.998
0.016,0.998
0.016,0.998
0.016,0.998
0.016,0.998
0.016,0.998
0.016,0.998
0.016,0.998
0.016,0.998
0.016,0.998
0.016,0.998
0.016,0.998
0.016,0.998
0.016,0.998
0.016,0.998
0.016,0.998
0.016,0.998
0.016,0.998
0.016,0.998
0.016,0.998
0.016,0.998
0.016,0.998
0.016,0.998
0.016,0.998
0.016,0.998
0.016,0.998
0.016,0.998
0.016,0.998
0.016,0.998
0.016,0.998
0.016,0.998
0.016,0.998
0.016,0.998
0.016,0.998
0.016,0.998
0.016,0.998
0.016,0.998
0.016,0.998
0.016,0.998
0.016,0.998
0.016,0.998
0.016,0.998
0.016,0.998
0.016,0.998
0.016,0.998
0.016,0.998
0.016,0.998
0.016,0.998
0.016,0.998
0.016,0.998
0.016,0.998
0.016,0.998
0.016,0.998
0.016,0.998
0.016,0.998
0.016,0.998
0.016,0.998
0.016,0.998
0.016,0.998
0.016,0.998
0.016,0.998
0.016,0.998
0.016,0.998
0.016,0.998
0.016,0.998
0.016,0.998
0.016,0.998
0.016,0.998
0.016,0.998
0.016,0.998
0.016,0.998
0.016,0.998
0.016,0.998
0.016,0.998
0.016,0.998
0.016,0.998
0.016,0.998
0.016,0.998
0.016,0.998
0.016,0.998
0.016,0.998
0.016,0.998
0.016,0.998
0.016,0.998
0.016,0.998
0.016,0.998
0.016,0.998
0.016,0.998
0.016,0.998
0.016,0.998
0.016,0.998
0.016,0.998
0.016,0.998
0.016,0.998
0.016,0.998
0.016,0.998
0.016,0.998
0.016,0.998
0.016,0.998
0.016,0.998
0.016,0.998
0.016,0.998
0.016,0.998
0.016,0.998
0.016,0.998
0.016,0.998
0.016,0.998
0.016,0.998
0.016,0.998
0.016,0.998
0.016,0.998
0.016,0.998
0.016,0.998
0.016,0.998
0.016,0.998
0.016,0.998
0.016,0.998
0.016,0.998
0.016,0.998
0.016,0.998
0.016,0.998
0.016,0.998
0.016,0.998
0.016,0.998
0.016,0.998
0.016,0.998
0.016,0.998
0.016,0.998
0.016,0.998
0.016,0.998
0.016,0.998
0.016,0.998
0.016,0.998
0.016,0.998
0.016,0.998
0.016,0.998
0.016,0.998
0.016,0.998
0.016,0.998
0.016,0.998
0.016,0.998
0.016,0.998
0.016,0.998
0.016,0.998
0.016,0.998
0.016,0.998
0.016,0.998
0.016,0.998
0.016,0.998
0.016,0.998
0.016,0.998
0.016,0.998
0.016,0.998
0.016,0.998
0.016,0.998
0.016,0.998
0.016,0.998
0.016,0.998
0.016,0.998
0.016,0.998
0.016,0.998
0.016,0.998
0.016,0.998
0.016,0.998
0.016,0.998
0.016,0.998
0.016,0.998
0.016,0.998
0.016,0.998
0.016,0.998
0.016,0.998
0.016,0.998
0.016,0.998
0.016,0.998
0.016,0.998
0.016,0.998
0.016,0.998
0.016,0.998
0.016,0.998
0.016,0.998
0.016,0.998
0.016,0.998
0.015,0.998
0.015,0.998
0.015,0.998
0.015,0.998
0.015,0.998
0.015,0.998
0.015,0.998
0.015,0.998
0.015,0.998
0.015,0.998
0.015,0.998
0.015,0.998
0.015,0.998
0.015,0.998
0.015,0.998
0.015,0.998
0.015,0.998
0.015,0.998
0.015,0.998
0.015,0.998
0.015,0.998
0.015,0.998
0.015,0.998
0.015,0.998
0.015,0.998
0.015,0.998
0.015,0.998
0.015,0.998
0.015,0.998
0.015,0.998
0.015,0.998
0.015,0.998
0.015,0.998
0.015,0.998
0.015,0.998
0.015,0.998
0.015,0.998
0.015,0.998
0.015,0.998
0.015,0.998
0.015,0.998
0.015,0.998
0.015,0.998
0.015,0.998
0.015,0.998
0.015,0.998
0.015,0.998
0.015,0.998
0.015,0.998
0.015,0.998
0.015,0.998
0.015,0.998
0.015,0.998
0.015,0.998
0.015,0.998
0.015,0.998
0.015,0.998
0.015,0.998
0.015,0.998
0.015,0.998
0.015,0.998
0.015,0.998
0.015,0.998
0.015,0.998
0.015,0.998
0.015,0.998
0.015,0.998
0.015,0.998
0.015,0.998
0.015,0.998
0.015,0.998
0.015,0.998
0.015,0.998
0.015,0.998
0.015,0.998
0.015,0.998
0.015,0.998
0.015,0.998
0.015,0.998
0.015,0.998
0.015,0.998
0.015,0.998
0.015,0.998
0.015,0.998
0.015,0.998
0.015,0.998
0.015,0.998
0.015,0.998
0.015,0.998
0.015,0.998
0.015,0.998
0.015,0.998
0.015,0.998
0.015,0.998
0.015,0.998
0.015,0.998
0.015,0.998
0.015,0.998
0.015,0.998
0.015,0.998
0.015,0.998
0.015,0.998
0.015,0.998
0.015,0.998
0.015,0.998
0.015,0.998
0.015,0.998
0.015,0.998
0.015,0.998
0.015,0.998
0.015,0.998
0.015,0.998
0.015,0.998
0.015,0.998
0.015,0.998
0.015,0.998
0.015,0.998
0.015,0.998
0.015,0.998
0.015,0.998
0.015,0.998
0.015,0.998
0.015,0.998
0.015,0.998
0.015,0.998
0.015,0.998
0.015,0.998
0.015,0.998
0.015,0.998
0.015,0.998
0.015,0.998
0.015,0.998
0.015,0.998
0.015,0.998
0.015,0.998
0.015,0.998
0.015,0.998
0.015,0.998
0.015,0.998
0.015,0.998
0.015,0.998
0.015,0.998
0.015,0.998
0.015,0.998
0.015,0.998
0.015,0.998
0.015,0.998
0.015,0.998
0.015,0.998
0.015,0.998
0.015,0.998
0.015,0.998
0.015,0.998
0.015,0.998
0.015,0.998
0.015,0.998
0.015,0.998
0.015,0.998
0.015,0.998
0.015,0.998
0.015,0.998
0.015,0.998
0.015,0.998
0.015,0.998
0.015,0.998
0.015,0.998
0.015,0.998
0.015,0.998
0.015,0.998
0.015,0.998
0.015,0.998
0.015,0.998
0.015,0.998
0.015,0.998
0.015,0.998
0.015,0.998
0.015,0.998
0.015,0.998
0.015,0.998
0.015,0.998
0.015,0.998
0.015,0.998
0.015,0.998
0.015,0.998
0.015,0.998
0.015,0.998
0.015,0.998
0.015,0.998
0.015,0.998
0.015,0.998
0.015,0.998
0.015,0.998
0.015,0.998
0.015,0.998
0.015,0.998
0.015,0.998
0.015,0.998
0.015,0.998
0.015,0.998
0.015,0.998
0.015,0.998
0.015,0.998
0.015,0.998
0.015,0.998
0.015,0.998
0.015,0.998
0.015,0.998
0.015,0.998
0.015,0.998
0.015,0.998
0.015,0.998
0.015,0.998
0.015,0.998
0.015,0.998
0.015,0.998
0.015,0.998
0.015,0.998
0.015,0.998
0.015,0.998
0.015,0.998
0.015,0.998
0.015,0.998
0.015,0.998
0.015,0.998
0.015,0.998
0.015,0.998
0.015,0.998
0.015,0.998
0.015,0.998
0.014,0.998
0.014,0.998
0.014,0.998
0.014,0.998
0.014,0.998
0.014,0.998
0.014,0.998
0.014,0.998
0.014,0.998
0.014,0.998
0.014,0.998
0.014,0.998
0.014,0.998
0.014,0.998
0.014,0.998
0.014,0.998
0.014,0.998
0.014,0.998
0.014,0.998
0.014,0.998
0.014,0.998
0.014,0.998
0.014,0.998
0.014,0.998
0.014,0.998
0.014,0.998
0.014,0.998
0.014,0.998
0.014,0.998
0.014,0.998
0.014,0.998
0.014,0.998
0.014,0.998
0.014,0.998
0.014,0.998
0.014,0.998
0.014,0.998
0.014,0.998
0.014,0.998
0.014,0.998
0.014,0.998
0.014,0.998
0.014,0.998
0.014,0.998
0.014,0.998
0.014,0.998
0.014,0.998
0.014,0.998
0.014,0.998
0.014,0.998
0.014,0.998
0.014,0.998
0.014,0.998
0.014,0.998
0.014,0.998
0.014,0.998
0.014,0.998
0.014,0.998
0.014,0.998
0.014,0.998
0.014,0.998
0.014,0.998
0.014,0.998
0.014,0.998
0.014,0.998
0.014,0.998
0.014,0.998
0.014,0.998
0.014,0.998
0.014,0.998
0.014,0.998
0.014,0.998
0.014,0.998
0.014,0.998
0.014,0.998
0.014,0.998
0.014,0.998
0.014,0.998
0.014,0.998
0.014,0.998
0.014,0.998
0.014,0.998
0.014,0.998
0.014,0.998
0.014,0.998
0.014,0.998
0.014,0.998
0.014,0.998
0.014,0.998
0.014,0.998
0.014,0.998
0.014,0.998
0.014,0.998
0.014,0.998
0.014,0.998
0.014,0.998
0.014,0.998
0.014,0.998
0.014,0.998
0.014,0.998
0.014,0.998
0.014,0.998
0.014,0.998
0.014,0.998
0.014,0.998
0.014,0.998
0.014,0.998
0.014,0.998
0.014,0.998
0.014,0.998
0.014,0.998
0.014,0.998
0.014,0.998
0.014,0.998
0.014,0.998
0.014,0.998
0.014,0.998
0.014,0.998
0.014,0.998
0.014,0.998
0.014,0.998
0.014,0.998
0.014,0.998
0.014,0.998
0.014,0.998
0.014,0.998
0.014,0.998
0.014,0.998
0.014,0.998
0.014,0.998
0.014,0.998
0.014,0.998
0.014,0.998
0.014,0.998
0.014,0.998
0.014,0.998
0.014,0.998
0.014,0.998
0.014,0.998
0.014,0.998
0.014,0.998
0.014,0.998
0.014,0.998
0.014,0.998
0.014,0.998
0.014,0.998
0.014,0.998
0.014,0.998
0.014,0.998
0.014,0.998
0.014,0.998
0.014,0.998
0.014,0.998
0.014,0.998
0.014,0.998
0.014,0.998
0.014,0.998
0.014,0.998
0.014,0.998
0.014,0.998
0.014,0.998
0.014,0.998
0.014,0.998
0.014,0.998
0.014,0.998
0.014,0.998
0.014,0.998
0.014,0.998
0.014,0.998
0.014,0.998
0.014,0.998
0.014,0.998
0.014,0.998
0.014,0.998
0.014,0.998
0.014,0.998
0.014,0.998
0.014,0.998
0.014,0.998
0.014,0.998
0.014,0.998
0.014,0.998
0.014,0.998
0.014,0.998
0.014,0.998
0.014,0.998
0.014,0.998
0.014,0.998
0.014,0.998
0.014,0.998
0.014,0.998
0.014,0.998
0.014,0.998
0.014,0.998
0.014,0.998
0.014,0.998
0.014,0.998
0.014,0.998
0.014,0.998
0.014,0.998
0.014,0.998
0.014,0.998
0.014,0.998
0.014,0.998
0.014,0.998
0.014,0.998
0.014,0.998
0.014,0.998
0.014,0.998
0.014,0.998
0.014,0.998
0.014,0.998
0.014,0.998
0.014,0.998
0.014,0.998
0.014,0.998
0.014,0.998
0.014,0.998
0.014,0.998
0.014,0.998
0.014,0.998
0.014,0.998
0.014,0.998
0.014,0.998
0.014,0.998
0.014,0.998
0.014,0.998
0.014,0.998
0.014,0.998
0.014,0.998
0.014,0.998
0.014,0.998
0.014,0.998
0.014,0.998
0.014,0.998
0.014,0.998
0.014,0.998
0.014,0.998
0.014,0.998
0.014,0.998
0.014,0.998
0.014,0.998
0.014,0.998
0.014,0.998
0.014,0.998
0.014,0.998
0.014,0.998
0.014,0.998
0.014,0.998
0.014,0.998
0.014,0.998
0.014,0.998
0.014,0.998
0.014,0.998
0.014,0.998
0.014,0.998
0.014,0.998
0.014,0.998
0.014,0.998
0.014,0.998
0.014,0.998
0.014,0.998
0.014,0.998
0.014,0.998
0.014,0.998
0.014,0.998
0.014,0.998
0.014,0.998
0.014,0.998
0.014,0.998
0.014,0.998
0.014,0.998
0.013,0.998
0.013,0.998
0.013,0.998
0.013,0.998
0.013,0.998
0.013,0.998
0.013,0.998
0.013,0.998
0.013,0.998
0.013,0.998
0.013,0.998
0.013,0.998
0.013,0.998
0.013,0.998
0.013,0.998
0.013,0.998
0.013,0.998
0.013,0.998
0.013,0.998
0.013,0.998
0.013,0.998
0.013,0.998
0.013,0.998
0.013,0.998
0.013,0.998
0.013,0.998
0.013,0.998
0.013,0.998
0.013,0.998
0.013,0.998
0.013,0.998
0.013,0.998
0.013,0.998
0.013,0.998
0.013,0.998
0.013,0.998
0.013,0.998
0.013,0.998
0.013,0.998
0.013,0.998
0.013,0.998
0.013,0.998
0.013,0.998
0.013,0.998
0.013,0.998
0.013,0.998
0.013,0.998
0.013,0.998
0.013,0.998
0.013,0.998
0.013,0.998
0.013,0.998
0.013,0.998
0.013,0.998
0.013,0.998
0.013,0.998
0.013,0.998
0.013,0.998
0.013,0.998
0.013,0.998
0.013,0.998
0.013,0.998
0.013,0.998
0.013,0.998
0.013,0.998
0.013,0.998
0.013,0.998
0.013,0.998
0.013,0.998
0.013,0.998
0.013,0.998
0.013,0.998
0.013,0.998
0.013,0.998
0.013,0.998
0.013,0.998
0.013,0.998
0.013,0.998
0.013,0.998
0.013,0.998
0.013,0.998
0.013,0.998
0.013,0.998
0.013,0.998
0.013,0.998
0.013,0.998
0.013,0.998
0.013,0.998
0.013,0.998
0.013,0.998
0.013,0.998
0.013,0.998
0.013,0.998
0.013,0.998
0.013,0.998
0.013,0.998
0.013,0.998
0.013,0.998
0.013,0.998
0.013,0.998
0.013,0.998
0.013,0.998
0.013,0.998
0.013,0.998
0.013,0.998
0.013,0.998
0.013,0.998
0.013,0.998
0.013,0.998
0.013,0.998
0.013,0.998
0.013,0.998
0.013,0.998
0.013,0.998
0.013,0.998
0.013,0.998
0.013,0.998
0.013,0.998
0.013,0.998
0.013,0.998
0.013,0.998
0.013,0.998
0.013,0.998
0.013,0.998
0.013,0.998
0.013,0.998
0.013,0.998
0.013,0.998
0.013,0.998
0.013,0.998
0.013,0.998
0.013,0.998
0.013,0.998
0.013,0.998
0.013,0.998
0.013,0.998
0.013,0.998
0.013,0.998
0.013,0.998
0.013,0.998
0.013,0.998
0.013,0.998
0.013,0.998
0.013,0.998
0.013,0.998
0.013,0.998
0.013,0.998
0.013,0.998
0.013,0.998
0.013,0.998
0.013,0.998
0.013,0.998
0.013,0.998
0.013,0.998
0.013,0.998
0.013,0.998
0.013,0.998
0.013,0.998
0.013,0.998
0.013,0.998
0.013,0.998
0.013,0.998
0.013,0.998
0.013,0.998
0.013,0.998
0.013,0.998
0.013,0.998
0.013,0.998
0.013,0.998
0.013,0.998
0.013,0.998
0.013,0.998
0.013,0.998
0.013,0.998
0.013,0.998
0.013,0.998
0.013,0.998
0.013,0.998
0.013,0.998
0.013,0.998
0.013,0.998
0.013,0.998
0.013,0.998
0.013,0.998
0.013,0.998
0.013,0.998
0.013,0.998
0.013,0.998
0.013,0.998
0.013,0.998
0.013,0.998
0.013,0.998
0.013,0.998
0.013,0.998
0.013,0.998
0.013,0.998
0.013,0.998
0.013,0.998
0.013,0.998
0.013,0.998
0.013,0.998
0.013,0.998
0.013,0.998
0.013,0.998
0.013,0.998
0.013,0.998
0.013,0.998
0.013,0.998
0.013,0.998
0.013,0.998
0.013,0.998
0.013,0.998
0.013,0.998
0.013,0.998
0.013,0.998
0.013,0.998
0.013,0.998
0.013,0.998
0.013,0.998
0.013,0.998
0.013,0.998
0.013,0.998
0.013,0.998
0.013,0.998
0.013,0.998
0.013,0.998
0.013,0.998
0.013,0.998
0.013,0.998
0.013,0.998
0.013,0.998
0.013,0.998
0.013,0.998
0.013,0.998
0.013,0.998
0.013,0.998
0.013,0.998
0.013,0.998
0.013,0.998
0.013,0.998
0.013,0.998
0.013,0.998
0.013,0.998
0.013,0.998
0.013,0.998
0.013,0.998
0.013,0.998
0.013,0.998
0.013,0.998
0.013,0.998
0.013,0.998
0.013,0.998
0.013,0.998
0.013,0.998
0.013,0.998
0.013,0.998
0.013,0.998
0.013,0.998
0.013,0.998
0.013,0.998
0.013,0.998
0.013,0.998
0.013,0.998
0.013,0.998
0.013,0.998
0.013,0.998
0.013,0.998
0.013,0.998
0.013,0.998
0.013,0.998
0.013,0.998
0.013,0.998
0.013,0.998
0.013,0.998
0.013,0.998
0.013,0.998
0.013,0.998
0.013,0.998
0.013,0.998
0.013,0.998
0.013,0.998
0.013,0.998
0.013,0.998
0.013,0.998
0.013,0.998
0.013,0.998
0.013,0.998
0.013,0.998
0.013,0.998
0.013,0.998
0.013,0.998
0.013,0.998
0.013,0.998
0.013,0.998
0.013,0.998
0.013,0.998
0.013,0.998
0.013,0.998
0.013,0.998
0.013,0.998
0.013,0.998
0.013,0.998
0.013,0.998
0.013,0.998
0.013,0.998
0.013,0.998
0.013,0.998
0.013,0.998
0.013,0.998
0.013,0.998
0.013,0.998
0.013,0.998
0.013,0.998
0.013,0.998
0.013,0.998
0.013,0.998
0.013,0.998
0.013,0.998
0.013,0.998
0.013,0.998
0.013,0.998
0.013,0.998
0.013,0.998
0.013,0.998
0.013,0.998
0.013,0.998
0.013,0.998
0.012,0.998
0.012,0.998
0.012,0.998
0.012,0.998
0.012,0.998
0.012,0.998
0.012,0.998
0.012,0.998
0.012,0.998
0.012,0.998
0.012,0.998
0.012,0.998
0.012,0.998
0.012,0.998
0.012,0.998
0.012,0.998
0.012,0.998
0.012,0.998
0.012,0.998
0.012,0.998
0.012,0.998
0.012,0.998
0.012,0.998
0.012,0.998
0.012,0.998
0.012,0.998
0.012,0.998
0.012,0.998
0.012,0.998
0.012,0.998
0.012,0.998
0.012,0.998
0.012,0.998
0.012,0.998
0.012,0.998
0.012,0.998
0.012,0.998
0.012,0.998
0.012,0.998
0.012,0.998
0.012,0.998
0.012,0.998
0.012,0.998
0.012,0.998
0.012,0.998
0.012,0.998
0.012,0.998
0.012,0.998
0.012,0.998
0.012,0.998
0.012,0.998
0.012,0.998
0.012,0.998
0.012,0.998
0.012,0.998
0.012,0.998
0.012,0.998
0.012,0.998
0.012,0.998
0.012,0.998
0.012,0.998
0.012,0.998
0.012,0.998
0.012,0.998
0.012,0.998
0.012,0.998
0.012,0.998
0.012,0.998
0.012,0.998
0.012,0.998
0.012,0.998
0.012,0.998
0.012,0.998
0.012,0.998
0.012,0.998
0.012,0.998
0.012,0.998
0.012,0.998
0.012,0.998
0.012,0.998
0.012,0.998
0.012,0.998
0.012,0.998
0.012,0.998
0.012,0.998
0.012,0.998
0.012,0.998
0.012,0.998
0.012,0.998
0.012,0.998
0.012,0.998
0.012,0.998
0.012,0.998
0.012,0.998
0.012,0.998
0.012,0.998
0.012,0.998
0.012,0.998
0.012,0.998
0.012,0.998
0.012,0.998
0.012,0.998
0.012,0.998
0.012,0.998
0.012,0.998
0.012,0.998
0.012,0.998
0.012,0.998
0.012,0.998
0.012,0.998
0.012,0.998
0.012,0.998
0.012,0.998
0.012,0.998
0.012,0.998
0.012,0.998
0.012,0.998
0.012,0.998
0.012,0.998
0.012,0.998
0.012,0.998
0.012,0.998
0.012,0.998
0.012,0.998
0.012,0.998
0.012,0.998
0.012,0.998
0.012,0.998
0.012,0.998
0.012,0.998
0.012,0.998
0.012,0.998
0.012,0.998
0.012,0.998
0.012,0.998
0.012,0.998
0.012,0.998
0.012,0.998
0.012,0.998
0.012,0.998
0.012,0.998
0.012,0.998
0.012,0.998
0.012,0.998
0.012,0.998
0.012,0.998
0.012,0.998
0.012,0.998
0.012,0.998
0.012,0.998
0.012,0.998
0.012,0.998
0.012,0.998
0.012,0.998
0.012,0.998
0.012,0.998
0.012,0.998
0.012,0.998
0.012,0.998
0.012,0.998
0.012,0.998
0.012,0.998
0.012,0.998
0.012,0.998
0.012,0.998
0.012,0.998
0.012,0.998
0.012,0.998
0.012,0.998
0.012,0.998
0.012,0.998
0.012,0.998
0.012,0.998
0.012,0.998
0.012,0.998
0.012,0.998
0.012,0.998
0.012,0.998
0.012,0.998
0.012,0.998
0.012,0.998
0.012,0.998
0.012,0.998
0.012,0.998
0.012,0.998
0.012,0.998
0.012,0.998
0.012,0.998
0.012,0.998
0.012,0.998
0.012,0.998
0.012,0.998
0.012,0.998
0.012,0.998
0.012,0.998
0.012,0.998
0.012,0.998
0.012,0.998
0.012,0.998
0.012,0.998
0.012,0.998
0.012,0.998
0.012,0.998
0.012,0.998
0.012,0.998
0.012,0.998
0.012,0.998
0.012,0.998
0.012,0.998
0.012,0.998
0.012,0.998
0.012,0.998
0.012,0.998
0.012,0.998
0.012,0.998
0.012,0.998
0.012,0.998
0.012,0.998
0.012,0.998
0.012,0.998
0.012,0.998
0.012,0.998
0.012,0.998
0.012,0.998
0.012,0.998
0.012,0.998
0.012,0.998
0.012,0.998
0.012,0.998
0.012,0.998
0.012,0.998
0.012,0.998
0.012,0.998
0.012,0.998
0.012,0.998
0.012,0.998
0.012,0.998
0.012,0.998
0.012,0.998
0.012,0.998
0.012,0.998
0.012,0.998
0.012,0.998
0.012,0.998
0.012,0.998
0.012,0.998
0.012,0.998
0.012,0.998
0.012,0.998
0.012,0.998
0.012,0.998
0.012,0.998
0.012,0.998
0.012,0.998
0.012,0.998
0.012,0.998
0.012,0.998
0.012,0.998
0.012,0.998
0.012,0.998
0.012,0.998
0.012,0.998
0.012,0.998
0.012,0.998
0.012,0.998
0.012,0.998
0.012,0.998
0.012,0.998
0.012,0.998
0.012,0.998
0.012,0.998
0.012,0.998
0.012,0.998
0.012,0.998
0.012,0.998
0.012,0.998
0.012,0.998
0.012,0.998
0.012,0.998
0.012,0.998
0.012,0.998
0.012,0.998
0.012,0.998
0.012,0.998
0.012,0.998
0.012,0.998
0.012,0.998
0.012,0.998
0.012,0.998
0.012,0.998
0.012,0.998
0.012,0.998
0.012,0.998
0.012,0.998
0.012,0.998
0.012,0.998
0.012,0.998
0.012,0.998
0.012,0.998
0.012,0.998
0.012,0.998
0.012,0.998
0.012,0.998
0.012,0.998
0.012,0.998
0.012,0.998
0.012,0.998
0.012,0.998
0.012,0.998
0.012,0.998
0.012,0.998
0.012,0.998
0.012,0.998
0.012,0.998
0.012,0.998
0.012,0.998
0.012,0.998
0.012,0.998
0.012,0.998
0.012,0.998
0.012,0.998
0.012,0.998
0.012,0.998
0.012,0.998
0.012,0.998
0.012,0.998
0.012,0.998
0.012,0.998
0.012,0.998
0.012,0.998
0.012,0.998
0.012,0.998
0.012,0.998
0.012,0.998
0.012,0.998
0.012,0.998
0.012,0.998
0.012,0.998
0.012,0.998
0.012,0.998
0.012,0.998
0.012,0.998
0.012,0.998
0.012,0.998
0.012,0.998
0.012,0.998
0.012,0.998
0.012,0.998
0.012,0.998
0.012,0.998
0.012,0.998
0.012,0.998
0.012,0.998
0.012,0.998
0.012,0.998
0.012,0.998
0.012,0.998
0.012,0.998
0.012,0.998
0.012,0.998
0.012,0.998
0.012,0.998
0.012,0.998
0.012,0.998
0.012,0.998
0.012,0.998
0.012,0.998
0.012,0.998
0.012,0.998
0.012,0.998
0.012,0.998
0.012,0.998
0.012,0.998
0.012,0.998
0.012,0.998
0.012,0.998
0.012,0.998
0.012,0.998
0.012,0.998
0.012,0.998
0.012,0.998
0.012,0.998
0.012,0.998
0.012,0.998
0.012,0.998
0.012,0.998
0.012,0.998
0.012,0.998
0.012,0.998
0.012,0.998
0.012,0.998
0.012,0.998
0.012,0.998
0.012,0.998
0.012,0.998
0.012,0.998
0.012,0.998
0.012,0.998
0.012,0.998
0.012,0.998
0.012,0.998
0.011,0.998
0.011,0.998
0.011,0.998
0.011,0.998
0.011,0.998
0.011,0.998
0.011,0.998
0.011,0.998
0.011,0.998
0.011,0.998
0.011,0.998
0.011,0.998
0.011,0.998
0.011,0.998
0.011,0.998
0.011,0.998
0.011,0.998
0.011,0.998
0.011,0.998
0.011,0.998
0.011,0.998
0.011,0.998
0.011,0.998
0.011,0.998
0.011,0.998
0.011,0.998
0.011,0.998
0.011,0.998
0.011,0.998
0.011,0.998
0.011,0.998
0.011,0.998
0.011,0.998
0.011,0.998
0.011,0.998
0.011,0.998
0.011,0.998
0.011,0.998
0.011,0.998
0.011,0.998
0.011,0.998
0.011,0.998
0.011,0.998
0.011,0.998
0.011,0.998
0.011,0.998
0.011,0.998
0.011,0.998
0.011,0.998
0.011,0.998
0.011,0.998
0.011,0.998
0.011,0.998
0.011,0.998
0.011,0.998
0.011,0.998
0.011,0.998
0.011,0.998
0.011,0.998
0.011,0.998
0.011,0.998
0.011,0.998
0.011,0.998
0.011,0.998
0.011,0.998
0.011,0.998
0.011,0.998
0.011,0.998
0.011,0.998
0.011,0.998
0.011,0.998
0.011,0.998
0.011,0.998
0.011,0.998
0.011,0.998
0.011,0.998
0.011,0.998
0.011,0.998
0.011,0.998
0.011,0.998
0.011,0.998
0.011,0.998
0.011,0.998
0.011,0.998
0.011,0.998
0.011,0.998
0.011,0.998
0.011,0.998
0.011,0.998
0.011,0.998
0.011,0.998
0.011,0.998
0.011,0.998
0.011,0.998
0.011,0.998
0.011,0.998
0.011,0.998
0.011,0.998
0.011,0.998
0.011,0.998
0.011,0.998
0.011,0.998
0.011,0.998
0.011,0.998
0.011,0.998
0.011,0.998
0.011,0.998
0.011,0.998
0.011,0.998
0.011,0.998
0.011,0.998
0.011,0.998
0.011,0.998
0.011,0.998
0.011,0.998
0.011,0.998
0.011,0.998
0.011,0.998
0.011,0.998
0.011,0.998
0.011,0.998
0.011,0.998
0.011,0.998
0.011,0.998
0.011,0.998
0.011,0.998
0.011,0.998
0.011,0.998
0.011,0.998
0.011,0.998
0.011,0.998
0.011,0.998
0.011,0.998
0.011,0.998
0.011,0.998
0.011,0.998
0.011,0.998
0.011,0.998
0.011,0.998
0.011,0.998
0.011,0.998
0.011,0.998
0.011,0.998
0.011,0.998
0.011,0.998
0.011,0.998
0.011,0.998
0.011,0.998
0.011,0.998
0.011,0.998
0.011,0.998
0.011,0.998
0.011,0.998
0.011,0.998
0.011,0.998
0.011,0.998
0.011,0.998
0.011,0.998
0.011,0.998
0.011,0.998
0.011,0.998
0.011,0.998
0.011,0.998
0.011,0.998
0.011,0.998
0.011,0.998
0.011,0.998
0.011,0.998
0.011,0.998
0.011,0.998
0.011,0.998
0.011,0.998
0.011,0.998
0.011,0.998
0.011,0.998
0.011,0.998
0.011,0.998
0.011,0.998
0.011,0.998
0.011,0.998
0.011,0.998
0.011,0.998
0.011,0.998
0.011,0.998
0.011,0.998
0.011,0.998
0.011,0.998
0.011,0.998
0.011,0.998
0.011,0.998
0.011,0.998
0.011,0.998
0.011,0.998
0.011,0.998
0.011,0.998
0.011,0.998
0.011,0.998
0.011,0.998
0.011,0.998
0.011,0.998
0.011,0.998
0.011,0.998
0.011,0.998
0.011,0.998
0.011,0.998
0.011,0.998
0.011,0.998
0.011,0.998
0.011,0.998
0.011,0.998
0.011,0.998
0.011,0.998
0.011,0.998
0.011,0.998
0.011,0.998
0.011,0.998
0.011,0.998
0.011,0.998
0.011,0.998
0.011,0.998
0.011,0.998
0.011,0.998
0.011,0.998
0.011,0.998
0.011,0.998
0.011,0.998
0.011,0.998
0.011,0.998
0.011,0.998
0.011,0.998
0.011,0.998
0.011,0.998
0.011,0.998
0.011,0.998
0.011,0.998
0.011,0.998
0.011,0.998
0.011,0.998
0.011,0.998
0.011,0.998
0.011,0.998
0.011,0.998
0.011,0.998
0.011,0.998
0.011,0.998
0.011,0.998
0.011,0.998
0.011,0.998
0.011,0.998
0.011,0.998
0.011,0.998
0.011,0.998
0.011,0.998
0.011,0.998
0.011,0.998
0.011,0.998
0.011,0.998
0.011,0.998
0.011,0.998
0.011,0.998
0.011,0.998
0.011,0.998
0.011,0.998
0.011,0.998
0.011,0.998
0.011,0.998
0.011,0.998
0.011,0.998
0.011,0.998
0.011,0.998
0.011,0.998
0.011,0.998
0.011,0.998
0.011,0.998
0.011,0.998
0.011,0.998
0.011,0.998
0.011,0.998
0.011,0.998
0.011,0.998
0.011,0.998
0.011,0.998
0.011,0.998
0.011,0.998
0.011,0.998
0.011,0.998
0.011,0.998
0.011,0.998
0.011,0.998
0.011,0.998
0.011,0.998
0.011,0.998
0.011,0.998
0.011,0.998
0.011,0.998
0.011,0.998
0.011,0.998
0.011,0.998
0.011,0.998
0.011,0.998
0.011,0.998
0.011,0.998
0.011,0.998
0.011,0.998
0.011,0.998
0.011,0.998
0.011,0.998
0.011,0.998
0.011,0.998
0.011,0.998
0.011,0.998
0.011,0.998
0.011,0.998
0.011,0.998
0.011,0.998
0.011,0.998
0.011,0.998
0.011,0.998
0.011,0.998
0.011,0.998
0.011,0.998
0.011,0.998
0.011,0.998
0.011,0.998
0.011,0.998
0.011,0.998
0.011,0.998
0.011,0.998
0.011,0.998
0.011,0.998
0.011,0.998
0.011,0.998
0.011,0.998
0.011,0.998
0.011,0.998
0.011,0.998
0.011,0.998
0.011,0.998
0.011,0.998
0.011,0.998
0.011,0.998
0.011,0.998
0.011,0.998
0.011,0.998
0.011,0.998
0.011,0.998
0.011,0.998
0.011,0.998
0.011,0.998
0.011,0.998
0.011,0.998
0.011,0.998
0.011,0.998
0.011,0.998
0.011,0.998
0.011,0.998
0.011,0.998
0.011,0.998
0.011,0.998
0.011,0.998
0.011,0.998
0.011,0.998
0.011,0.998
0.011,0.998
0.011,0.998
0.011,0.998
0.011,0.998
0.011,0.998
0.011,0.998
0.011,0.998
0.011,0.998
0.011,0.998
0.011,0.998
0.011,0.998
0.011,0.998
0.011,0.998
0.011,0.998
0.011,0.998
0.011,0.998
0.011,0.998
0.011,0.998
0.011,0.998
0.011,0.998
0.011,0.998
0.011,0.998
0.011,0.998
0.011,0.998
0.011,0.998
0.011,0.998
0.011,0.998
0.011,0.998
0.011,0.998
0.011,0.998
0.011,0.998
0.011,0.998
0.011,0.998
0.011,0.998
0.011,0.998
0.011,0.998
0.011,0.998
0.011,0.998
0.011,0.998
0.011,0.998
0.011,0.998
0.011,0.998
0.011,0.998
0.011,0.998
0.011,0.998
0.011,0.998
0.011,0.998
0.011,0.998
0.011,0.998
0.011,0.998
0.011,0.998
0.011,0.998
0.011,0.998
0.011,0.998
0.011,0.998
0.011,0.998
0.011,0.998
0.011,0.998
0.011,0.998
0.011,0.998
0.011,0.998
0.011,0.998
0.011,0.998
0.011,0.998
0.011,0.998
0.011,0.998
0.011,0.998
0.011,0.998
0.011,0.998
0.011,0.998
0.011,0.998
0.011,0.998
0.011,0.998
0.011,0.998
0.011,0.998
0.011,0.998
0.011,0.998
0.011,0.998
0.011,0.998
0.011,0.998
0.011,0.998
0.011,0.998
0.011,0.998
0.011,0.998
0.011,0.998
0.011,0.998
0.011,0.998
0.011,0.998
0.011,0.998
0.011,0.998
0.011,0.998
0.011,0.998
0.011,0.998
0.011,0.998
0.011,0.998
0.011,0.998
0.011,0.998
0.011,0.998
0.011,0.998
0.011,0.998
0.011,0.998
0.011,0.998
0.011,0.998
0.011,0.998
0.011,0.998
0.011,0.998
0.011,0.998
0.011,0.998
0.011,0.998
0.011,0.998
0.011,0.998
0.011,0.998
0.011,0.998
0.011,0.998
0.011,0.998
0.011,0.998
0.011,0.998
0.011,0.998
0.011,0.998
0.011,0.998
0.011,0.998
0.011,0.998
0.011,0.998
0.011,0.998
0.011,0.998
0.011,0.998
0.011,0.998
0.011,0.998
0.011,0.998
0.011,0.998
0.011,0.998
0.011,0.998
0.011,0.998
0.011,0.998
0.011,0.998
0.011,0.998
0.011,0.998
0.011,0.998
0.011,0.998
0.011,0.998
0.010,0.998
0.010,0.998
0.010,0.998
0.010,0.998
0.010,0.998
0.010,0.998
0.010,0.998
0.010,0.998
0.010,0.998
0.010,0.998
0.010,0.998
0.010,0.998
0.010,0.998
0.010,0.998
0.010,0.998
0.010,0.998
0.010,0.998
0.010,0.998
0.010,0.998
0.010,0.998
0.010,0.998
0.010,0.998
0.010,0.998
0.010,0.998
0.010,0.998
0.010,0.998
0.010,0.998
0.010,0.998
0.010,0.998
0.010,0.998
0.010,0.998
0.010,0.998
0.010,0.998
0.010,0.998
0.010,0.998
0.010,0.998
0.010,0.998
0.010,0.998
0.010,0.998
0.010,0.998
0.010,0.998
0.010,0.998
0.010,0.998
0.010,0.998
0.010,0.998
0.010,0.998
0.010,0.998
0.010,0.998
0.010,0.998
0.010,0.998
0.010,0.998
0.010,0.998
0.010,0.998
0.010,0.998
0.010,0.998
0.010,0.998
0.010,0.998
0.010,0.998
0.010,0.998
0.010,0.998
0.010,0.998
0.010,0.998
0.010,0.998
0.010,0.998
0.010,0.998
0.010,0.998
0.010,0.998
0.010,0.998
0.010,0.998
0.010,0.998
0.010,0.998
0.010,0.998
0.010,0.998
0.010,0.998
0.010,0.998
0.010,0.998
0.010,0.998
0.010,0.998
0.010,0.998
0.010,0.998
0.010,0.998
0.010,0.998
0.010,0.998
0.010,0.998
0.010,0.998
0.010,0.998
0.010,0.998
0.010,0.998
0.010,0.998
0.010,0.998
0.010,0.998
0.010,0.998
0.010,0.998
0.010,0.998
0.010,0.998
0.010,0.998
0.010,0.998
0.010,0.998
0.010,0.998
0.010,0.998
0.010,0.998
0.010,0.998
0.010,0.998
0.010,0.998
0.010,0.998
0.010,0.998
0.010,0.998
0.010,0.998
0.010,0.998
0.010,0.998
0.010,0.998
0.010,0.998
0.010,0.998
0.010,0.998
0.010,0.998
0.010,0.998
0.010,0.998
0.010,0.998
0.010,0.998
0.010,0.998
0.010,0.998
0.010,0.998
0.010,0.998
0.010,0.998
0.010,0.998
0.010,0.998
0.010,0.998
0.010,0.998
0.010,0.998
0.010,0.998
0.010,0.998
0.010,0.998
0.010,0.998
0.010,0.998
0.010,0.998
0.010,0.998
0.010,0.998
0.010,0.998
0.010,0.998
0.010,0.998
0.010,0.998
0.010,0.998
0.010,0.998
0.010,0.998
0.010,0.998
0.010,0.998
0.010,0.998
0.010,0.998
0.010,0.998
0.010,0.998
0.010,0.998
0.010,0.998
0.010,0.998
0.010,0.998
0.010,0.998
0.010,0.998
0.010,0.998
0.010,0.998
0.010,0.998
0.010,0.998
0.010,0.998
0.010,0.998
0.010,0.998
0.010,0.998
0.010,0.998
0.010,0.998
0.010,0.998
0.010,0.998
0.010,0.998
0.010,0.998
0.010,0.998
0.010,0.998
0.010,0.998
0.010,0.998
0.010,0.998
0.010,0.998
0.010,0.998
0.010,0.998
0.010,0.998
0.010,0.998
0.010,0.998
0.010,0.998
0.010,0.998
0.010,0.998
0.010,0.998
0.010,0.998
0.010,0.998
0.010,0.998
0.010,0.998
0.010,0.998
0.010,0.998
0.010,0.998
0.010,0.998
0.010,0.998
0.010,0.998
0.010,0.998
0.010,0.998
0.010,0.998
0.010,0.998
0.010,0.998
0.010,0.998
0.010,0.998
0.010,0.998
0.010,0.998
0.010,0.998
0.010,0.998
0.010,0.998
0.010,0.998
0.010,0.998
0.010,0.998
0.010,0.998
0.010,0.998
0.010,0.998
0.010,0.998
0.010,0.998
0.010,0.998
0.010,0.998
0.010,0.998
0.010,0.998
0.010,0.998
0.010,0.998
0.010,0.998
0.010,0.998
0.010,0.998
0.010,0.998
0.010,0.998
0.010,0.998
0.010,0.998
0.010,0.998
0.010,0.998
0.010,0.998
0.010,0.998
0.010,0.998
0.010,0.998
0.010,0.998
0.010,0.998
0.010,0.998
0.010,0.998
0.010,0.998
0.010,0.998
0.010,0.998
0.010,0.998
0.010,0.998
0.010,0.998
0.010,0.998
0.010,0.998
0.010,0.998
0.010,0.998
0.010,0.998
0.010,0.998
0.010,0.998
0.010,0.998
0.010,0.998
0.010,0.998
0.010,0.998
0.010,0.998
0.010,0.998
0.010,0.998
0.010,0.998
0.010,0.998
0.010,0.998
0.010,0.998
0.010,0.998
0.010,0.998
0.010,0.998
0.010,0.998
0.010,0.998
0.010,0.998
0.010,0.998
0.010,0.998
0.010,0.998
0.010,0.998
0.010,0.998
0.010,0.998
0.010,0.998
0.010,0.998
0.010,0.998
0.010,0.998
0.010,0.998
0.010,0.998
0.010,0.998
0.010,0.998
0.010,0.998
0.010,0.998
0.010,0.998
0.010,0.998
0.010,0.998
0.010,0.998
0.010,0.998
0.010,0.998
0.010,0.998
0.010,0.998
0.010,0.998
0.010,0.998
0.010,0.998
0.010,0.998
0.010,0.998
0.010,0.998
0.010,0.998
0.010,0.998
0.010,0.998
0.010,0.998
0.010,0.998
0.010,0.998
0.010,0.998
0.010,0.998
0.010,0.998
0.010,0.998
0.010,0.998
0.010,0.998
0.010,0.998
0.010,0.998
0.010,0.998
0.010,0.998
0.010,0.998
0.010,0.998
0.010,0.998
0.010,0.998
0.010,0.998
0.010,0.998
0.010,0.998
0.010,0.998
0.010,0.998
0.010,0.998
0.010,0.998
0.010,0.998
0.010,0.998
0.010,0.998
0.010,0.998
0.010,0.998
0.010,0.998
0.010,0.998
0.010,0.998
0.010,0.998
0.010,0.998
0.010,0.998
0.010,0.998
0.010,0.998
0.010,0.998
0.010,0.998
0.010,0.998
0.010,0.998
0.010,0.998
0.010,0.998
0.010,0.998
0.010,0.998
0.010,0.998
0.010,0.998
0.010,0.998
0.010,0.998
0.010,0.998
0.010,0.998
0.010,0.998
0.010,0.998
0.010,0.998
0.010,0.998
0.010,0.998
0.010,0.998
0.010,0.998
0.010,0.998
0.010,0.998
0.010,0.998
0.010,0.998
0.010,0.998
0.010,0.998
0.010,0.998
0.010,0.998
0.010,0.998
0.010,0.998
0.010,0.998
0.010,0.998
0.010,0.998
0.010,0.998
0.010,0.998
0.010,0.998
0.010,0.998
0.010,0.998
0.010,0.998
0.010,0.998
0.010,0.998
0.010,0.998
0.010,0.998
0.010,0.998
0.010,0.998
0.010,0.998
0.010,0.998
0.010,0.998
0.010,0.998
0.010,0.998
0.010,0.998
0.010,0.998
0.010,0.998
0.010,0.998
0.010,0.998
0.010,0.998
0.010,0.998
0.010,0.998
0.010,0.998
0.010,0.998
0.010,0.998
0.010,0.998
0.010,0.998
0.010,0.998
0.010,0.998
0.010,0.998
0.010,0.998
0.010,0.998
0.010,0.998
0.010,0.998
0.010,0.998
0.010,0.998
0.010,0.998
0.010,0.998
0.010,0.998
0.010,0.998
0.010,0.998
0.010,0.998
0.010,0.998
0.010,0.998
0.010,0.998
0.010,0.998
0.010,0.998
0.010,0.998
0.010,0.998
0.010,0.998
0.010,0.998
0.010,0.998
0.010,0.998
0.010,0.998
0.010,0.998
0.010,0.998
0.010,0.998
0.010,0.998
0.010,0.998
0.010,0.998
0.010,0.998
0.010,0.998
0.010,0.998
0.010,0.998
0.010,0.998
0.010,0.998
0.010,0.998
0.010,0.998
0.010,0.998
0.010,0.998
0.010,0.998
0.010,0.998
0.010,0.998
0.010,0.998
0.010,0.998
0.010,0.998
0.010,0.998
0.010,0.998
0.010,0.998
0.010,0.998
0.010,0.998
0.010,0.998
0.010,0.998
0.010,0.998
0.010,0.998
0.010,0.998
0.010,0.998
0.010,0.998
0.010,0.998
0.010,0.998
0.010,0.998
0.010,0.998
0.010,0.998
0.010,0.998
0.010,0.998
0.010,0.998
0.010,0.998
0.010,0.998
0.010,0.998
0.010,0.998
0.010,0.998
0.010,0.998
0.010,0.998
0.010,0.998
0.010,0.998
0.010,0.998
0.010,0.998
0.010,0.998
0.010,0.998
0.010,0.998
0.010,0.998
0.010,0.998
0.010,0.998
0.010,0.998
0.010,0.998
0.010,0.998
0.010,0.998
0.010,0.998
0.010,0.998
0.010,0.998
0.010,0.998
0.010,0.998
0.010,0.998
0.010,0.998
0.010,0.998
0.010,0.998
0.010,0.998
0.010,0.998
0.010,0.998
0.010,0.998
0.010,0.998
0.010,0.998
0.010,0.998
0.010,0.998
0.010,0.998
0.010,0.998
0.010,0.998
0.010,0.998
0.010,0.998
0.010,0.998
0.010,0.998
0.010,0.998
0.010,0.998
0.010,0.998
0.010,0.998
0.010,0.998
0.010,0.998
0.010,0.998
0.010,0.998
0.010,0.998
0.010,0.998
0.010,0.998
0.010,0.998
0.010,0.998
0.010,0.998
0.010,0.998
0.010,0.998
0.010,0.998
0.010,0.998
0.010,0.998
0.010,0.998
0.010,0.998
0.010,0.998
0.010,0.998
0.010,0.998
0.010,0.998
0.010,0.998
0.010,0.998
0.010,0.998
0.010,0.998
0.010,0.998
0.010,0.998
0.010,0.998
0.010,0.998
0.010,0.998
0.010,0.998
0.010,0.998
0.010,0.998
0.010,0.998
0.010,0.998
0.010,0.998
0.010,0.998
0.010,0.998
0.010,0.998
0.010,0.998
0.010,0.998
0.010,0.998
0.010,0.998
0.010,0.998
0.010,0.998
0.010,0.998
0.010,0.998
0.010,0.998
0.010,0.998
0.010,0.998
0.010,0.998
0.010,0.998
0.010,0.998
0.010,0.998
0.010,0.998
0.010,0.998
0.010,0.998
0.010,0.998
0.010,0.998
0.010,0.998
0.010,0.998
0.010,0.998
0.010,0.998
0.010,0.998
0.010,0.998
0.010,0.998
0.010,0.998
0.010,0.998
0.010,0.998
0.010,0.998
0.010,0.998
0.010,0.998
0.010,0.998
0.010,0.998
0.010,0.998
0.010,0.998
0.010,0.998
0.010,0.998
0.010,0.998
0.010,0.998
0.010,0.998
0.010,0.998
0.010,0.998
0.010,0.998
0.010,0.998
0.010,0.998
0.010,0.998
0.010,0.998
0.010,0.998
0.010,0.998
0.010,0.998
0.010,0.998
0.010,0.998
0.010,0.998
0.010,0.998
0.010,0.998
0.010,0.998
0.010,0.998
0.010,0.998
0.010,0.998
0.010,0.998
0.010,0.998
0.010,0.998
0.010,0.998
0.010,0.998
0.010,0.998
0.010,0.998
0.010,0.998
0.010,0.998
0.010,0.998
0.010,0.998
0.010,0.998
0.010,0.998
0.010,0.998
0.010,0.998
0.010,0.998
0.010,0.998
0.010,0.998
0.010,0.998
0.010,0.998
0.010,0.998
0.010,0.998
0.010,0.998
0.010,0.998
0.010,0.998
0.010,0.998
0.009,0.998
0.009,0.998
0.009,0.998
0.009,0.998
0.009,0.998
0.009,0.998
0.009,0.998
0.009,0.998
0.009,0.998
0.009,0.998
0.009,0.998
0.009,0.998
0.009,0.998
0.009,0.998
0.009,0.998
0.009,0.998
0.009,0.998
0.009,0.998
0.009,0.998
0.009,0.998
0.009,0.998
0.009,0.998
0.009,0.998
0.009,0.998
0.009,0.998
0.009,0.998
0.009,0.998
0.009,0.998
0.009,0.998
0.009,0.998
0.009,0.998
0.009,0.998
0.009,0.998
0.009,0.998
0.009,0.998
0.009,0.998
0.009,0.998
0.009,0.998
0.009,0.998
0.009,0.998
0.009,0.998
0.009,0.998
0.009,0.998
0.009,0.998
0.009,0.998
0.009,0.998
0.009,0.998
0.009,0.998
0.009,0.998
0.009,0.998
0.009,0.998
0.009,0.998
0.009,0.998
0.009,0.998
0.009,0.998
0.009,0.998
0.009,0.998
0.009,0.998
0.009,0.998
0.009,0.998
0.009,0.998
0.009,0.998
0.009,0.998
0.009,0.998
0.009,0.998
0.009,0.998
0.009,0.998
0.009,0.998
0.009,0.998
0.009,0.998
0.009,0.998
0.009,0.998
0.009,0.998
0.009,0.998
0.009,0.998
0.009,0.998
0.009,0.998
0.009,0.998
0.009,0.998
0.009,0.998
0.009,0.998
0.009,0.998
0.009,0.998
0.009,0.998
0.009,0.998
0.009,0.998
0.009,0.998
0.009,0.998
0.009,0.998
0.009,0.998
0.009,0.998
0.009,0.998
0.009,0.998
0.009,0.998
0.009,0.998
0.009,0.998
0.009,0.998
0.009,0.998
0.009,0.998
0.009,0.998
0.009,0.998
0.009,0.998
0.009,0.998
0.009,0.998
0.009,0.998
0.009,0.998
0.009,0.998
0.009,0.998
0.009,0.998
0.009,0.998
0.009,0.998
0.009,0.998
0.009,0.998
0.009,0.998
0.009,0.998
0.009,0.998
0.009,0.998
0.009,0.998
0.009,0.998
0.009,0.998
0.009,0.998
0.009,0.998
0.009,0.998
0.009,0.998
0.009,0.998
0.009,0.998
0.009,0.998
0.009,0.998
0.009,0.998
0.009,0.998
0.009,0.998
0.009,0.998
0.009,0.998
0.009,0.998
0.009,0.998
0.009,0.998
0.009,0.998
0.009,0.998
0.009,0.998
0.009,0.998
0.009,0.998
0.009,0.998
0.009,0.998
0.009,0.998
0.009,0.998
0.009,0.998
0.009,0.998
0.009,0.998
0.009,0.998
0.009,0.998
0.009,0.998
0.009,0.998
0.009,0.998
0.009,0.998
0.009,0.998
0.009,0.998
0.009,0.998
0.009,0.998
0.009,0.998
0.009,0.998
0.009,0.998
0.009,0.998
0.009,0.998
0.009,0.998
0.009,0.998
0.009,0.998
0.009,0.998
0.009,0.998
0.009,0.998
0.009,0.998
0.009,0.998
0.009,0.998
0.009,0.998
0.009,0.998
0.009,0.998
0.009,0.998
0.009,0.998
0.009,0.998
0.009,0.998
0.009,0.998
0.009,0.998
0.009,0.998
0.009,0.998
0.009,0.998
0.009,0.998
0.009,0.998
0.009,0.998
0.009,0.998
0.009,0.998
0.009,0.998
0.009,0.998
0.009,0.998
0.009,0.998
0.009,0.998
0.009,0.998
0.009,0.998
0.009,0.998
0.009,0.998
0.009,0.998
0.009,0.998
0.009,0.998
0.009,0.998
0.009,0.998
0.009,0.998
0.009,0.998
0.009,0.998
0.009,0.998
0.009,0.998
0.009,0.998
0.009,0.998
0.009,0.998
0.009,0.998
0.009,0.998
0.009,0.998
0.009,0.998
0.009,0.998
0.009,0.998
0.009,0.998
0.009,0.998
0.009,0.998
0.009,0.998
0.009,0.998
0.009,0.998
0.009,0.998
0.009,0.998
0.009,0.998
0.009,0.998
0.009,0.998
0.009,0.998
0.009,0.998
0.009,0.998
0.009,0.998
0.009,0.998
0.009,0.998
0.009,0.998
0.009,0.998
0.009,0.998
0.009,0.998
0.009,0.998
0.009,0.998
0.009,0.998
0.009,0.998
0.009,0.998
0.009,0.998
0.009,0.998
0.009,0.998
0.009,0.998
0.009,0.998
0.009,0.998
0.009,0.998
0.009,0.998
0.009,0.998
0.009,0.998
0.009,0.998
0.009,0.998
0.009,0.998
0.009,0.998
0.009,0.998
0.009,0.998
0.009,0.998
0.009,0.998
0.009,0.998
0.009,0.998
0.009,0.998
0.009,0.998
0.009,0.998
0.009,0.998
0.009,0.998
0.009,0.998
0.009,0.998
0.009,0.998
0.009,0.998
0.009,0.998
0.009,0.998
0.009,0.998
0.009,0.998
0.009,0.998
0.009,0.998
0.009,0.998
0.009,0.998
0.009,0.998
0.009,0.998
0.009,0.998
0.009,0.998
0.009,0.998
0.009,0.998
0.009,0.998
0.009,0.998
0.009,0.998
0.009,0.998
0.009,0.998
0.009,0.998
0.009,0.998
0.009,0.998
0.009,0.998
0.009,0.998
0.009,0.998
0.009,0.998
0.009,0.998
0.009,0.998
0.009,0.998
0.009,0.998
0.009,0.998
0.009,0.998
0.009,0.998
0.009,0.998
0.009,0.998
0.009,0.998
0.009,0.998
0.009,0.998
0.009,0.998
0.009,0.998
0.009,0.998
0.009,0.998
0.009,0.998
0.009,0.998
0.009,0.998
0.009,0.998
0.009,0.998
0.009,0.998
0.009,0.998
0.009,0.998
0.009,0.998
0.009,0.998
0.009,0.998
0.009,0.998
0.009,0.998
0.009,0.998
0.009,0.998
0.009,0.998
0.009,0.998
0.009,0.998
0.009,0.998
0.009,0.998
0.009,0.998
0.009,0.998
0.009,0.998
0.009,0.998
0.009,0.998
0.009,0.998
0.009,0.998
0.009,0.998
0.009,0.998
0.009,0.998
0.009,0.998
0.009,0.998
0.009,0.998
0.009,0.998
0.009,0.998
0.009,0.998
0.009,0.998
0.009,0.998
0.009,0.998
0.009,0.998
0.009,0.998
0.009,0.998
0.009,0.998
0.009,0.998
0.009,0.998
0.009,0.998
0.009,0.998
0.009,0.998
0.009,0.998
0.009,0.998
0.009,0.998
0.009,0.998
0.009,0.998
0.009,0.998
0.009,0.998
0.009,0.998
0.009,0.998
0.009,0.998
0.009,0.998
0.009,0.998
0.009,0.998
0.009,0.998
0.009,0.998
0.009,0.998
0.009,0.998
0.009,0.998
0.009,0.998
0.009,0.998
0.009,0.998
0.009,0.998
0.009,0.998
0.009,0.998
0.009,0.998
0.009,0.998
0.009,0.998
0.009,0.998
0.009,0.998
0.009,0.998
0.009,0.998
0.009,0.998
0.009,0.998
0.009,0.998
0.009,0.998
0.009,0.998
0.009,0.998
0.009,0.998
0.009,0.998
0.009,0.998
0.009,0.998
0.009,0.998
0.009,0.998
0.009,0.998
0.009,0.998
0.009,0.998
0.009,0.998
0.009,0.998
0.009,0.998
0.009,0.998
0.009,0.998
0.009,0.998
0.009,0.998
0.009,0.998
0.009,0.998
0.009,0.998
0.009,0.998
0.009,0.998
0.009,0.998
0.009,0.998
0.009,0.998
0.009,0.998
0.009,0.998
0.009,0.998
0.009,0.998
0.009,0.998
0.009,0.998
0.009,0.998
0.009,0.998
0.009,0.998
0.009,0.998
0.009,0.998
0.009,0.998
0.009,0.998
0.009,0.998
0.009,0.998
0.009,0.998
0.009,0.998
0.009,0.998
0.009,0.998
0.009,0.998
0.009,0.998
0.009,0.998
0.009,0.998
0.009,0.998
0.009,0.998
0.009,0.998
0.009,0.998
0.009,0.998
0.009,0.998
0.009,0.998
0.009,0.998
0.009,0.998
0.009,0.998
0.009,0.998
0.009,0.998
0.009,0.998
0.009,0.998
0.009,0.998
0.009,0.998
0.009,0.998
0.009,0.998
0.009,0.998
0.009,0.998
0.009,0.998
0.009,0.998
0.009,0.998
0.009,0.998
0.009,0.998
0.009,0.998
0.009,0.998
0.009,0.998
0.009,0.998
0.009,0.998
0.009,0.998
0.009,0.998
0.009,0.998
0.009,0.998
0.009,0.998
0.009,0.998
0.009,0.998
0.009,0.998
0.009,0.998
0.009,0.998
0.009,0.998
0.009,0.998
0.009,0.998
0.009,0.998
0.009,0.998
0.009,0.998
0.009,0.998
0.009,0.998
0.009,0.998
0.009,0.998
0.009,0.998
0.009,0.998
0.009,0.998
0.009,0.998
0.009,0.998
0.009,0.998
0.009,0.998
0.009,0.998
0.009,0.998
0.009,0.998
0.009,0.998
0.009,0.998
0.009,0.998
0.009,0.998
0.009,0.998
0.009,0.998
0.009,0.998
0.009,0.998
0.009,0.998
0.009,0.998
0.009,0.998
0.009,0.998
0.009,0.998
0.009,0.998
0.009,0.998
0.009,0.998
0.009,0.998
0.009,0.998
0.009,0.998
0.009,0.998
0.009,0.998
0.009,0.998
0.009,0.998
0.009,0.998
0.009,0.998
0.009,0.998
0.009,0.998
0.009,0.998
0.009,0.998
0.009,0.998
0.009,0.998
0.009,0.998
0.009,0.998
0.009,0.998
0.009,0.998
0.009,0.998
0.009,0.998
0.009,0.998
0.009,0.998
0.009,0.998
0.009,0.998
0.009,0.998
0.009,0.998
0.009,0.998
0.009,0.998
0.009,0.998
0.009,0.998
0.009,0.998
0.009,0.998
0.009,0.998
0.009,0.998
0.009,0.998
0.009,0.998
0.009,0.998
0.009,0.998
0.009,0.998
0.009,0.998
0.009,0.998
0.009,0.998
0.009,0.998
0.009,0.998
0.009,0.998
0.009,0.998
0.009,0.998
0.009,0.998
0.009,0.998
0.009,0.998
0.009,0.998
0.009,0.998
0.009,0.998
0.009,0.998
0.009,0.998
0.009,0.998
0.009,0.998
0.009,0.998
0.009,0.998
0.009,0.998
0.009,0.998
0.009,0.998
0.009,0.998
0.009,0.998
0.009,0.998
0.009,0.998
0.009,0.998
0.009,0.998
0.009,0.998
0.009,0.998
0.009,0.998
0.009,0.998
0.009,0.998
0.009,0.998
0.009,0.998
0.009,0.998
0.009,0.998
0.009,0.998
0.009,0.998
0.009,0.998
0.009,0.998
0.009,0.998
0.009,0.998
0.009,0.998
0.009,0.998
0.009,0.998
0.009,0.998
0.009,0.998
0.009,0.998
0.009,0.998
0.009,0.998
0.009,0.998
0.009,0.998
0.009,0.998
0.009,0.998
0.009,0.998
0.009,0.998
0.009,0.998
0.009,0.998
0.009,0.998
0.009,0.998
0.009,0.998
0.009,0.998
0.009,0.998
0.009,0.998
0.009,0.998
0.009,0.998
0.009,0.998
0.009,0.998
0.009,0.998
0.009,0.998
0.009,0.998
0.009,0.998
0.009,0.998
0.009,0.998
0.009,0.998
0.009,0.998
0.009,0.998
0.009,0.998
0.009,0.998
0.009,0.998
0.009,0.998
0.009,0.998
0.009,0.998
0.009,0.998
0.009,0.998
0.009,0.998
0.009,0.998
0.009,0.998
0.009,0.998
0.009,0.998
0.009,0.998
0.009,0.998
0.009,0.998
0.009,0.998
0.009,0.998
0.009,0.998
0.009,0.998
0.009,0.998
0.009,0.998
0.009,0.998
0.009,0.998
0.009,0.998
0.009,0.998
0.009,0.998
0.009,0.998
0.009,0.998
0.009,0.998
0.009,0.998
0.009,0.998
0.009,0.998
0.009,0.998
0.009,0.998
0.009,0.998
0.009,0.998
0.009,0.998
0.009,0.998
0.009,0.998
0.009,0.998
0.009,0.998
0.009,0.998
0.009,0.998
0.009,0.998
0.009,0.998
0.009,0.998
0.009,0.998
0.009,0.998
0.009,0.998
0.009,0.998
0.009,0.998
0.009,0.998
0.009,0.998
0.009,0.998
0.009,0.998
0.009,0.998
0.009,0.998
0.009,0.998
0.009,0.998
0.009,0.998
0.009,0.998
0.009,0.998
0.009,0.998
0.009,0.998
0.009,0.998
0.009,0.998
0.009,0.998
0.009,0.998
0.009,0.998
0.009,0.998
0.009,0.998
0.009,0.998
0.009,0.998
0.009,0.998
0.009,0.998
0.009,0.998
0.009,0.998
0.009,0.998
0.009,0.998
0.009,0.998
0.009,0.998
0.009,0.998
0.009,0.998
0.009,0.998
0.009,0.998
0.009,0.998
0.009,0.998
0.009,0.998
0.009,0.998
0.009,0.998
0.009,0.998
0.009,0.998
0.009,0.998
0.009,0.998
0.009,0.998
0.009,0.998
0.009,0.998
0.009,0.998
0.009,0.998
0.009,0.998
0.009,0.998
0.009,0.998
0.009,0.998
0.009,0.998
0.009,0.998
0.009,0.998
0.009,0.998
0.009,0.998
0.009,0.998
0.009,0.998
0.009,0.998
0.009,0.998
0.009,0.998
0.009,0.998
0.009,0.998
0.009,0.998
0.009,0.998
0.009,0.998
0.009,0.998
0.009,0.998
0.009,0.998
0.009,0.998
0.009,0.998
0.009,0.998
0.009,0.998
0.009,0.998
0.009,0.998
0.009,0.998
0.009,0.998
0.009,0.998
0.009,0.998
0.009,0.998
0.009,0.998
0.009,0.998
0.009,0.998
0.009,0.998
0.009,0.998
0.009,0.998
0.009,0.998
0.009,0.998
0.009,0.998
0.009,0.998
0.009,0.998
0.009,0.998
0.009,0.998
0.009,0.998
0.009,0.998
0.009,0.998
0.009,0.998
0.009,0.998
0.009,0.998
0.009,0.998
0.009,0.998
0.009,0.998
0.009,0.998
0.009,0.998
0.009,0.998
0.009,0.998
0.009,0.998
0.009,0.998
0.009,0.998
0.009,0.998
0.009,0.998
0.009,0.998
0.009,0.998
0.009,0.998
0.009,0.998
0.009,0.998
0.009,0.998
0.009,0.998
0.009,0.998
0.009,0.998
0.009,0.998
0.009,0.998
0.009,0.998
0.009,0.998
0.009,0.998
0.009,0.998
0.009,0.998
0.009,0.998
0.009,0.998
0.009,0.998
0.009,0.998
0.009,0.998
0.009,0.998
0.009,0.998
0.009,0.998
0.009,0.998
0.009,0.998
0.009,0.998
0.009,0.998
0.009,0.998
0.009,0.998
0.009,0.998
0.009,0.998
0.009,0.998
0.009,0.998
0.009,0.998
0.009,0.998
0.009,0.998
0.009,0.998
0.009,0.998
0.009,0.998
0.009,0.998
0.009,0.998
0.009,0.998
0.009,0.998
0.009,0.998
0.009,0.998
0.009,0.998
0.009,0.998
0.008,0.998
0.008,0.998
0.008,0.998
0.008,0.998
0.008,0.998
0.008,0.998
0.008,0.998
0.008,0.998
0.008,0.998
0.008,0.998
0.008,0.998
0.008,0.998
0.008,0.998
0.008,0.998
0.008,0.998
0.008,0.998
0.008,0.998
0.008,0.998
0.008,0.998
0.008,0.998
0.008,0.998
0.008,0.998
0.008,0.998
0.008,0.998
0.008,0.998
0.008,0.998
0.008,0.998
0.008,0.998
0.008,0.998
0.008,1.000
0.008,1.000
0.008,1.000
0.008,1.000
0.008,1.000
0.008,1.000
0.008,1.000
0.008,1.000
0.008,1.000
0.008,1.000
0.008,1.000
0.008,1.000
0.008,1.000
0.008,1.000
0.008,1.000
0.008,1.000
0.008,1.000
0.008,1.000
0.008,1.000
0.008,1.000
0.008,1.000
0.008,1.000
0.008,1.000
0.008,1.000
0.008,1.000
0.008,1.000
0.008,1.000
0.008,1.000
0.008,1.000
0.008,1.000
0.008,1.000
0.008,1.000
0.008,1.000
0.008,1.000
0.008,1.000
0.008,1.000
0.008,1.000
0.008,1.000
0.008,1.000
0.008,1.000
0.008,1.000
0.008,1.000
0.008,1.000
0.008,1.000
0.008,1.000
0.008,1.000
0.008,1.000
0.008,1.000
0.008,1.000
0.008,1.000
0.008,1.000
0.008,1.000
0.008,1.000
0.008,1.000
0.008,1.000
0.008,1.000
0.008,1.000
0.008,1.000
0.008,1.000
0.008,1.000
0.008,1.000
0.008,1.000
0.008,1.000
0.008,1.000
0.008,1.000
0.008,1.000
0.008,1.000
0.008,1.000
0.008,1.000
0.008,1.000
0.008,1.000
0.008,1.000
0.008,1.000
0.008,1.000
0.008,1.000
0.008,1.000
0.008,1.000
0.008,1.000
0.008,1.000
0.008,1.000
0.008,1.000
0.008,1.000
0.008,1.000
0.008,1.000
0.008,1.000
0.008,1.000
0.008,1.000
0.008,1.000
0.008,1.000
0.008,1.000
0.008,1.000
0.008,1.000
0.008,1.000
0.008,1.000
0.008,1.000
0.008,1.000
0.008,1.000
0.008,1.000
0.008,1.000
0.008,1.000
0.008,1.000
0.008,1.000
0.008,1.000
0.008,1.000
0.008,1.000
0.008,1.000
0.008,1.000
0.008,1.000
0.008,1.000
0.008,1.000
0.008,1.000
0.008,1.000
0.008,1.000
0.008,1.000
0.008,1.000
0.008,1.000
0.008,1.000
0.008,1.000
0.008,1.000
0.008,1.000
0.008,1.000
0.008,1.000
0.008,1.000
0.008,1.000
0.008,1.000
0.008,1.000
0.008,1.000
0.008,1.000
0.008,1.000
0.008,1.000
0.008,1.000
0.008,1.000
0.008,1.000
0.008,1.000
0.008,1.000
0.008,1.000
0.008,1.000
0.008,1.000
0.008,1.000
0.008,1.000
0.008,1.000
0.008,1.000
0.008,1.000
0.008,1.000
0.008,1.000
0.008,1.000
0.008,1.000
0.008,1.000
0.008,1.000
0.008,1.000
0.008,1.000
0.008,1.000
0.008,1.000
0.008,1.000
0.008,1.000
0.008,1.000
0.008,1.000
0.008,1.000
0.008,1.000
0.008,1.000
0.008,1.000
0.008,1.000
0.008,1.000
0.008,1.000
0.008,1.000
0.008,1.000
0.008,1.000
0.008,1.000
0.008,1.000
0.008,1.000
0.008,1.000
0.008,1.000
0.008,1.000
0.008,1.000
0.008,1.000
0.008,1.000
0.008,1.000
0.008,1.000
0.008,1.000
0.008,1.000
0.008,1.000
0.008,1.000
0.008,1.000
0.008,1.000
0.008,1.000
0.008,1.000
0.008,1.000
0.008,1.000
0.008,1.000
0.008,1.000
0.008,1.000
0.008,1.000
0.008,1.000
0.008,1.000
0.008,1.000
0.008,1.000
0.008,1.000
0.008,1.000
0.008,1.000
0.008,1.000
0.008,1.000
0.008,1.000
0.008,1.000
0.008,1.000
0.008,1.000
0.008,1.000
0.008,1.000
0.008,1.000
0.008,1.000
0.008,1.000
0.008,1.000
0.008,1.000
0.008,1.000
0.008,1.000
0.008,1.000
0.008,1.000
0.008,1.000
0.008,1.000
0.008,1.000
0.008,1.000
0.008,1.000
0.008,1.000
0.008,1.000
0.008,1.000
0.008,1.000
0.008,1.000
0.008,1.000
0.008,1.000
0.008,1.000
0.008,1.000
0.008,1.000
0.008,1.000
0.008,1.000
0.008,1.000
0.008,1.000
0.008,1.000
0.008,1.000
0.008,1.000
0.008,1.000
0.008,1.000
0.008,1.000
0.008,1.000
0.008,1.000
0.008,1.000
0.008,1.000
0.008,1.000
0.008,1.000
0.008,1.000
0.008,1.000
0.008,1.000
0.008,1.000
0.008,1.000
0.008,1.000
0.008,1.000
0.008,1.000
0.008,1.000
0.008,1.000
0.008,1.000
0.008,1.000
0.008,1.000
0.008,1.000
0.008,1.000
0.008,1.000
0.008,1.000
0.008,1.000
0.008,1.000
0.008,1.000
0.008,1.000
0.008,1.000
0.008,1.000
0.008,1.000
0.008,1.000
0.008,1.000
0.008,1.000
0.008,1.000
0.008,1.000
0.008,1.000
0.008,1.000
0.008,1.000
0.008,1.000
0.008,1.000
0.008,1.000
0.008,1.000
0.008,1.000
0.008,1.000
0.008,1.000
0.008,1.000
0.008,1.000
0.008,1.000
0.008,1.000
0.008,1.000
0.008,1.000
0.008,1.000
0.008,1.000
0.008,1.000
0.008,1.000
0.008,1.000
0.008,1.000
0.008,1.000
0.008,1.000
0.008,1.000
0.008,1.000
0.008,1.000
0.008,1.000
0.008,1.000
0.008,1.000
0.008,1.000
0.008,1.000
0.008,1.000
0.008,1.000
0.008,1.000
0.008,1.000
0.008,1.000
0.008,1.000
0.008,1.000
0.008,1.000
0.008,1.000
0.008,1.000
0.008,1.000
0.008,1.000
0.008,1.000
0.008,1.000
0.008,1.000
0.008,1.000
0.008,1.000
0.008,1.000
0.008,1.000
0.008,1.000
0.008,1.000
0.008,1.000
0.008,1.000
0.008,1.000
0.008,1.000
0.008,1.000
0.008,1.000
0.008,1.000
0.008,1.000
0.008,1.000
0.008,1.000
0.008,1.000
0.008,1.000
0.008,1.000
0.008,1.000
0.008,1.000
0.008,1.000
0.008,1.000
0.008,1.000
0.008,1.000
0.008,1.000
0.008,1.000
0.008,1.000
0.008,1.000
0.008,1.000
0.008,1.000
0.008,1.000
0.008,1.000
0.008,1.000
0.008,1.000
0.008,1.000
0.008,1.000
0.008,1.000
0.008,1.000
0.008,1.000
0.008,1.000
0.008,1.000
0.008,1.000
0.008,1.000
0.008,1.000
0.008,1.000
0.008,1.000
0.008,1.000
0.008,1.000
0.008,1.000
0.008,1.000
0.008,1.000
0.008,1.000
0.008,1.000
0.008,1.000
0.008,1.000
0.008,1.000
0.008,1.000
0.008,1.000
0.008,1.000
0.008,1.000
0.008,1.000
0.008,1.000
0.008,1.000
0.008,1.000
0.008,1.000
0.008,1.000
0.008,1.000
0.008,1.000
0.008,1.000
0.008,1.000
0.008,1.000
0.008,1.000
0.008,1.000
0.008,1.000
0.008,1.000
0.008,1.000
0.008,1.000
0.008,1.000
0.008,1.000
0.008,1.000
0.008,1.000
0.008,1.000
0.008,1.000
0.008,1.000
0.008,1.000
0.008,1.000
0.008,1.000
0.008,1.000
0.008,1.000
0.008,1.000
0.008,1.000
0.008,1.000
0.008,1.000
0.008,1.000
0.008,1.000
0.008,1.000
0.008,1.000
0.008,1.000
0.008,1.000
0.008,1.000
0.008,1.000
0.008,1.000
0.008,1.000
0.008,1.000
0.008,1.000
0.008,1.000
0.008,1.000
0.008,1.000
0.008,1.000
0.008,1.000
0.008,1.000
0.008,1.000
0.008,1.000
0.008,1.000
0.008,1.000
0.008,1.000
0.008,1.000
0.008,1.000
0.008,1.000
0.008,1.000
0.008,1.000
0.008,1.000
0.008,1.000
0.008,1.000
0.008,1.000
0.008,1.000
0.008,1.000
0.008,1.000
0.008,1.000
0.008,1.000
0.008,1.000
0.008,1.000
0.008,1.000
0.008,1.000
0.008,1.000
0.008,1.000
0.008,1.000
0.008,1.000
0.008,1.000
0.008,1.000
0.008,1.000
0.008,1.000
0.008,1.000
0.008,1.000
0.008,1.000
0.008,1.000
0.008,1.000
0.008,1.000
0.008,1.000
0.008,1.000
0.008,1.000
0.008,1.000
0.008,1.000
0.008,1.000
0.008,1.000
0.008,1.000
0.008,1.000
0.008,1.000
0.008,1.000
0.008,1.000
0.008,1.000
0.008,1.000
0.008,1.000
0.008,1.000
0.008,1.000
0.008,1.000
0.008,1.000
0.008,1.000
0.008,1.000
0.008,1.000
0.008,1.000
0.008,1.000
0.008,1.000
0.008,1.000
0.008,1.000
0.008,1.000
0.008,1.000
0.008,1.000
0.008,1.000
0.008,1.000
0.008,1.000
0.008,1.000
0.008,1.000
0.008,1.000
0.008,1.000
0.008,1.000
0.008,1.000
0.008,1.000
0.008,1.000
0.008,1.000
0.008,1.000
0.008,1.000
0.008,1.000
0.008,1.000
0.008,1.000
0.008,1.000
0.008,1.000
0.008,1.000
0.008,1.000
0.008,1.000
0.008,1.000
0.008,1.000
0.008,1.000
0.008,1.000
0.008,1.000
0.008,1.000
0.008,1.000
0.008,1.000
0.008,1.000
0.008,1.000
0.008,1.000
0.008,1.000
0.008,1.000
0.008,1.000
0.008,1.000
0.008,1.000
0.008,1.000
0.008,1.000
0.008,1.000
0.008,1.000
0.008,1.000
0.008,1.000
0.008,1.000
0.008,1.000
0.008,1.000
0.008,1.000
0.008,1.000
0.008,1.000
0.008,1.000
0.008,1.000
0.008,1.000
0.008,1.000
0.008,1.000
0.008,1.000
0.008,1.000
0.008,1.000
0.008,1.000
0.008,1.000
0.008,1.000
0.008,1.000
0.008,1.000
0.008,1.000
0.008,1.000
0.008,1.000
0.008,1.000
0.008,1.000
0.008,1.000
0.008,1.000
0.008,1.000
0.008,1.000
0.008,1.000
0.008,1.000
0.008,1.000
0.008,1.000
0.008,1.000
0.008,1.000
0.008,1.000
0.008,1.000
0.008,1.000
0.008,1.000
0.008,1.000
0.008,1.000
0.008,1.000
0.008,1.000
0.008,1.000
0.008,1.000
0.008,1.000
0.008,1.000
0.008,1.000
0.008,1.000
0.008,1.000
0.008,1.000
0.008,1.000
0.008,1.000
0.008,1.000
0.008,1.000
0.008,1.000
0.008,1.000
0.008,1.000
0.008,1.000
0.008,1.000
0.008,1.000
0.008,1.000
0.008,1.000
0.008,1.000
0.008,1.000
0.008,1.000
0.008,1.000
0.008,1.000
0.008,1.000
0.008,1.000
0.008,1.000
0.008,1.000
0.008,1.000
0.008,1.000
0.008,1.000
0.008,1.000
0.008,1.000
0.008,1.000
0.008,1.000
0.008,1.000
0.008,1.000
0.008,1.000
0.008,1.000
0.008,1.000
0.008,1.000
0.008,1.000
0.008,1.000
0.008,1.000
0.008,1.000
0.008,1.000
0.008,1.000
0.008,1.000
0.008,1.000
0.008,1.000
0.008,1.000
0.008,1.000
0.008,1.000
0.008,1.000
0.008,1.000
0.008,1.000
0.008,1.000
0.008,1.000
0.008,1.000
0.008,1.000
0.008,1.000
0.008,1.000
0.008,1.000
0.008,1.000
0.008,1.000
0.008,1.000
0.008,1.000
0.008,1.000
0.008,1.000
0.008,1.000
0.008,1.000
0.008,1.000
0.008,1.000
0.008,1.000
0.008,1.000
0.008,1.000
0.008,1.000
0.008,1.000
0.008,1.000
0.008,1.000
0.008,1.000
0.008,1.000
0.008,1.000
0.008,1.000
0.008,1.000
0.008,1.000
0.008,1.000
0.008,1.000
0.008,1.000
0.008,1.000
0.008,1.000
0.008,1.000
0.008,1.000
0.008,1.000
0.008,1.000
0.008,1.000
0.008,1.000
0.008,1.000
0.008,1.000
0.008,1.000
0.008,1.000
0.008,1.000
0.008,1.000
0.008,1.000
0.008,1.000
0.008,1.000
0.008,1.000
0.008,1.000
0.008,1.000
0.008,1.000
0.008,1.000
0.008,1.000
0.008,1.000
0.008,1.000
0.008,1.000
0.008,1.000
0.008,1.000
0.008,1.000
0.008,1.000
0.008,1.000
0.008,1.000
0.008,1.000
0.008,1.000
0.008,1.000
0.008,1.000
0.008,1.000
0.008,1.000
0.008,1.000
0.008,1.000
0.008,1.000
0.008,1.000
0.008,1.000
0.008,1.000
0.008,1.000
0.008,1.000
0.008,1.000
0.008,1.000
0.008,1.000
0.008,1.000
0.008,1.000
0.008,1.000
0.008,1.000
0.008,1.000
0.008,1.000
0.008,1.000
0.008,1.000
0.008,1.000
0.008,1.000
0.008,1.000
0.008,1.000
0.008,1.000
0.008,1.000
0.008,1.000
0.008,1.000
0.008,1.000
0.008,1.000
0.008,1.000
0.008,1.000
0.008,1.000
0.008,1.000
0.008,1.000
0.008,1.000
0.008,1.000
0.008,1.000
0.008,1.000
0.008,1.000
0.008,1.000
0.008,1.000
0.008,1.000
0.008,1.000
0.008,1.000
0.008,1.000
0.008,1.000
0.008,1.000
0.008,1.000
0.008,1.000
0.008,1.000
0.008,1.000
0.008,1.000
0.008,1.000
0.008,1.000
0.008,1.000
0.008,1.000
0.008,1.000
0.008,1.000
0.008,1.000
0.008,1.000
0.008,1.000
0.008,1.000
0.008,1.000
0.008,1.000
0.008,1.000
0.008,1.000
0.008,1.000
0.008,1.000
0.008,1.000
0.008,1.000
0.008,1.000
0.008,1.000
0.008,1.000
0.008,1.000
0.008,1.000
0.008,1.000
0.008,1.000
0.008,1.000
0.008,1.000
0.008,1.000
0.008,1.000
0.008,1.000
0.008,1.000
0.008,1.000
0.008,1.000
0.008,1.000
0.008,1.000
0.008,1.000
0.008,1.000
0.008,1.000
0.008,1.000
0.008,1.000
0.008,1.000
0.008,1.000
0.008,1.000
0.008,1.000
0.008,1.000
0.008,1.000
0.008,1.000
0.008,1.000
0.008,1.000
0.008,1.000
0.008,1.000
0.008,1.000
0.008,1.000
0.008,1.000
0.008,1.000
0.008,1.000
0.008,1.000
0.008,1.000
0.008,1.000
0.008,1.000
0.008,1.000
0.008,1.000
0.008,1.000
0.008,1.000
0.008,1.000
0.008,1.000
0.008,1.000
0.008,1.000
0.008,1.000
0.008,1.000
0.008,1.000
0.008,1.000
0.008,1.000
0.008,1.000
0.008,1.000
0.008,1.000
0.008,1.000
0.008,1.000
0.008,1.000
0.008,1.000
0.008,1.000
0.008,1.000
0.008,1.000
0.008,1.000
0.008,1.000
0.008,1.000
0.008,1.000
0.008,1.000
0.008,1.000
0.008,1.000
0.008,1.000
0.008,1.000
0.008,1.000
0.008,1.000
0.008,1.000
0.008,1.000
0.008,1.000
0.008,1.000
0.008,1.000
0.008,1.000
0.008,1.000
0.008,1.000
0.008,1.000
0.008,1.000
0.008,1.000
0.008,1.000
0.008,1.000
0.008,1.000
0.008,1.000
0.008,1.000
0.008,1.000
0.008,1.000
0.008,1.000
0.008,1.000
0.008,1.000
0.008,1.000
0.008,1.000
0.008,1.000
0.008,1.000
0.008,1.000
0.008,1.000
0.008,1.000
0.008,1.000
0.008,1.000
0.008,1.000
0.008,1.000
0.008,1.000
0.008,1.000
0.008,1.000
0.008,1.000
0.008,1.000
0.008,1.000
0.008,1.000
0.008,1.000
0.008,1.000
0.008,1.000
0.008,1.000
0.008,1.000
0.008,1.000
0.008,1.000
0.008,1.000
0.008,1.000
0.008,1.000
0.008,1.000
0.008,1.000
0.008,1.000
0.008,1.000
0.008,1.000
0.008,1.000
0.008,1.000
0.008,1.000
0.008,1.000
0.008,1.000
0.008,1.000
0.008,1.000
0.008,1.000
0.008,1.000
0.008,1.000
0.008,1.000
0.008,1.000
0.008,1.000
0.008,1.000
0.008,1.000
0.008,1.000
0.008,1.000
0.008,1.000
0.008,1.000
0.008,1.000
0.008,1.000
0.008,1.000
0.008,1.000
0.008,1.000
0.008,1.000
0.008,1.000
0.008,1.000
0.008,1.000
0.008,1.000
0.008,1.000
0.008,1.000
0.008,1.000
0.008,1.000
0.008,1.000
0.008,1.000
0.008,1.000
0.008,1.000
0.008,1.000
0.008,1.000
0.008,1.000
0.008,1.000
0.008,1.000
0.008,1.000
0.008,1.000
0.008,1.000
0.008,1.000
0.008,1.000
0.008,1.000
0.008,1.000
0.008,1.000
0.008,1.000
0.008,1.000
0.008,1.000
0.008,1.000
0.008,1.000
0.008,1.000
0.008,1.000
0.008,1.000
0.008,1.000
0.008,1.000
0.008,1.000
0.008,1.000
0.008,1.000
0.008,1.000
0.008,1.000
0.008,1.000
0.008,1.000
0.008,1.000
0.008,1.000
0.008,1.000
0.008,1.000
0.008,1.000
0.008,1.000
0.008,1.000
0.008,1.000
0.008,1.000
0.008,1.000
0.008,1.000
0.008,1.000
0.008,1.000
0.008,1.000
0.008,1.000
0.008,1.000
0.008,1.000
0.008,1.000
0.008,1.000
0.008,1.000
0.008,1.000
0.008,1.000
0.008,1.000
0.008,1.000
0.008,1.000
0.008,1.000
0.008,1.000
0.008,1.000
0.008,1.000
0.008,1.000
0.008,1.000
0.008,1.000
0.008,1.000
0.008,1.000
0.008,1.000
0.008,1.000
0.008,1.000
0.008,1.000
0.008,1.000
0.008,1.000
0.008,1.000
0.008,1.000
0.008,1.000
0.008,1.000
0.008,1.000
0.008,1.000
0.008,1.000
0.008,1.000
0.008,1.000
0.008,1.000
0.008,1.000
0.008,1.000
0.008,1.000
0.008,1.000
0.008,1.000
0.008,1.000
0.008,1.000
0.008,1.000
0.008,1.000
0.008,1.000
0.008,1.000
0.008,1.000
0.008,1.000
0.008,1.000
0.008,1.000
0.008,1.000
0.008,1.000
0.008,1.000
0.008,1.000
0.008,1.000
0.008,1.000
0.008,1.000
0.008,1.000
0.008,1.000
0.008,1.000
0.008,1.000
0.008,1.000
0.008,1.000
0.008,1.000
0.008,1.000
0.008,1.000
0.008,1.000
0.008,1.000
0.008,1.000
0.008,1.000
0.008,1.000
0.008,1.000
0.008,1.000
0.008,1.000
0.008,1.000
0.008,1.000
0.008,1.000
0.008,1.000
0.008,1.000
0.008,1.000
0.008,1.000
0.008,1.000
0.008,1.000
0.008,1.000
0.008,1.000
0.008,1.000
0.008,1.000
0.008,1.000
0.008,1.000
0.008,1.000
0.008,1.000
0.008,1.000
0.008,1.000
0.008,1.000
0.008,1.000
0.008,1.000
0.008,1.000
0.008,1.000
0.008,1.000
0.008,1.000
0.008,1.000
0.008,1.000
0.008,1.000
0.008,1.000
0.008,1.000
0.008,1.000
0.008,1.000
0.008,1.000
0.008,1.000
0.008,1.000
0.008,1.000
0.008,1.000
0.008,1.000
0.008,1.000
0.008,1.000
0.008,1.000
0.008,1.000
0.008,1.000
0.008,1.000
0.008,1.000
0.008,1.000
0.008,1.000
0.008,1.000
0.008,1.000
0.008,1.000
0.008,1.000
0.008,1.000
0.008,1.000
0.008,1.000
0.008,1.000
0.008,1.000
0.008,1.000
0.008,1.000
0.008,1.000
0.008,1.000
0.008,1.000
0.008,1.000
0.008,1.000
0.008,1.000
0.008,1.000
0.008,1.000
0.007,1.000
0.007,1.000
0.007,1.000
0.007,1.000
0.007,1.000
0.007,1.000
0.007,1.000
0.007,1.000
0.007,1.000
0.007,1.000
0.007,1.000
0.007,1.000
0.007,1.000
0.007,1.000
0.007,1.000
0.007,1.000
0.007,1.000
0.007,1.000
0.007,1.000
0.007,1.000
0.007,1.000
0.007,1.000
0.007,1.000
0.007,1.000
0.007,1.000
0.007,1.000
0.007,1.000
0.007,1.000
0.007,1.000
0.007,1.000
0.007,1.000
0.007,1.000
0.007,1.000
0.007,1.000
0.007,1.000
0.007,1.000
0.007,1.000
0.007,1.000
0.007,1.000
0.007,1.000
0.007,1.000
0.007,1.000
0.007,1.000
0.007,1.000
0.007,1.000
0.007,1.000
0.007,1.000
0.007,1.000
0.007,1.000
0.007,1.000
0.007,1.000
0.007,1.000
0.007,1.000
0.007,1.000
0.007,1.000
0.007,1.000
0.007,1.000
0.007,1.000
0.007,1.000
0.007,1.000
0.007,1.000
0.007,1.000
0.007,1.000
0.007,1.000
0.007,1.000
0.007,1.000
0.007,1.000
0.007,1.000
0.007,1.000
0.007,1.000
0.007,1.000
0.007,1.000
0.007,1.000
0.007,1.000
0.007,1.000
0.007,1.000
0.007,1.000
0.007,1.000
0.007,1.000
0.007,1.000
0.007,1.000
0.007,1.000
0.007,1.000
0.007,1.000
0.007,1.000
0.007,1.000
0.007,1.000
0.007,1.000
0.007,1.000
0.007,1.000
0.007,1.000
0.007,1.000
0.007,1.000
0.007,1.000
0.007,1.000
0.007,1.000
0.007,1.000
0.007,1.000
0.007,1.000
0.007,1.000
0.007,1.000
0.007,1.000
0.007,1.000
0.007,1.000
0.007,1.000
0.007,1.000
0.007,1.000
0.007,1.000
0.007,1.000
0.007,1.000
0.007,1.000
0.007,1.000
0.007,1.000
0.007,1.000
0.007,1.000
0.007,1.000
0.007,1.000
0.007,1.000
0.007,1.000
0.007,1.000
0.007,1.000
0.007,1.000
0.007,1.000
0.007,1.000
0.007,1.000
0.007,1.000
0.007,1.000
0.007,1.000
0.007,1.000
0.007,1.000
0.007,1.000
0.007,1.000
0.007,1.000
0.007,1.000
0.007,1.000
0.007,1.000
0.007,1.000
0.007,1.000
0.007,1.000
0.007,1.000
0.007,1.000
0.007,1.000
0.007,1.000
0.007,1.000
0.007,1.000
0.007,1.000
0.007,1.000
0.007,1.000
0.007,1.000
0.007,1.000
0.007,1.000
0.007,1.000
0.007,1.000
0.007,1.000
0.007,1.000
0.007,1.000
0.007,1.000
0.007,1.000
0.007,1.000
0.007,1.000
0.007,1.000
0.007,1.000
0.007,1.000
0.007,1.000
0.007,1.000
0.007,1.000
0.007,1.000
0.007,1.000
0.007,1.000
0.007,1.000
0.007,1.000
0.007,1.000
0.007,1.000
0.007,1.000
0.007,1.000
0.007,1.000
0.007,1.000
0.007,1.000
0.007,1.000
0.007,1.000
0.007,1.000
0.007,1.000
0.007,1.000
0.007,1.000
0.007,1.000
0.007,1.000
0.007,1.000
0.007,1.000
0.007,1.000
0.007,1.000
0.007,1.000
0.007,1.000
0.007,1.000
0.007,1.000
0.007,1.000
0.007,1.000
0.007,1.000
0.007,1.000
0.007,1.000
0.007,1.000
0.007,1.000
0.007,1.000
0.007,1.000
0.007,1.000
0.007,1.000
0.007,1.000
0.007,1.000
0.007,1.000
0.007,1.000
0.007,1.000
0.007,1.000
0.007,1.000
0.007,1.000
0.007,1.000
0.007,1.000
0.007,1.000
0.007,1.000
0.007,1.000
0.007,1.000
0.007,1.000
0.007,1.000
0.007,1.000
0.007,1.000
0.007,1.000
0.007,1.000
0.007,1.000
0.007,1.000
0.007,1.000
0.007,1.000
0.007,1.000
0.007,1.000
0.007,1.000
0.007,1.000
0.007,1.000
0.007,1.000
0.007,1.000
0.007,1.000
0.007,1.000
0.007,1.000
0.007,1.000
0.007,1.000
0.007,1.000
0.007,1.000
0.007,1.000
0.007,1.000
0.007,1.000
0.007,1.000
0.007,1.000
0.007,1.000
0.007,1.000
0.007,1.000
0.007,1.000
0.007,1.000
0.007,1.000
0.007,1.000
0.007,1.000
0.007,1.000
0.007,1.000
0.007,1.000
0.007,1.000
0.007,1.000
0.007,1.000
0.007,1.000
0.007,1.000
0.007,1.000
0.007,1.000
0.007,1.000
0.007,1.000
0.007,1.000
0.007,1.000
0.007,1.000
0.007,1.000
0.007,1.000
0.007,1.000
0.007,1.000
0.007,1.000
0.007,1.000
0.007,1.000
0.007,1.000
0.007,1.000
0.007,1.000
0.007,1.000
0.007,1.000
0.007,1.000
0.007,1.000
0.007,1.000
0.007,1.000
0.007,1.000
0.007,1.000
0.007,1.000
0.007,1.000
0.007,1.000
0.007,1.000
0.007,1.000
0.007,1.000
0.007,1.000
0.007,1.000
0.007,1.000
0.007,1.000
0.007,1.000
0.007,1.000
0.007,1.000
0.007,1.000
0.007,1.000
0.007,1.000
0.007,1.000
0.007,1.000
0.007,1.000
0.007,1.000
0.007,1.000
0.007,1.000
0.007,1.000
0.007,1.000
0.007,1.000
0.007,1.000
0.007,1.000
0.007,1.000
0.007,1.000
0.007,1.000
0.007,1.000
0.007,1.000
0.007,1.000
0.007,1.000
0.007,1.000
0.007,1.000
0.007,1.000
0.007,1.000
0.007,1.000
0.007,1.000
0.007,1.000
0.007,1.000
0.007,1.000
0.007,1.000
0.007,1.000
0.007,1.000
0.007,1.000
0.007,1.000
0.007,1.000
0.007,1.000
0.007,1.000
0.007,1.000
0.007,1.000
0.007,1.000
0.007,1.000
0.007,1.000
0.007,1.000
0.007,1.000
0.007,1.000
0.007,1.000
0.007,1.000
0.007,1.000
0.007,1.000
0.007,1.000
0.007,1.000
0.007,1.000
0.007,1.000
0.007,1.000
0.007,1.000
0.007,1.000
0.007,1.000
0.007,1.000
0.007,1.000
0.007,1.000
0.007,1.000
0.007,1.000
0.007,1.000
0.007,1.000
0.007,1.000
0.007,1.000
0.007,1.000
0.007,1.000
0.007,1.000
0.007,1.000
0.007,1.000
0.007,1.000
0.007,1.000
0.007,1.000
0.007,1.000
0.007,1.000
0.007,1.000
0.007,1.000
0.007,1.000
0.007,1.000
0.007,1.000
0.007,1.000
0.007,1.000
0.007,1.000
0.007,1.000
0.007,1.000
0.007,1.000
0.007,1.000
0.007,1.000
0.007,1.000
0.007,1.000
0.007,1.000
0.007,1.000
0.007,1.000
0.007,1.000
0.007,1.000
0.007,1.000
0.007,1.000
0.007,1.000
0.007,1.000
0.007,1.000
0.007,1.000
0.007,1.000
0.007,1.000
0.007,1.000
0.007,1.000
0.007,1.000
0.007,1.000
0.007,1.000
0.007,1.000
0.007,1.000
0.007,1.000
0.007,1.000
0.007,1.000
0.007,1.000
0.007,1.000
0.007,1.000
0.007,1.000
0.007,1.000
0.007,1.000
0.007,1.000
0.007,1.000
0.007,1.000
0.007,1.000
0.007,1.000
0.007,1.000
0.007,1.000
0.007,1.000
0.007,1.000
0.007,1.000
0.007,1.000
0.007,1.000
0.007,1.000
0.007,1.000
0.007,1.000
0.007,1.000
0.007,1.000
0.007,1.000
0.007,1.000
0.007,1.000
0.007,1.000
0.007,1.000
0.007,1.000
0.007,1.000
0.007,1.000
0.007,1.000
0.007,1.000
0.007,1.000
0.007,1.000
0.007,1.000
0.007,1.000
0.007,1.000
0.007,1.000
0.007,1.000
0.007,1.000
0.007,1.000
0.007,1.000
0.007,1.000
0.007,1.000
0.007,1.000
0.007,1.000
0.007,1.000
0.007,1.000
0.007,1.000
0.007,1.000
0.007,1.000
0.007,1.000
0.007,1.000
0.007,1.000
0.007,1.000
0.007,1.000
0.007,1.000
0.007,1.000
0.007,1.000
0.007,1.000
0.007,1.000
0.007,1.000
0.007,1.000
0.007,1.000
0.007,1.000
0.007,1.000
0.007,1.000
0.007,1.000
0.007,1.000
0.007,1.000
0.007,1.000
0.007,1.000
0.007,1.000
0.007,1.000
0.007,1.000
0.007,1.000
0.007,1.000
0.007,1.000
0.007,1.000
0.007,1.000
0.007,1.000
0.007,1.000
0.007,1.000
0.007,1.000
0.007,1.000
0.007,1.000
0.007,1.000
0.007,1.000
0.007,1.000
0.007,1.000
0.007,1.000
0.007,1.000
0.007,1.000
0.007,1.000
0.007,1.000
0.007,1.000
0.007,1.000
0.007,1.000
0.007,1.000
0.007,1.000
0.007,1.000
0.007,1.000
0.007,1.000
0.007,1.000
0.007,1.000
0.007,1.000
0.007,1.000
0.007,1.000
0.007,1.000
0.007,1.000
0.007,1.000
0.007,1.000
0.007,1.000
0.007,1.000
0.007,1.000
0.007,1.000
0.007,1.000
0.007,1.000
0.007,1.000
0.007,1.000
0.007,1.000
0.007,1.000
0.007,1.000
0.007,1.000
0.007,1.000
0.007,1.000
0.007,1.000
0.007,1.000
0.007,1.000
0.007,1.000
0.007,1.000
0.007,1.000
0.007,1.000
0.007,1.000
0.007,1.000
0.007,1.000
0.007,1.000
0.007,1.000
0.007,1.000
0.007,1.000
0.007,1.000
0.007,1.000
0.007,1.000
0.007,1.000
0.007,1.000
0.007,1.000
0.007,1.000
0.007,1.000
0.007,1.000
0.007,1.000
0.007,1.000
0.007,1.000
0.007,1.000
0.007,1.000
0.007,1.000
0.007,1.000
0.007,1.000
0.007,1.000
0.007,1.000
0.007,1.000
0.007,1.000
0.007,1.000
0.007,1.000
0.007,1.000
0.007,1.000
0.007,1.000
0.007,1.000
0.007,1.000
0.007,1.000
0.007,1.000
0.007,1.000
0.007,1.000
0.007,1.000
0.007,1.000
0.007,1.000
0.007,1.000
0.007,1.000
0.007,1.000
0.007,1.000
0.007,1.000
0.007,1.000
0.007,1.000
0.007,1.000
0.007,1.000
0.007,1.000
0.007,1.000
0.007,1.000
0.007,1.000
0.007,1.000
0.007,1.000
0.007,1.000
0.007,1.000
0.007,1.000
0.007,1.000
0.007,1.000
0.007,1.000
0.007,1.000
0.007,1.000
0.007,1.000
0.007,1.000
0.007,1.000
0.007,1.000
0.007,1.000
0.007,1.000
0.007,1.000
0.007,1.000
0.007,1.000
0.007,1.000
0.007,1.000
0.007,1.000
0.007,1.000
0.007,1.000
0.007,1.000
0.007,1.000
0.007,1.000
0.007,1.000
0.007,1.000
0.007,1.000
0.007,1.000
0.007,1.000
0.007,1.000
0.007,1.000
0.007,1.000
0.007,1.000
0.007,1.000
0.007,1.000
0.007,1.000
0.007,1.000
0.007,1.000
0.007,1.000
0.007,1.000
0.007,1.000
0.007,1.000
0.007,1.000
0.007,1.000
0.007,1.000
0.007,1.000
0.007,1.000
0.007,1.000
0.007,1.000
0.007,1.000
0.007,1.000
0.007,1.000
0.007,1.000
0.007,1.000
0.007,1.000
0.007,1.000
0.007,1.000
0.007,1.000
0.007,1.000
0.007,1.000
0.007,1.000
0.007,1.000
0.007,1.000
0.007,1.000
0.007,1.000
0.007,1.000
0.007,1.000
0.007,1.000
0.007,1.000
0.007,1.000
0.007,1.000
0.007,1.000
0.007,1.000
0.007,1.000
0.007,1.000
0.007,1.000
0.007,1.000
0.007,1.000
0.007,1.000
0.007,1.000
0.007,1.000
0.007,1.000
0.007,1.000
0.007,1.000
0.007,1.000
0.007,1.000
0.007,1.000
0.007,1.000
0.007,1.000
0.007,1.000
0.007,1.000
0.007,1.000
0.007,1.000
0.007,1.000
0.007,1.000
0.007,1.000
0.007,1.000
0.007,1.000
0.007,1.000
0.007,1.000
0.007,1.000
0.007,1.000
0.007,1.000
0.007,1.000
0.007,1.000
0.007,1.000
0.007,1.000
0.007,1.000
0.007,1.000
0.007,1.000
0.007,1.000
0.007,1.000
0.007,1.000
0.007,1.000
0.007,1.000
0.007,1.000
0.007,1.000
0.007,1.000
0.007,1.000
0.007,1.000
0.007,1.000
0.007,1.000
0.007,1.000
0.007,1.000
0.007,1.000
0.007,1.000
0.007,1.000
0.007,1.000
0.007,1.000
0.007,1.000
0.007,1.000
0.007,1.000
0.007,1.000
0.007,1.000
0.007,1.000
0.007,1.000
0.007,1.000
0.007,1.000
0.007,1.000
0.007,1.000
0.007,1.000
0.007,1.000
0.007,1.000
0.007,1.000
0.007,1.000
0.007,1.000
0.007,1.000
0.007,1.000
0.007,1.000
0.007,1.000
0.007,1.000
0.007,1.000
0.007,1.000
0.007,1.000
0.007,1.000
0.007,1.000
0.007,1.000
0.007,1.000
0.007,1.000
0.007,1.000
0.007,1.000
0.007,1.000
0.007,1.000
0.007,1.000
0.007,1.000
0.007,1.000
0.007,1.000
0.007,1.000
0.007,1.000
0.007,1.000
0.007,1.000
0.007,1.000
0.007,1.000
0.007,1.000
0.007,1.000
0.007,1.000
0.007,1.000
0.007,1.000
0.007,1.000
0.007,1.000
0.007,1.000
0.007,1.000
0.007,1.000
0.007,1.000
0.007,1.000
0.007,1.000
0.007,1.000
0.007,1.000
0.007,1.000
0.007,1.000
0.007,1.000
0.007,1.000
0.007,1.000
0.007,1.000
0.007,1.000
0.007,1.000
0.007,1.000
0.007,1.000
0.007,1.000
0.007,1.000
0.007,1.000
0.007,1.000
0.007,1.000
0.007,1.000
0.007,1.000
0.007,1.000
0.007,1.000
0.007,1.000
0.007,1.000
0.007,1.000
0.007,1.000
0.007,1.000
0.007,1.000
0.007,1.000
0.007,1.000
0.007,1.000
0.007,1.000
0.007,1.000
0.007,1.000
0.007,1.000
0.007,1.000
0.007,1.000
0.007,1.000
0.007,1.000
0.007,1.000
0.007,1.000
0.007,1.000
0.007,1.000
0.007,1.000
0.007,1.000
0.007,1.000
0.007,1.000
0.007,1.000
0.007,1.000
0.007,1.000
0.007,1.000
0.007,1.000
0.007,1.000
0.007,1.000
0.007,1.000
0.007,1.000
0.007,1.000
0.007,1.000
0.007,1.000
0.007,1.000
0.007,1.000
0.007,1.000
0.007,1.000
0.007,1.000
0.007,1.000
0.007,1.000
0.007,1.000
0.007,1.000
0.007,1.000
0.007,1.000
0.007,1.000
0.007,1.000
0.007,1.000
0.007,1.000
0.007,1.000
0.007,1.000
0.007,1.000
0.007,1.000
0.007,1.000
0.007,1.000
0.007,1.000
0.007,1.000
0.007,1.000
0.007,1.000
0.007,1.000
0.007,1.000
0.007,1.000
0.007,1.000
0.007,1.000
0.007,1.000
0.007,1.000
0.007,1.000
0.007,1.000
0.007,1.000
0.007,1.000
0.007,1.000
0.007,1.000
0.007,1.000
0.007,1.000
0.007,1.000
0.007,1.000
0.007,1.000
0.007,1.000
0.007,1.000
0.007,1.000
0.007,1.000
0.007,1.000
0.007,1.000
0.007,1.000
0.007,1.000
0.007,1.000
0.007,1.000
0.007,1.000
0.007,1.000
0.007,1.000
0.007,1.000
0.007,1.000
0.007,1.000
0.007,1.000
0.007,1.000
0.007,1.000
0.007,1.000
0.007,1.000
0.007,1.000
0.007,1.000
0.007,1.000
0.007,1.000
0.007,1.000
0.007,1.000
0.007,1.000
0.007,1.000
0.007,1.000
0.007,1.000
0.007,1.000
0.007,1.000
0.007,1.000
0.007,1.000
0.007,1.000
0.007,1.000
0.007,1.000
0.007,1.000
0.007,1.000
0.007,1.000
0.007,1.000
0.007,1.000
0.007,1.000
0.007,1.000
0.007,1.000
0.007,1.000
0.007,1.000
0.007,1.000
0.007,1.000
0.007,1.000
0.007,1.000
0.007,1.000
0.007,1.000
0.007,1.000
0.007,1.000
0.007,1.000
0.007,1.000
0.007,1.000
0.007,1.000
0.007,1.000
0.007,1.000
0.007,1.000
0.007,1.000
0.007,1.000
0.007,1.000
0.007,1.000
0.007,1.000
0.007,1.000
0.007,1.000
0.007,1.000
0.007,1.000
0.007,1.000
0.007,1.000
0.007,1.000
0.007,1.000
0.007,1.000
0.007,1.000
0.007,1.000
0.007,1.000
0.007,1.000
0.007,1.000
0.007,1.000
0.007,1.000
0.007,1.000
0.007,1.000
0.007,1.000
0.007,1.000
0.007,1.000
0.007,1.000
0.007,1.000
0.007,1.000
0.007,1.000
0.007,1.000
0.007,1.000
0.007,1.000
0.007,1.000
0.007,1.000
0.007,1.000
0.007,1.000
0.007,1.000
0.007,1.000
0.007,1.000
0.007,1.000
0.007,1.000
0.007,1.000
0.007,1.000
0.007,1.000
0.007,1.000
0.007,1.000
0.007,1.000
0.007,1.000
0.007,1.000
0.007,1.000
0.007,1.000
0.007,1.000
0.007,1.000
0.007,1.000
0.007,1.000
0.007,1.000
0.007,1.000
0.007,1.000
0.007,1.000
0.007,1.000
0.007,1.000
0.007,1.000
0.007,1.000
0.007,1.000
0.007,1.000
0.007,1.000
0.007,1.000
0.007,1.000
0.007,1.000
0.007,1.000
0.007,1.000
0.007,1.000
0.007,1.000
0.007,1.000
0.007,1.000
0.007,1.000
0.007,1.000
0.007,1.000
0.007,1.000
0.007,1.000
0.007,1.000
0.007,1.000
0.007,1.000
0.007,1.000
0.007,1.000
0.007,1.000
0.007,1.000
0.007,1.000
0.007,1.000
0.007,1.000
0.007,1.000
0.007,1.000
0.007,1.000
0.007,1.000
0.007,1.000
0.007,1.000
0.007,1.000
0.007,1.000
0.007,1.000
0.007,1.000
0.007,1.000
0.007,1.000
0.007,1.000
0.007,1.000
0.007,1.000
0.007,1.000
0.007,1.000
0.007,1.000
0.007,1.000
0.007,1.000
0.007,1.000
0.007,1.000
0.007,1.000
0.007,1.000
0.007,1.000
0.007,1.000
0.007,1.000
0.007,1.000
0.007,1.000
0.007,1.000
0.007,1.000
0.007,1.000
0.007,1.000
0.007,1.000
0.007,1.000
0.007,1.000
0.007,1.000
0.007,1.000
0.007,1.000
0.007,1.000
0.007,1.000
0.007,1.000
0.007,1.000
0.007,1.000
0.007,1.000
0.007,1.000
0.007,1.000
0.007,1.000
0.007,1.000
0.007,1.000
0.007,1.000
0.007,1.000
0.007,1.000
0.007,1.000
0.007,1.000
0.007,1.000
0.007,1.000
0.007,1.000
0.007,1.000
0.007,1.000
0.007,1.000
0.007,1.000
0.007,1.000
0.007,1.000
0.007,1.000
0.007,1.000
0.007,1.000
0.007,1.000
0.007,1.000
0.007,1.000
0.007,1.000
0.007,1.000
0.007,1.000
0.007,1.000
0.007,1.000
0.007,1.000
0.007,1.000
0.007,1.000
0.007,1.000
0.007,1.000
0.007,1.000
0.007,1.000
0.007,1.000
0.007,1.000
0.007,1.000
0.007,1.000
0.007,1.000
0.007,1.000
0.007,1.000
0.007,1.000
0.007,1.000
0.007,1.000
0.007,1.000
0.007,1.000
0.007,1.000
0.007,1.000
0.007,1.000
0.007,1.000
0.007,1.000
0.007,1.000
0.007,1.000
0.007,1.000
0.007,1.000
0.007,1.000
0.007,1.000
0.007,1.000
0.007,1.000
0.007,1.000
0.007,1.000
0.007,1.000
0.007,1.000
0.007,1.000
0.007,1.000
0.007,1.000
0.007,1.000
0.007,1.000
0.007,1.000
0.007,1.000
0.007,1.000
0.007,1.000
0.007,1.000
0.007,1.000
0.007,1.000
0.007,1.000
0.007,1.000
0.007,1.000
0.007,1.000
0.007,1.000
0.007,1.000
0.007,1.000
0.007,1.000
0.007,1.000
0.007,1.000
0.007,1.000
0.007,1.000
0.007,1.000
0.007,1.000
0.007,1.000
0.007,1.000
0.007,1.000
0.007,1.000
0.007,1.000
0.007,1.000
0.007,1.000
0.007,1.000
0.007,1.000
0.007,1.000
0.007,1.000
0.007,1.000
0.007,1.000
0.007,1.000
0.007,1.000
0.007,1.000
0.007,1.000
0.007,1.000
0.007,1.000
0.007,1.000
0.007,1.000
0.007,1.000
0.007,1.000
0.007,1.000
0.007,1.000
0.007,1.000
0.007,1.000
0.007,1.000
0.007,1.000
0.007,1.000
0.007,1.000
0.007,1.000
0.007,1.000
0.007,1.000
0.007,1.000
0.007,1.000
0.007,1.000
0.007,1.000
0.007,1.000
0.007,1.000
0.007,1.000
0.007,1.000
0.007,1.000
0.007,1.000
0.007,1.000
0.007,1.000
0.007,1.000
0.007,1.000
0.007,1.000
0.007,1.000
0.007,1.000
0.007,1.000
0.007,1.000
0.007,1.000
0.007,1.000
0.007,1.000
0.007,1.000
0.007,1.000
0.007,1.000
0.007,1.000
0.007,1.000
0.007,1.000
0.007,1.000
0.007,1.000
0.007,1.000
0.007,1.000
0.007,1.000
0.007,1.000
0.007,1.000
0.007,1.000
0.007,1.000
0.007,1.000
0.007,1.000
0.007,1.000
0.007,1.000
0.007,1.000
0.007,1.000
0.007,1.000
0.007,1.000
0.007,1.000
0.007,1.000
0.007,1.000
0.007,1.000
0.007,1.000
0.007,1.000
0.007,1.000
0.007,1.000
0.007,1.000
0.007,1.000
0.007,1.000
0.007,1.000
0.007,1.000
0.007,1.000
0.007,1.000
0.007,1.000
0.007,1.000
0.007,1.000
0.007,1.000
0.007,1.000
0.007,1.000
0.007,1.000
0.007,1.000
0.007,1.000
0.007,1.000
0.007,1.000
0.007,1.000
0.007,1.000
0.007,1.000
0.007,1.000
0.007,1.000
0.007,1.000
0.007,1.000
0.007,1.000
0.007,1.000
0.007,1.000
0.007,1.000
0.007,1.000
0.007,1.000
0.007,1.000
0.007,1.000
0.007,1.000
0.007,1.000
0.007,1.000
0.007,1.000
0.007,1.000
0.007,1.000
0.007,1.000
0.007,1.000
0.007,1.000
0.007,1.000
0.007,1.000
0.007,1.000
0.007,1.000
0.007,1.000
0.007,1.000
0.007,1.000
0.007,1.000
0.007,1.000
0.007,1.000
0.007,1.000
0.007,1.000
0.007,1.000
0.007,1.000
0.007,1.000
0.007,1.000
0.007,1.000
0.007,1.000
0.007,1.000
0.007,1.000
0.007,1.000
0.007,1.000
0.007,1.000
0.007,1.000
0.007,1.000
0.007,1.000
0.007,1.000
0.007,1.000
0.007,1.000
0.007,1.000
0.007,1.000
0.007,1.000
0.007,1.000
0.007,1.000
0.007,1.000
0.007,1.000
0.007,1.000
0.007,1.000
0.007,1.000
0.007,1.000
0.007,1.000
0.007,1.000
0.007,1.000
0.007,1.000
0.007,1.000
0.007,1.000
0.007,1.000
0.007,1.000
0.007,1.000
0.007,1.000
0.007,1.000
0.007,1.000
0.007,1.000
0.007,1.000
0.007,1.000
0.007,1.000
0.007,1.000
0.007,1.000
0.007,1.000
0.007,1.000
0.007,1.000
0.007,1.000
0.007,1.000
0.007,1.000
0.007,1.000
0.007,1.000
0.007,1.000
0.007,1.000
0.007,1.000
0.007,1.000
0.007,1.000
0.007,1.000
0.007,1.000
0.007,1.000
0.007,1.000
0.007,1.000
0.007,1.000
0.007,1.000
0.007,1.000
0.007,1.000
0.007,1.000
0.007,1.000
0.007,1.000
0.007,1.000
0.007,1.000
0.007,1.000
0.007,1.000
0.007,1.000
0.007,1.000
0.007,1.000
0.007,1.000
0.007,1.000
0.007,1.000
0.007,1.000
0.007,1.000
0.007,1.000
0.007,1.000
0.007,1.000
0.007,1.000
0.007,1.000
0.007,1.000
0.007,1.000
0.007,1.000
0.007,1.000
0.007,1.000
0.007,1.000
0.007,1.000
0.007,1.000
0.007,1.000
0.007,1.000
0.007,1.000
0.007,1.000
0.007,1.000
0.007,1.000
0.007,1.000
0.007,1.000
0.007,1.000
0.007,1.000
0.007,1.000
0.007,1.000
0.007,1.000
0.007,1.000
0.007,1.000
0.007,1.000
0.007,1.000
0.007,1.000
0.007,1.000
0.007,1.000
0.007,1.000
0.007,1.000
0.007,1.000
0.007,1.000
0.007,1.000
0.007,1.000
0.007,1.000
0.007,1.000
0.007,1.000
0.007,1.000
0.007,1.000
0.007,1.000
0.007,1.000
0.007,1.000
0.007,1.000
0.007,1.000
0.007,1.000
0.007,1.000
0.007,1.000
0.007,1.000
0.007,1.000
0.007,1.000
0.007,1.000
0.007,1.000
0.007,1.000
0.007,1.000
0.007,1.000
0.007,1.000
0.007,1.000
0.007,1.000
0.007,1.000
0.007,1.000
0.007,1.000
0.007,1.000
0.007,1.000
0.007,1.000
0.007,1.000
0.007,1.000
0.007,1.000
0.007,1.000
0.007,1.000
0.007,1.000
0.007,1.000
0.007,1.000
0.007,1.000
0.007,1.000
0.007,1.000
0.007,1.000
0.007,1.000
0.007,1.000
0.007,1.000
0.007,1.000
0.007,1.000
0.007,1.000
0.007,1.000
0.007,1.000
0.007,1.000
0.007,1.000
0.007,1.000
0.007,1.000
0.007,1.000
0.007,1.000
0.007,1.000
0.007,1.000
0.007,1.000
0.007,1.000
0.007,1.000
0.007,1.000
0.007,1.000
0.007,1.000
0.007,1.000
0.007,1.000
0.007,1.000
0.007,1.000
0.007,1.000
0.007,1.000
0.007,1.000
0.007,1.000
0.007,1.000
0.007,1.000
0.007,1.000
0.007,1.000
0.007,1.000
0.007,1.000
0.007,1.000
0.007,1.000
0.007,1.000
0.007,1.000
0.007,1.000
0.007,1.000
0.007,1.000
0.007,1.000
0.007,1.000
0.007,1.000
0.007,1.000
0.007,1.000
0.007,1.000
0.007,1.000
0.007,1.000
0.007,1.000
0.007,1.000
0.007,1.000
0.007,1.000
0.007,1.000
0.007,1.000
0.007,1.000
0.007,1.000
0.007,1.000
0.007,1.000
0.007,1.000
0.007,1.000
0.007,1.000
0.007,1.000
0.007,1.000
0.007,1.000
0.007,1.000
0.007,1.000
0.007,1.000
0.007,1.000
0.007,1.000
0.007,1.000
0.007,1.000
0.007,1.000
0.007,1.000
0.007,1.000
0.007,1.000
0.007,1.000
0.007,1.000
0.007,1.000
0.007,1.000
0.007,1.000
0.007,1.000
0.007,1.000
0.007,1.000
0.007,1.000
0.007,1.000
0.007,1.000
0.007,1.000
0.007,1.000
0.007,1.000
0.007,1.000
0.007,1.000
0.007,1.000
0.007,1.000
0.007,1.000
0.007,1.000
0.007,1.000
0.007,1.000
0.007,1.000
0.007,1.000
0.007,1.000
0.007,1.000
0.007,1.000
0.007,1.000
0.007,1.000
0.007,1.000
0.007,1.000
0.007,1.000
0.007,1.000
0.007,1.000
0.007,1.000
0.007,1.000
0.007,1.000
0.007,1.000
0.007,1.000
0.007,1.000
0.007,1.000
0.007,1.000
0.007,1.000
0.007,1.000
0.007,1.000
0.007,1.000
0.007,1.000
0.007,1.000
0.007,1.000
0.007,1.000
0.007,1.000
0.007,1.000
0.007,1.000
0.007,1.000
0.007,1.000
0.007,1.000
0.007,1.000
0.007,1.000
0.007,1.000
0.007,1.000
0.007,1.000
0.007,1.000
0.007,1.000
0.007,1.000
0.007,1.000
0.007,1.000
0.007,1.000
0.007,1.000
0.007,1.000
0.007,1.000
0.007,1.000
0.007,1.000
0.007,1.000
0.007,1.000
0.007,1.000
0.007,1.000
0.007,1.000
0.007,1.000
0.007,1.000
0.007,1.000
0.007,1.000
0.007,1.000
0.007,1.000
0.007,1.000
0.007,1.000
0.007,1.000
0.007,1.000
0.007,1.000
0.007,1.000
0.007,1.000
0.007,1.000
0.007,1.000
0.007,1.000
0.007,1.000
0.007,1.000
0.007,1.000
0.006,1.000
0.006,1.000
0.006,1.000
0.006,1.000
0.006,1.000
0.006,1.000
0.006,1.000
0.006,1.000
0.006,1.000
0.006,1.000
0.006,1.000
0.006,1.000
0.006,1.000
0.006,1.000
0.006,1.000
0.006,1.000
0.006,1.000
0.006,1.000
0.006,1.000
0.006,1.000
0.006,1.000
0.006,1.000
0.006,1.000
0.006,1.000
0.006,1.000
0.006,1.000
0.006,1.000
0.006,1.000
0.006,1.000
0.006,1.000
0.006,1.000
0.006,1.000
0.006,1.000
0.006,1.000
0.006,1.000
0.006,1.000
0.006,1.000
0.006,1.000
0.006,1.000
0.006,1.000
0.006,1.000
0.006,1.000
0.006,1.000
0.006,1.000
0.006,1.000
0.006,1.000
0.006,1.000
0.006,1.000
0.006,1.000
0.006,1.000
0.006,1.000
0.006,1.000
0.006,1.000
0.006,1.000
0.006,1.000
0.006,1.000
0.006,1.000
0.006,1.000
0.006,1.000
0.006,1.000
0.006,1.000
0.006,1.000
0.006,1.000
0.006,1.000
0.006,1.000
0.006,1.000
0.006,1.000
0.006,1.000
0.006,1.000
0.006,1.000
0.006,1.000
0.006,1.000
0.006,1.000
0.006,1.000
0.006,1.000
0.006,1.000
0.006,1.000
0.006,1.000
0.006,1.000
0.006,1.000
0.006,1.000
0.006,1.000
0.006,1.000
0.006,1.000
0.006,1.000
0.006,1.000
0.006,1.000
0.006,1.000
0.006,1.000
0.006,1.000
0.006,1.000
0.006,1.000
0.006,1.000
0.006,1.000
0.006,1.000
0.006,1.000
0.006,1.000
0.006,1.000
0.006,1.000
0.006,1.000
0.006,1.000
0.006,1.000
0.006,1.000
0.006,1.000
0.006,1.000
0.006,1.000
0.006,1.000
0.006,1.000
0.006,1.000
0.006,1.000
0.006,1.000
0.006,1.000
0.006,1.000
0.006,1.000
0.006,1.000
0.006,1.000
0.006,1.000
0.006,1.000
0.006,1.000
0.006,1.000
0.006,1.000
0.006,1.000
0.006,1.000
0.006,1.000
0.006,1.000
0.006,1.000
0.006,1.000
0.006,1.000
0.006,1.000
0.006,1.000
0.006,1.000
0.006,1.000
0.006,1.000
0.006,1.000
0.006,1.000
0.006,1.000
0.006,1.000
0.006,1.000
0.006,1.000
0.006,1.000
0.006,1.000
0.006,1.000
0.006,1.000
0.006,1.000
0.006,1.000
0.006,1.000
0.006,1.000
0.006,1.000
0.006,1.000
0.006,1.000
0.006,1.000
0.006,1.000
0.006,1.000
0.006,1.000
0.006,1.000
0.006,1.000
0.006,1.000
0.006,1.000
0.006,1.000
0.006,1.000
0.006,1.000
0.006,1.000
0.006,1.000
0.006,1.000
0.006,1.000
0.006,1.000
0.006,1.000
0.006,1.000
0.006,1.000
0.006,1.000
0.006,1.000
0.006,1.000
0.006,1.000
0.006,1.000
0.006,1.000
0.006,1.000
0.006,1.000
0.006,1.000
0.006,1.000
0.006,1.000
0.006,1.000
0.006,1.000
0.006,1.000
0.006,1.000
0.006,1.000
0.006,1.000
0.006,1.000
0.006,1.000
0.006,1.000
0.006,1.000
0.006,1.000
0.006,1.000
0.006,1.000
0.006,1.000
0.006,1.000
0.006,1.000
0.006,1.000
0.006,1.000
0.006,1.000
0.006,1.000
0.006,1.000
0.006,1.000
0.006,1.000
0.006,1.000
0.006,1.000
0.006,1.000
0.006,1.000
0.006,1.000
0.006,1.000
0.006,1.000
0.006,1.000
0.006,1.000
0.006,1.000
0.006,1.000
0.006,1.000
0.006,1.000
0.006,1.000
0.006,1.000
0.006,1.000
0.006,1.000
0.006,1.000
0.006,1.000
0.006,1.000
0.006,1.000
0.006,1.000
0.006,1.000
0.006,1.000
0.006,1.000
0.006,1.000
0.006,1.000
0.006,1.000
0.006,1.000
0.006,1.000
0.006,1.000
0.006,1.000
0.006,1.000
0.006,1.000
0.006,1.000
0.006,1.000
0.006,1.000
0.006,1.000
0.006,1.000
0.006,1.000
0.006,1.000
0.006,1.000
0.006,1.000
0.006,1.000
0.006,1.000
0.006,1.000
0.006,1.000
0.006,1.000
0.006,1.000
0.006,1.000
0.006,1.000
0.006,1.000
0.006,1.000
0.006,1.000
0.006,1.000
0.006,1.000
0.006,1.000
0.006,1.000
0.006,1.000
0.006,1.000
0.006,1.000
0.006,1.000
0.006,1.000
0.006,1.000
0.006,1.000
0.006,1.000
0.006,1.000
0.006,1.000
0.006,1.000
0.006,1.000
0.006,1.000
0.006,1.000
0.006,1.000
0.006,1.000
0.006,1.000
0.006,1.000
0.006,1.000
0.006,1.000
0.006,1.000
0.006,1.000
0.006,1.000
0.006,1.000
0.006,1.000
0.006,1.000
0.006,1.000
0.006,1.000
0.006,1.000
0.006,1.000
0.006,1.000
0.006,1.000
0.006,1.000
0.006,1.000
0.006,1.000
0.006,1.000
0.006,1.000
0.006,1.000
0.006,1.000
0.006,1.000
0.006,1.000
0.006,1.000
0.006,1.000
0.006,1.000
0.006,1.000
0.006,1.000
0.006,1.000
0.006,1.000
0.006,1.000
0.006,1.000
0.006,1.000
0.006,1.000
0.006,1.000
0.006,1.000
0.006,1.000
0.006,1.000
0.006,1.000
0.006,1.000
0.006,1.000
0.006,1.000
0.006,1.000
0.006,1.000
0.006,1.000
0.006,1.000
0.006,1.000
0.006,1.000
0.006,1.000
0.006,1.000
0.006,1.000
0.006,1.000
0.006,1.000
0.006,1.000
0.006,1.000
0.006,1.000
0.006,1.000
0.006,1.000
0.006,1.000
0.006,1.000
0.006,1.000
0.006,1.000
0.006,1.000
0.006,1.000
0.006,1.000
0.006,1.000
0.006,1.000
0.006,1.000
0.006,1.000
0.006,1.000
0.006,1.000
0.006,1.000
0.006,1.000
0.006,1.000
0.006,1.000
0.006,1.000
0.006,1.000
0.006,1.000
0.006,1.000
0.006,1.000
0.006,1.000
0.006,1.000
0.006,1.000
0.006,1.000
0.006,1.000
0.006,1.000
0.006,1.000
0.006,1.000
0.006,1.000
0.006,1.000
0.006,1.000
0.006,1.000
0.006,1.000
0.006,1.000
0.006,1.000
0.006,1.000
0.006,1.000
0.006,1.000
0.006,1.000
0.006,1.000
0.006,1.000
0.006,1.000
0.006,1.000
0.006,1.000
0.006,1.000
0.006,1.000
0.006,1.000
0.006,1.000
0.006,1.000
0.006,1.000
0.006,1.000
0.006,1.000
0.006,1.000
0.006,1.000
0.006,1.000
0.006,1.000
0.006,1.000
0.006,1.000
0.006,1.000
0.006,1.000
0.006,1.000
0.006,1.000
0.006,1.000
0.006,1.000
0.006,1.000
0.006,1.000
0.006,1.000
0.006,1.000
0.006,1.000
0.006,1.000
0.006,1.000
0.006,1.000
0.006,1.000
0.006,1.000
0.006,1.000
0.006,1.000
0.006,1.000
0.006,1.000
0.006,1.000
0.006,1.000
0.006,1.000
0.006,1.000
0.006,1.000
0.006,1.000
0.006,1.000
0.006,1.000
0.006,1.000
0.006,1.000
0.006,1.000
0.006,1.000
0.006,1.000
0.006,1.000
0.006,1.000
0.006,1.000
0.006,1.000
0.006,1.000
0.006,1.000
0.006,1.000
0.006,1.000
0.006,1.000
0.006,1.000
0.006,1.000
0.006,1.000
0.006,1.000
0.006,1.000
0.006,1.000
0.006,1.000
0.006,1.000
0.006,1.000
0.006,1.000
0.006,1.000
0.006,1.000
0.006,1.000
0.006,1.000
0.006,1.000
0.006,1.000
0.006,1.000
0.006,1.000
0.006,1.000
0.006,1.000
0.006,1.000
0.006,1.000
0.006,1.000
0.006,1.000
0.006,1.000
0.006,1.000
0.006,1.000
0.006,1.000
0.006,1.000
0.006,1.000
0.006,1.000
0.006,1.000
0.006,1.000
0.006,1.000
0.006,1.000
0.006,1.000
0.006,1.000
0.006,1.000
0.006,1.000
0.006,1.000
0.006,1.000
0.006,1.000
0.006,1.000
0.006,1.000
0.006,1.000
0.006,1.000
0.006,1.000
0.006,1.000
0.006,1.000
0.006,1.000
0.006,1.000
0.006,1.000
0.006,1.000
0.006,1.000
0.006,1.000
0.006,1.000
0.006,1.000
0.006,1.000
0.006,1.000
0.006,1.000
0.006,1.000
0.006,1.000
0.006,1.000
0.006,1.000
0.006,1.000
0.006,1.000
0.006,1.000
0.006,1.000
0.006,1.000
0.006,1.000
0.006,1.000
0.006,1.000
0.006,1.000
0.006,1.000
0.006,1.000
0.006,1.000
0.006,1.000
0.006,1.000
0.006,1.000
0.006,1.000
0.006,1.000
0.006,1.000
0.006,1.000
0.006,1.000
0.006,1.000
0.006,1.000
0.006,1.000
0.006,1.000
0.006,1.000
0.006,1.000
0.006,1.000
0.006,1.000
0.006,1.000
0.006,1.000
0.006,1.000
0.006,1.000
0.006,1.000
0.006,1.000
0.006,1.000
0.006,1.000
0.006,1.000
0.006,1.000
0.006,1.000
0.006,1.000
0.006,1.000
0.006,1.000
0.006,1.000
0.006,1.000
0.006,1.000
0.006,1.000
0.006,1.000
0.006,1.000
0.006,1.000
0.006,1.000
0.006,1.000
0.006,1.000
0.006,1.000
0.006,1.000
0.006,1.000
0.006,1.000
0.006,1.000
0.006,1.000
0.006,1.000
0.006,1.000
0.006,1.000
0.006,1.000
0.006,1.000
0.006,1.000
0.006,1.000
0.006,1.000
0.006,1.000
0.006,1.000
0.006,1.000
0.006,1.000
0.006,1.000
0.006,1.000
0.006,1.000
0.006,1.000
0.006,1.000
0.006,1.000
0.006,1.000
0.006,1.000
0.006,1.000
0.006,1.000
0.006,1.000
0.006,1.000
0.006,1.000
0.006,1.000
0.006,1.000
0.006,1.000
0.006,1.000
0.006,1.000
0.006,1.000
0.006,1.000
0.006,1.000
0.006,1.000
0.006,1.000
0.006,1.000
0.006,1.000
0.006,1.000
0.006,1.000
0.006,1.000
0.006,1.000
0.006,1.000
0.006,1.000
0.006,1.000
0.006,1.000
0.006,1.000
0.006,1.000
0.006,1.000
0.006,1.000
0.006,1.000
0.006,1.000
0.006,1.000
0.006,1.000
0.006,1.000
0.006,1.000
0.006,1.000
0.006,1.000
0.006,1.000
0.006,1.000
0.006,1.000
0.006,1.000
0.006,1.000
0.006,1.000
0.006,1.000
0.006,1.000
0.006,1.000
0.006,1.000
0.006,1.000
0.006,1.000
0.006,1.000
0.006,1.000
0.006,1.000
0.006,1.000
0.006,1.000
0.006,1.000
0.006,1.000
0.006,1.000
0.006,1.000
0.006,1.000
0.006,1.000
0.006,1.000
0.006,1.000
0.006,1.000
0.006,1.000
0.006,1.000
0.006,1.000
0.006,1.000
0.006,1.000
0.006,1.000
0.006,1.000
0.006,1.000
0.006,1.000
0.006,1.000
0.006,1.000
0.006,1.000
0.006,1.000
0.006,1.000
0.006,1.000
0.006,1.000
0.006,1.000
0.006,1.000
0.006,1.000
0.006,1.000
0.006,1.000
0.006,1.000
0.006,1.000
0.006,1.000
0.006,1.000
0.006,1.000
0.006,1.000
0.006,1.000
0.006,1.000
0.006,1.000
0.006,1.000
0.006,1.000
0.006,1.000
0.006,1.000
0.006,1.000
0.006,1.000
0.006,1.000
0.006,1.000
0.006,1.000
0.006,1.000
0.006,1.000
0.006,1.000
0.006,1.000
0.006,1.000
0.006,1.000
0.006,1.000
0.006,1.000
0.006,1.000
0.006,1.000
0.006,1.000
0.006,1.000
0.006,1.000
0.006,1.000
0.006,1.000
0.006,1.000
0.006,1.000
0.006,1.000
0.006,1.000
0.006,1.000
0.006,1.000
0.006,1.000
0.006,1.000
0.006,1.000
0.006,1.000
0.006,1.000
0.006,1.000
0.006,1.000
0.006,1.000
0.006,1.000
0.006,1.000
0.006,1.000
0.006,1.000
0.006,1.000
0.006,1.000
0.006,1.000
0.006,1.000
0.006,1.000
0.006,1.000
0.006,1.000
0.006,1.000
0.006,1.000
0.006,1.000
0.006,1.000
0.006,1.000
0.006,1.000
0.006,1.000
0.006,1.000
0.006,1.000
0.006,1.000
0.006,1.000
0.006,1.000
0.006,1.000
0.006,1.000
0.006,1.000
0.006,1.000
0.006,1.000
0.006,1.000
0.006,1.000
0.006,1.000
0.006,1.000
0.006,1.000
0.006,1.000
0.006,1.000
0.006,1.000
0.006,1.000
0.006,1.000
0.006,1.000
0.006,1.000
0.006,1.000
0.006,1.000
0.006,1.000
0.006,1.000
0.006,1.000
0.006,1.000
0.006,1.000
0.006,1.000
0.006,1.000
0.006,1.000
0.006,1.000
0.006,1.000
0.006,1.000
0.006,1.000
0.006,1.000
0.006,1.000
0.006,1.000
0.006,1.000
0.006,1.000
0.006,1.000
0.006,1.000
0.006,1.000
0.006,1.000
0.006,1.000
0.006,1.000
0.006,1.000
0.006,1.000
0.006,1.000
0.006,1.000
0.006,1.000
0.006,1.000
0.006,1.000
0.006,1.000
0.006,1.000
0.006,1.000
0.006,1.000
0.006,1.000
0.006,1.000
0.006,1.000
0.006,1.000
0.006,1.000
0.006,1.000
0.006,1.000
0.006,1.000
0.006,1.000
0.006,1.000
0.006,1.000
0.006,1.000
0.006,1.000
0.006,1.000
0.006,1.000
0.006,1.000
0.006,1.000
0.006,1.000
0.006,1.000
0.006,1.000
0.006,1.000
0.006,1.000
0.006,1.000
0.006,1.000
0.006,1.000
0.006,1.000
0.006,1.000
0.006,1.000
0.006,1.000
0.006,1.000
0.006,1.000
0.006,1.000
0.006,1.000
0.006,1.000
0.006,1.000
0.006,1.000
0.006,1.000
0.006,1.000
0.006,1.000
0.006,1.000
0.006,1.000
0.006,1.000
0.006,1.000
0.006,1.000
0.006,1.000
0.006,1.000
0.006,1.000
0.006,1.000
0.006,1.000
0.006,1.000
0.006,1.000
0.006,1.000
0.006,1.000
0.006,1.000
0.006,1.000
0.006,1.000
0.006,1.000
0.006,1.000
0.006,1.000
0.006,1.000
0.006,1.000
0.006,1.000
0.006,1.000
0.006,1.000
0.006,1.000
0.006,1.000
0.006,1.000
0.006,1.000
0.006,1.000
0.006,1.000
0.006,1.000
0.006,1.000
0.006,1.000
0.006,1.000
0.006,1.000
0.006,1.000
0.006,1.000
0.006,1.000
0.006,1.000
0.006,1.000
0.006,1.000
0.006,1.000
0.006,1.000
0.006,1.000
0.006,1.000
0.006,1.000
0.006,1.000
0.006,1.000
0.006,1.000
0.006,1.000
0.006,1.000
0.006,1.000
0.006,1.000
0.006,1.000
0.006,1.000
0.006,1.000
0.006,1.000
0.006,1.000
0.006,1.000
0.006,1.000
0.006,1.000
0.006,1.000
0.006,1.000
0.006,1.000
0.006,1.000
0.006,1.000
0.006,1.000
0.006,1.000
0.006,1.000
0.006,1.000
0.006,1.000
0.006,1.000
0.006,1.000
0.006,1.000
0.006,1.000
0.006,1.000
0.006,1.000
0.006,1.000
0.006,1.000
0.006,1.000
0.006,1.000
0.006,1.000
0.006,1.000
0.006,1.000
0.006,1.000
0.006,1.000
0.006,1.000
0.006,1.000
0.006,1.000
0.006,1.000
0.006,1.000
0.006,1.000
0.006,1.000
0.006,1.000
0.006,1.000
0.006,1.000
0.006,1.000
0.006,1.000
0.006,1.000
0.006,1.000
0.006,1.000
0.006,1.000
0.006,1.000
0.006,1.000
0.006,1.000
0.006,1.000
0.006,1.000
0.006,1.000
0.006,1.000
0.006,1.000
0.006,1.000
0.006,1.000
0.006,1.000
0.006,1.000
0.006,1.000
0.006,1.000
0.006,1.000
0.006,1.000
0.006,1.000
0.006,1.000
0.006,1.000
0.006,1.000
0.006,1.000
0.006,1.000
0.006,1.000
0.006,1.000
0.006,1.000
0.006,1.000
0.006,1.000
0.006,1.000
0.006,1.000
0.006,1.000
0.006,1.000
0.006,1.000
0.006,1.000
0.006,1.000
0.006,1.000
0.006,1.000
0.006,1.000
0.006,1.000
0.006,1.000
0.006,1.000
0.006,1.000
0.006,1.000
0.006,1.000
0.006,1.000
0.006,1.000
0.006,1.000
0.006,1.000
0.006,1.000
0.006,1.000
0.006,1.000
0.006,1.000
0.006,1.000
0.006,1.000
0.006,1.000
0.006,1.000
0.006,1.000
0.006,1.000
0.006,1.000
0.006,1.000
0.006,1.000
0.006,1.000
0.006,1.000
0.006,1.000
0.006,1.000
0.006,1.000
0.006,1.000
0.006,1.000
0.006,1.000
0.006,1.000
0.006,1.000
0.006,1.000
0.006,1.000
0.006,1.000
0.006,1.000
0.006,1.000
0.006,1.000
0.006,1.000
0.006,1.000
0.006,1.000
0.006,1.000
0.006,1.000
0.006,1.000
0.006,1.000
0.006,1.000
0.006,1.000
0.006,1.000
0.006,1.000
0.006,1.000
0.006,1.000
0.006,1.000
0.006,1.000
0.006,1.000
0.006,1.000
0.006,1.000
0.006,1.000
0.006,1.000
0.006,1.000
0.006,1.000
0.006,1.000
0.006,1.000
0.006,1.000
0.006,1.000
0.006,1.000
0.006,1.000
0.006,1.000
0.006,1.000
0.006,1.000
0.006,1.000
0.006,1.000
0.006,1.000
0.006,1.000
0.006,1.000
0.006,1.000
0.006,1.000
0.006,1.000
0.006,1.000
0.006,1.000
0.006,1.000
0.006,1.000
0.006,1.000
0.006,1.000
0.006,1.000
0.006,1.000
0.006,1.000
0.006,1.000
0.006,1.000
0.006,1.000
0.006,1.000
0.006,1.000
0.006,1.000
0.006,1.000
0.006,1.000
0.006,1.000
0.006,1.000
0.006,1.000
0.006,1.000
0.006,1.000
0.006,1.000
0.006,1.000
0.006,1.000
0.006,1.000
0.006,1.000
0.006,1.000
0.006,1.000
0.006,1.000
0.006,1.000
0.006,1.000
0.006,1.000
0.006,1.000
0.006,1.000
0.006,1.000
0.006,1.000
0.006,1.000
0.006,1.000
0.006,1.000
0.006,1.000
0.006,1.000
0.006,1.000
0.006,1.000
0.006,1.000
0.006,1.000
0.006,1.000
0.006,1.000
0.006,1.000
0.006,1.000
0.006,1.000
0.006,1.000
0.006,1.000
0.006,1.000
0.006,1.000
0.006,1.000
0.006,1.000
0.006,1.000
0.006,1.000
0.006,1.000
0.006,1.000
0.006,1.000
0.006,1.000
0.006,1.000
0.006,1.000
0.006,1.000
0.006,1.000
0.006,1.000
0.006,1.000
0.006,1.000
0.006,1.000
0.006,1.000
0.006,1.000
0.006,1.000
0.006,1.000
0.006,1.000
0.006,1.000
0.006,1.000
0.006,1.000
0.006,1.000
0.006,1.000
0.006,1.000
0.006,1.000
0.006,1.000
0.006,1.000
0.006,1.000
0.006,1.000
0.006,1.000
0.006,1.000
0.006,1.000
0.006,1.000
0.006,1.000
0.006,1.000
0.006,1.000
0.006,1.000
0.006,1.000
0.006,1.000
0.006,1.000
0.006,1.000
0.006,1.000
0.006,1.000
0.006,1.000
0.006,1.000
0.006,1.000
0.006,1.000
0.006,1.000
0.006,1.000
0.006,1.000
0.006,1.000
0.006,1.000
0.006,1.000
0.006,1.000
0.006,1.000
0.006,1.000
0.006,1.000
0.006,1.000
0.006,1.000
0.006,1.000
0.006,1.000
0.006,1.000
0.006,1.000
0.006,1.000
0.006,1.000
0.006,1.000
0.006,1.000
0.006,1.000
0.006,1.000
0.006,1.000
0.006,1.000
0.006,1.000
0.006,1.000
0.006,1.000
0.006,1.000
0.006,1.000
0.006,1.000
0.006,1.000
0.006,1.000
0.006,1.000
0.006,1.000
0.006,1.000
0.006,1.000
0.006,1.000
0.006,1.000
0.006,1.000
0.006,1.000
0.006,1.000
0.006,1.000
0.006,1.000
0.006,1.000
0.006,1.000
0.006,1.000
0.006,1.000
0.006,1.000
0.006,1.000
0.006,1.000
0.006,1.000
0.006,1.000
0.006,1.000
0.006,1.000
0.006,1.000
0.006,1.000
0.006,1.000
0.006,1.000
0.006,1.000
0.006,1.000
0.006,1.000
0.006,1.000
0.006,1.000
0.006,1.000
0.006,1.000
0.006,1.000
0.006,1.000
0.006,1.000
0.006,1.000
0.006,1.000
0.006,1.000
0.006,1.000
0.006,1.000
0.006,1.000
0.006,1.000
0.006,1.000
0.006,1.000
0.006,1.000
0.006,1.000
0.006,1.000
0.006,1.000
0.006,1.000
0.006,1.000
0.006,1.000
0.006,1.000
0.006,1.000
0.006,1.000
0.006,1.000
0.006,1.000
0.006,1.000
0.006,1.000
0.006,1.000
0.006,1.000
0.006,1.000
0.006,1.000
0.006,1.000
0.006,1.000
0.006,1.000
0.006,1.000
0.006,1.000
0.006,1.000
0.006,1.000
0.006,1.000
0.006,1.000
0.006,1.000
0.006,1.000
0.006,1.000
0.006,1.000
0.006,1.000
0.006,1.000
0.006,1.000
0.006,1.000
0.006,1.000
0.006,1.000
0.006,1.000
0.006,1.000
0.006,1.000
0.006,1.000
0.006,1.000
0.006,1.000
0.006,1.000
0.006,1.000
0.006,1.000
0.006,1.000
0.006,1.000
0.006,1.000
0.006,1.000
0.006,1.000
0.006,1.000
0.006,1.000
0.006,1.000
0.006,1.000
0.006,1.000
0.006,1.000
0.006,1.000
0.006,1.000
0.006,1.000
0.006,1.000
0.006,1.000
0.006,1.000
0.006,1.000
0.006,1.000
0.006,1.000
0.006,1.000
0.006,1.000
0.006,1.000
0.006,1.000
0.006,1.000
0.006,1.000
0.006,1.000
0.006,1.000
0.006,1.000
0.006,1.000
0.006,1.000
0.006,1.000
0.006,1.000
0.006,1.000
0.006,1.000
0.006,1.000
0.006,1.000
0.006,1.000
0.006,1.000
0.006,1.000
0.006,1.000
0.006,1.000
0.006,1.000
0.006,1.000
0.006,1.000
0.006,1.000
0.006,1.000
0.006,1.000
0.006,1.000
0.006,1.000
0.006,1.000
0.006,1.000
0.006,1.000
0.006,1.000
0.006,1.000
0.006,1.000
0.006,1.000
0.006,1.000
0.006,1.000
0.006,1.000
0.006,1.000
0.006,1.000
0.006,1.000
0.006,1.000
0.006,1.000
0.006,1.000
0.006,1.000
0.006,1.000
0.006,1.000
0.006,1.000
0.006,1.000
0.006,1.000
0.006,1.000
0.006,1.000
0.006,1.000
0.006,1.000
0.006,1.000
0.006,1.000
0.006,1.000
0.006,1.000
0.006,1.000
0.006,1.000
0.006,1.000
0.006,1.000
0.006,1.000
0.006,1.000
0.006,1.000
0.006,1.000
0.006,1.000
0.006,1.000
0.006,1.000
0.006,1.000
0.006,1.000
0.006,1.000
0.006,1.000
0.006,1.000
0.006,1.000
0.006,1.000
0.006,1.000
0.006,1.000
0.006,1.000
0.006,1.000
0.006,1.000
0.006,1.000
0.006,1.000
0.006,1.000
0.006,1.000
0.006,1.000
0.006,1.000
0.006,1.000
0.006,1.000
0.006,1.000
0.006,1.000
0.006,1.000
