loss,accuracy
0.693,0.278
0.693,0.280
0.693,0.282
0.693,0.295
0.693,0.315
0.693,0.335
0.693,0.395
0.693,0.500
0.693,0.637
0.693,0.760
0.693,0.828
0.693,0.875
0.693,0.870
0.693,0.855
0.693,0.840
0.693,0.835
0.693,0.830
0.693,0.830
0.693,0.828
0.693,0.828
0.693,0.825
0.693,0.825
0.693,0.820
0.693,0.818
0.693,0.818
0.693,0.812
0.693,0.812
0.693,0.810
0.693,0.807
0.693,0.807
0.693,0.807
0.693,0.807
0.693,0.805
0.693,0.805
0.693,0.800
0.693,0.797
0.693,0.797
0.693,0.797
0.693,0.797
0.693,0.797
0.693,0.797
0.693,0.797
0.693,0.795
0.693,0.795
0.693,0.795
0.693,0.795
0.693,0.795
0.693,0.795
0.693,0.795
0.693,0.792
0.693,0.792
0.693,0.792
0.693,0.792
0.693,0.792
0.693,0.792
0.693,0.792
0.692,0.792
0.692,0.790
0.692,0.790
0.692,0.787
0.692,0.787
0.692,0.787
0.692,0.787
0.692,0.787
0.692,0.787
0.692,0.787
0.692,0.787
0.692,0.787
0.692,0.787
0.692,0.787
0.692,0.785
0.692,0.785
0.692,0.785
0.692,0.785
0.692,0.785
0.692,0.785
0.692,0.785
0.692,0.785
0.692,0.785
0.692,0.785
0.692,0.785
0.692,0.785
0.692,0.785
0.692,0.785
0.692,0.785
0.691,0.785
0.691,0.785
0.691,0.785
0.691,0.785
0.691,0.785
0.691,0.785
0.691,0.785
0.691,0.785
0.691,0.785
0.691,0.785
0.691,0.785
0.691,0.785
0.691,0.785
0.691,0.785
0.691,0.785
0.690,0.785
0.690,0.785
0.690,0.785
0.690,0.785
0.690,0.785
0.690,0.785
0.690,0.785
0.690,0.785
0.690,0.785
0.690,0.785
0.689,0.785
0.689,0.785
0.689,0.785
0.689,0.785
0.689,0.785
0.689,0.785
0.689,0.785
0.689,0.785
0.688,0.785
0.688,0.785
0.688,0.785
0.688,0.785
0.688,0.785
0.688,0.785
0.687,0.785
0.687,0.785
0.687,0.785
0.687,0.785
0.687,0.785
0.686,0.785
0.686,0.785
0.686,0.785
0.686,0.785
0.686,0.785
0.685,0.785
0.685,0.785
0.685,0.785
0.685,0.785
0.684,0.785
0.684,0.785
0.684,0.785
0.683,0.785
0.683,0.785
0.683,0.785
0.683,0.785
0.682,0.785
0.682,0.785
0.682,0.785
0.681,0.785
0.681,0.785
0.680,0.782
0.680,0.782
0.680,0.782
0.679,0.782
0.679,0.782
0.678,0.782
0.678,0.782
0.678,0.782
0.677,0.782
0.677,0.782
0.676,0.782
0.676,0.782
0.675,0.782
0.675,0.782
0.674,0.782
0.673,0.782
0.673,0.782
0.672,0.782
0.672,0.782
0.671,0.782
0.670,0.782
0.670,0.782
0.669,0.782
0.668,0.782
0.668,0.782
0.667,0.782
0.666,0.782
0.665,0.782
0.664,0.782
0.664,0.782
0.663,0.782
0.662,0.782
0.661,0.782
0.660,0.785
0.659,0.785
0.658,0.785
0.657,0.785
0.656,0.785
0.655,0.785
0.654,0.785
0.653,0.785
0.652,0.785
0.651,0.785
0.650,0.782
0.649,0.782
0.647,0.782
0.646,0.782
0.645,0.782
0.644,0.782
0.642,0.782
0.641,0.782
0.640,0.782
0.638,0.782
0.637,0.782
0.635,0.782
0.634,0.780
0.632,0.780
0.631,0.780
0.629,0.780
0.628,0.780
0.626,0.780
0.625,0.782
0.623,0.782
0.621,0.782
0.619,0.782
0.618,0.782
0.616,0.782
0.614,0.782
0.612,0.782
0.610,0.782
0.609,0.785
0.607,0.785
0.605,0.785
0.603,0.782
0.601,0.785
0.599,0.785
0.597,0.785
0.595,0.785
0.593,0.785
0.591,0.785
0.588,0.785
0.586,0.787
0.584,0.787
0.582,0.790
0.580,0.790
0.578,0.790
0.575,0.790
0.573,0.790
0.571,0.790
0.569,0.790
0.566,0.790
0.564,0.790
0.562,0.790
0.559,0.790
0.557,0.790
0.555,0.790
0.552,0.790
0.550,0.790
0.548,0.790
0.545,0.790
0.543,0.790
0.540,0.790
0.538,0.790
0.536,0.790
0.533,0.790
0.531,0.790
0.529,0.790
0.526,0.792
0.524,0.795
0.521,0.795
0.519,0.795
0.517,0.795
0.514,0.795
0.512,0.795
0.510,0.795
0.507,0.795
0.505,0.795
0.503,0.795
0.500,0.795
0.498,0.797
0.496,0.797
0.494,0.797
0.491,0.797
0.489,0.797
0.487,0.800
0.485,0.800
0.483,0.800
0.480,0.802
0.478,0.805
0.476,0.805
0.474,0.805
0.472,0.805
0.470,0.805
0.468,0.805
0.466,0.802
0.464,0.802
0.462,0.802
0.460,0.802
0.458,0.802
0.456,0.802
0.454,0.802
0.452,0.802
0.450,0.802
0.448,0.802
0.447,0.802
0.445,0.800
0.443,0.800
0.441,0.802
0.439,0.802
0.438,0.802
0.436,0.802
0.434,0.802
0.433,0.802
0.431,0.802
0.429,0.802
0.428,0.802
0.426,0.802
0.425,0.802
0.423,0.802
0.421,0.802
0.420,0.802
0.418,0.802
0.417,0.802
0.416,0.802
0.414,0.802
0.413,0.802
0.411,0.802
0.410,0.802
0.409,0.802
0.407,0.802
0.406,0.802
0.405,0.802
0.403,0.802
0.402,0.802
0.401,0.802
0.400,0.802
0.398,0.802
0.397,0.802
0.396,0.802
0.395,0.802
0.394,0.802
0.393,0.802
0.391,0.802
0.390,0.802
0.389,0.805
0.388,0.805
0.387,0.805
0.386,0.805
0.385,0.805
0.384,0.805
0.383,0.805
0.382,0.802
0.381,0.805
0.380,0.805
0.379,0.805
0.378,0.805
0.377,0.805
0.376,0.805
0.375,0.805
0.374,0.805
0.373,0.805
0.373,0.805
0.372,0.805
0.371,0.805
0.370,0.807
0.369,0.807
0.368,0.807
0.368,0.807
0.367,0.807
0.366,0.810
0.365,0.810
0.364,0.812
0.364,0.812
0.363,0.812
0.362,0.812
0.361,0.812
0.361,0.815
0.360,0.815
0.359,0.815
0.358,0.815
0.358,0.815
0.357,0.815
0.356,0.815
0.356,0.815
0.355,0.815
0.354,0.815
0.354,0.815
0.353,0.815
0.352,0.815
0.352,0.815
0.351,0.815
0.351,0.820
0.350,0.820
0.349,0.820
0.349,0.820
0.348,0.820
0.347,0.820
0.347,0.820
0.346,0.820
0.346,0.820
0.345,0.820
0.345,0.820
0.344,0.820
0.344,0.820
0.343,0.820
0.342,0.820
0.342,0.820
0.341,0.820
0.341,0.820
0.340,0.823
0.340,0.823
0.339,0.823
0.339,0.823
0.338,0.823
0.338,0.823
0.337,0.823
0.337,0.823
0.336,0.823
0.336,0.823
0.335,0.823
0.335,0.823
0.334,0.823
0.334,0.823
0.333,0.823
0.333,0.823
0.333,0.823
0.332,0.823
0.332,0.823
0.331,0.823
0.331,0.823
0.330,0.823
0.330,0.823
0.329,0.823
0.329,0.823
0.329,0.823
0.328,0.823
0.328,0.823
0.327,0.823
0.327,0.823
0.327,0.823
0.326,0.823
0.326,0.823
0.325,0.823
0.325,0.823
0.325,0.823
0.324,0.823
0.324,0.823
0.323,0.823
0.323,0.823
0.323,0.825
0.322,0.825
0.322,0.825
0.321,0.825
0.321,0.825
0.321,0.825
0.320,0.825
0.320,0.825
0.320,0.825
0.319,0.825
0.319,0.825
0.319,0.825
0.318,0.825
0.318,0.825
0.318,0.828
0.317,0.828
0.317,0.833
0.317,0.833
0.316,0.835
0.316,0.835
0.316,0.838
0.315,0.838
0.315,0.840
0.315,0.840
0.314,0.840
0.314,0.840
0.314,0.840
0.313,0.840
0.313,0.840
0.313,0.840
0.312,0.840
0.312,0.840
0.312,0.840
0.311,0.843
0.311,0.843
0.311,0.843
0.311,0.843
0.310,0.845
0.310,0.845
0.310,0.845
0.309,0.845
0.309,0.845
0.309,0.845
0.309,0.845
0.308,0.845
0.308,0.845
0.308,0.845
0.307,0.845
0.307,0.845
0.307,0.845
0.307,0.845
0.306,0.845
0.306,0.848
0.306,0.848
0.305,0.848
0.305,0.848
0.305,0.848
0.305,0.848
0.304,0.848
0.304,0.848
0.304,0.848
0.304,0.848
0.303,0.848
0.303,0.848
0.303,0.848
0.303,0.848
0.302,0.848
0.302,0.848
0.302,0.848
0.302,0.848
0.301,0.848
0.301,0.848
0.301,0.848
0.301,0.848
0.300,0.848
0.300,0.848
0.300,0.848
0.300,0.848
0.300,0.848
0.299,0.848
0.299,0.848
0.299,0.848
0.299,0.848
0.298,0.848
0.298,0.848
0.298,0.848
0.298,0.848
0.298,0.848
0.297,0.848
0.297,0.848
0.297,0.848
0.297,0.848
0.296,0.848
0.296,0.848
0.296,0.848
0.296,0.853
0.296,0.853
0.295,0.853
0.295,0.853
0.295,0.853
0.295,0.853
0.295,0.853
0.294,0.853
0.294,0.853
0.294,0.853
0.294,0.853
0.294,0.853
0.293,0.853
0.293,0.853
0.293,0.853
0.293,0.853
0.293,0.853
0.292,0.853
0.292,0.853
0.292,0.855
0.292,0.855
0.292,0.855
0.291,0.855
0.291,0.855
0.291,0.855
0.291,0.855
0.291,0.855
0.291,0.855
0.290,0.855
0.290,0.855
0.290,0.855
0.290,0.855
0.290,0.855
0.290,0.855
0.289,0.855
0.289,0.855
0.289,0.855
0.289,0.855
0.289,0.855
0.288,0.855
0.288,0.855
0.288,0.855
0.288,0.855
0.288,0.855
0.288,0.855
0.288,0.858
0.287,0.858
0.287,0.858
0.287,0.858
0.287,0.858
0.287,0.858
0.287,0.858
0.286,0.858
0.286,0.858
0.286,0.858
0.286,0.858
0.286,0.858
0.286,0.858
0.286,0.858
0.285,0.858
0.285,0.858
0.285,0.858
0.285,0.858
0.285,0.858
0.285,0.858
0.285,0.860
0.284,0.860
0.284,0.860
0.284,0.860
0.284,0.860
0.284,0.860
0.284,0.860
0.284,0.860
0.283,0.860
0.283,0.860
0.283,0.860
0.283,0.860
0.283,0.860
0.283,0.860
0.283,0.860
0.282,0.860
0.282,0.860
0.282,0.860
0.282,0.860
0.282,0.860
0.282,0.860
0.282,0.860
0.282,0.860
0.281,0.860
0.281,0.860
0.281,0.860
0.281,0.860
0.281,0.860
0.281,0.860
0.281,0.860
0.281,0.860
0.281,0.863
0.280,0.863
0.280,0.863
0.280,0.863
0.280,0.863
0.280,0.863
0.280,0.863
0.280,0.863
0.280,0.863
0.279,0.865
0.279,0.865
0.279,0.865
0.279,0.865
0.279,0.865
0.279,0.865
0.279,0.865
0.279,0.865
0.279,0.865
0.279,0.865
0.278,0.865
0.278,0.865
0.278,0.865
0.278,0.865
0.278,0.865
0.278,0.865
0.278,0.865
0.278,0.865
0.278,0.865
0.278,0.865
0.277,0.865
0.277,0.865
0.277,0.865
0.277,0.865
0.277,0.865
0.277,0.865
0.277,0.865
0.277,0.865
0.277,0.865
0.277,0.865
0.276,0.865
0.276,0.865
0.276,0.865
0.276,0.865
0.276,0.865
0.276,0.865
0.276,0.865
0.276,0.868
0.276,0.868
0.276,0.868
0.276,0.868
0.276,0.868
0.275,0.868
0.275,0.868
0.275,0.868
0.275,0.868
0.275,0.868
0.275,0.868
0.275,0.868
0.275,0.868
0.275,0.868
0.275,0.868
0.275,0.868
0.275,0.868
0.274,0.868
0.274,0.868
0.274,0.868
0.274,0.868
0.274,0.868
0.274,0.868
0.274,0.868
0.274,0.868
0.274,0.870
0.274,0.870
0.274,0.870
0.274,0.870
0.274,0.870
0.274,0.870
0.273,0.870
0.273,0.870
0.273,0.870
0.273,0.870
0.273,0.870
0.273,0.870
0.273,0.870
0.273,0.870
0.273,0.870
0.273,0.870
0.273,0.870
0.273,0.870
0.273,0.870
0.273,0.870
0.273,0.870
0.272,0.870
0.272,0.870
0.272,0.870
0.272,0.870
0.272,0.870
0.272,0.870
0.272,0.870
0.272,0.870
0.272,0.870
0.272,0.870
0.272,0.870
0.272,0.870
0.272,0.870
0.272,0.870
0.272,0.870
0.272,0.870
0.271,0.870
0.271,0.870
0.271,0.870
0.271,0.870
0.271,0.870
0.271,0.870
0.271,0.870
0.271,0.870
0.271,0.870
0.271,0.870
0.271,0.870
0.271,0.870
0.271,0.870
0.271,0.870
0.271,0.870
0.271,0.870
0.271,0.870
0.271,0.870
0.271,0.870
0.270,0.870
0.270,0.870
0.270,0.870
0.270,0.870
0.270,0.870
0.270,0.870
0.270,0.870
0.270,0.870
0.270,0.870
0.270,0.870
0.270,0.870
0.270,0.870
0.270,0.870
0.270,0.870
0.270,0.870
0.270,0.870
0.270,0.870
0.270,0.870
0.270,0.870
0.270,0.870
0.270,0.870
0.269,0.870
0.269,0.870
0.269,0.870
0.269,0.870
0.269,0.870
0.269,0.870
0.269,0.870
0.269,0.873
0.269,0.873
0.269,0.873
0.269,0.873
0.269,0.873
0.269,0.873
0.269,0.873
0.269,0.873
0.269,0.873
0.269,0.873
0.269,0.873
0.269,0.873
0.269,0.873
0.269,0.873
0.269,0.873
0.269,0.873
0.269,0.873
0.269,0.873
0.269,0.873
0.268,0.873
0.268,0.873
0.268,0.873
0.268,0.873
0.268,0.873
0.268,0.873
0.268,0.873
0.268,0.873
0.268,0.875
0.268,0.875
0.268,0.877
0.268,0.880
0.268,0.880
0.268,0.880
0.268,0.880
0.268,0.880
0.268,0.880
0.268,0.880
0.268,0.880
0.268,0.880
0.268,0.880
0.268,0.880
0.268,0.880
0.268,0.880
0.268,0.880
0.268,0.880
0.268,0.880
0.268,0.880
0.268,0.880
0.268,0.880
0.267,0.880
0.267,0.880
0.267,0.880
0.267,0.880
0.267,0.880
0.267,0.880
0.267,0.880
0.267,0.880
0.267,0.880
0.267,0.880
0.267,0.880
0.267,0.880
0.267,0.880
0.267,0.880
0.267,0.880
0.267,0.880
0.267,0.880
0.267,0.877
0.267,0.877
0.267,0.877
0.267,0.877
0.267,0.877
0.267,0.877
0.267,0.877
0.267,0.877
0.267,0.877
0.267,0.877
0.267,0.877
0.267,0.877
0.267,0.877
0.267,0.877
0.267,0.880
0.267,0.880
0.267,0.880
0.267,0.880
0.267,0.880
0.267,0.880
0.267,0.880
0.266,0.880
0.266,0.880
0.266,0.880
0.266,0.880
0.266,0.880
0.266,0.880
0.266,0.880
0.266,0.880
0.266,0.880
0.266,0.880
0.266,0.880
0.266,0.880
0.266,0.880
0.266,0.880
0.266,0.880
0.266,0.880
0.266,0.880
0.266,0.880
0.266,0.880
0.266,0.880
0.266,0.880
0.266,0.880
0.266,0.880
0.266,0.880
0.266,0.880
0.266,0.880
0.266,0.880
0.266,0.880
0.266,0.880
0.266,0.880
0.266,0.880
0.266,0.880
0.266,0.880
0.266,0.880
0.266,0.880
0.266,0.880
0.266,0.880
0.266,0.880
0.266,0.880
0.266,0.880
0.266,0.880
0.266,0.880
0.266,0.880
0.266,0.880
0.266,0.880
0.266,0.880
0.266,0.880
0.266,0.880
0.266,0.880
0.266,0.880
0.266,0.877
0.265,0.877
0.265,0.877
0.265,0.877
0.265,0.877
0.265,0.877
0.265,0.877
0.265,0.877
0.265,0.877
0.265,0.877
0.265,0.877
0.265,0.877
0.265,0.877
0.265,0.877
0.265,0.877
0.265,0.880
0.265,0.880
0.265,0.880
0.265,0.880
0.265,0.880
0.265,0.880
0.265,0.880
0.265,0.880
0.265,0.880
0.265,0.880
0.265,0.880
0.265,0.880
0.265,0.880
0.265,0.880
0.265,0.880
0.265,0.880
0.265,0.880
0.265,0.880
0.265,0.880
0.265,0.880
0.265,0.880
0.265,0.880
0.265,0.880
0.265,0.880
0.265,0.880
0.265,0.880
0.265,0.880
0.265,0.880
0.265,0.880
0.265,0.880
0.265,0.880
0.265,0.880
0.265,0.880
0.265,0.880
0.265,0.880
0.265,0.880
0.265,0.880
0.265,0.880
0.265,0.880
0.265,0.880
0.265,0.880
0.265,0.880
0.265,0.880
0.265,0.880
0.265,0.880
0.265,0.880
0.265,0.880
0.265,0.880
0.265,0.880
0.265,0.880
0.265,0.880
0.265,0.880
0.265,0.880
0.265,0.880
0.265,0.880
0.265,0.880
0.265,0.880
0.265,0.880
0.265,0.880
0.265,0.880
0.265,0.880
0.265,0.880
0.265,0.880
0.265,0.880
0.265,0.880
0.264,0.880
0.264,0.880
0.264,0.880
0.264,0.880
0.264,0.880
0.264,0.880
0.264,0.880
0.264,0.880
0.264,0.880
0.264,0.880
0.264,0.880
0.264,0.880
0.264,0.880
0.264,0.880
0.264,0.880
0.264,0.880
0.264,0.880
0.264,0.880
0.264,0.880
0.264,0.880
0.264,0.880
0.264,0.880
0.264,0.880
0.264,0.880
0.264,0.880
0.264,0.880
0.264,0.880
0.264,0.880
0.264,0.880
0.264,0.880
0.264,0.880
0.264,0.880
0.264,0.880
0.264,0.880
0.264,0.880
0.264,0.880
0.264,0.880
0.264,0.880
0.264,0.880
0.264,0.880
0.264,0.880
0.264,0.880
0.264,0.880
0.264,0.880
0.264,0.880
0.264,0.880
0.264,0.880
0.264,0.880
0.264,0.880
0.264,0.880
0.264,0.880
0.264,0.880
0.264,0.880
0.264,0.880
0.264,0.880
0.264,0.880
0.264,0.880
0.264,0.880
0.264,0.880
0.264,0.880
0.264,0.880
0.264,0.880
0.264,0.880
0.264,0.880
0.264,0.880
0.264,0.880
0.264,0.880
0.264,0.880
0.264,0.880
0.264,0.880
0.264,0.880
0.264,0.882
0.264,0.882
0.264,0.882
0.264,0.885
0.264,0.885
0.264,0.885
0.264,0.885
0.264,0.885
0.264,0.885
0.264,0.885
0.264,0.885
0.264,0.885
0.264,0.885
0.264,0.885
0.264,0.885
0.264,0.885
0.264,0.885
0.264,0.885
0.264,0.885
0.264,0.885
0.264,0.885
0.264,0.885
0.264,0.885
0.264,0.885
0.264,0.885
0.264,0.885
0.264,0.885
0.264,0.885
0.264,0.885
0.264,0.885
0.264,0.885
0.264,0.885
0.264,0.885
0.264,0.885
0.264,0.885
0.264,0.885
0.264,0.885
0.264,0.885
0.264,0.885
0.264,0.885
0.264,0.885
0.264,0.885
0.264,0.885
0.264,0.885
0.264,0.885
0.264,0.885
0.264,0.885
0.264,0.885
0.264,0.885
0.264,0.885
0.264,0.885
0.264,0.885
0.264,0.885
0.264,0.885
0.264,0.885
0.264,0.885
0.264,0.885
0.264,0.885
0.264,0.885
0.264,0.885
0.264,0.885
0.264,0.885
0.264,0.885
0.264,0.885
0.264,0.885
0.264,0.885
0.264,0.885
0.264,0.885
0.264,0.885
0.264,0.885
0.264,0.885
0.264,0.885
0.264,0.885
0.264,0.885
0.264,0.885
0.264,0.885
0.264,0.885
0.264,0.885
0.264,0.885
0.264,0.885
0.264,0.885
0.264,0.885
0.264,0.885
0.264,0.885
0.264,0.885
0.264,0.885
0.264,0.885
0.264,0.885
0.264,0.885
0.264,0.885
0.264,0.885
0.264,0.885
0.264,0.885
0.264,0.885
0.264,0.885
0.264,0.885
0.264,0.885
0.264,0.885
0.264,0.885
0.263,0.885
0.263,0.885
0.263,0.885
0.263,0.885
0.263,0.885
0.263,0.885
0.263,0.885
0.263,0.885
0.263,0.885
0.263,0.885
0.263,0.885
0.263,0.885
0.263,0.885
0.263,0.885
0.263,0.885
0.263,0.885
0.263,0.885
0.263,0.885
0.263,0.885
0.263,0.885
0.263,0.885
0.263,0.885
0.263,0.885
0.263,0.885
0.263,0.885
0.263,0.885
0.263,0.885
0.263,0.885
0.263,0.885
0.263,0.885
0.263,0.885
0.263,0.885
0.263,0.885
0.263,0.885
0.263,0.885
0.263,0.885
0.263,0.885
0.263,0.885
0.263,0.885
0.263,0.885
0.263,0.885
0.263,0.885
0.263,0.885
0.263,0.885
0.263,0.885
0.263,0.885
0.263,0.885
0.263,0.885
0.263,0.885
0.263,0.885
0.263,0.885
0.263,0.885
0.263,0.885
0.263,0.885
0.263,0.885
0.263,0.885
0.263,0.885
0.263,0.885
0.263,0.885
0.263,0.885
0.263,0.885
0.263,0.885
0.263,0.885
0.263,0.885
0.263,0.885
0.263,0.885
0.263,0.885
0.263,0.885
0.263,0.885
0.263,0.885
0.263,0.885
0.263,0.885
0.263,0.885
0.263,0.885
0.263,0.885
0.263,0.885
0.263,0.885
0.263,0.885
0.263,0.885
0.263,0.885
0.263,0.885
0.263,0.885
0.263,0.885
0.263,0.885
0.263,0.885
0.263,0.885
0.263,0.885
0.263,0.885
0.263,0.885
0.263,0.885
0.263,0.885
0.263,0.885
0.263,0.885
0.263,0.885
0.263,0.885
0.263,0.885
0.263,0.885
0.263,0.885
0.263,0.885
0.263,0.885
0.263,0.885
0.263,0.885
0.263,0.885
0.263,0.885
0.263,0.885
0.263,0.885
0.263,0.885
0.263,0.885
0.263,0.885
0.263,0.885
0.263,0.885
0.263,0.885
0.263,0.885
0.263,0.885
0.263,0.885
0.263,0.885
0.263,0.885
0.263,0.885
0.263,0.885
0.263,0.885
0.263,0.885
0.263,0.885
0.263,0.885
0.263,0.885
0.263,0.885
0.263,0.885
0.263,0.885
0.263,0.885
0.263,0.885
0.263,0.885
0.263,0.885
0.263,0.885
0.263,0.885
0.263,0.885
0.263,0.885
0.263,0.885
0.263,0.885
0.263,0.885
0.263,0.885
0.263,0.885
0.263,0.885
0.263,0.885
0.263,0.885
0.263,0.885
0.263,0.885
0.263,0.885
0.263,0.885
0.263,0.885
0.263,0.885
0.263,0.885
0.263,0.885
0.263,0.885
0.263,0.885
0.263,0.885
0.263,0.885
0.263,0.885
0.263,0.885
0.263,0.885
0.263,0.885
0.263,0.885
0.263,0.885
0.263,0.885
0.263,0.885
0.263,0.885
0.263,0.885
0.263,0.885
0.263,0.885
0.263,0.885
0.263,0.885
0.263,0.885
0.263,0.885
0.263,0.885
0.263,0.885
0.263,0.885
0.263,0.885
0.263,0.885
0.263,0.885
0.263,0.885
0.263,0.885
0.263,0.885
0.263,0.885
0.263,0.885
0.263,0.885
0.263,0.885
0.263,0.885
0.263,0.885
0.263,0.885
0.263,0.885
0.263,0.885
0.263,0.885
0.263,0.885
0.263,0.885
0.263,0.885
0.263,0.885
0.263,0.885
0.263,0.885
0.263,0.885
0.263,0.885
0.263,0.885
0.263,0.885
0.263,0.885
0.263,0.885
0.263,0.885
0.263,0.885
0.263,0.885
0.263,0.885
0.263,0.885
0.263,0.885
0.263,0.885
0.263,0.885
0.263,0.885
0.263,0.885
0.263,0.885
0.263,0.885
0.263,0.885
0.263,0.885
0.263,0.885
0.263,0.885
0.263,0.885
0.263,0.885
0.263,0.885
0.263,0.885
0.263,0.885
0.263,0.885
0.263,0.885
0.263,0.885
0.263,0.885
0.263,0.885
0.263,0.885
0.263,0.885
0.263,0.885
0.263,0.885
0.263,0.885
0.263,0.885
0.263,0.885
0.263,0.885
0.263,0.885
0.263,0.885
0.263,0.885
0.263,0.885
0.263,0.885
0.263,0.885
0.263,0.885
0.263,0.885
0.263,0.885
0.263,0.885
0.263,0.885
0.263,0.885
0.263,0.885
0.263,0.885
0.263,0.885
0.263,0.885
0.263,0.885
0.263,0.885
0.263,0.885
0.263,0.885
0.263,0.885
0.263,0.885
0.263,0.885
0.263,0.885
0.263,0.885
0.263,0.885
0.263,0.885
0.263,0.885
0.263,0.885
0.263,0.885
0.263,0.885
0.263,0.885
0.263,0.885
0.263,0.885
0.263,0.885
0.263,0.885
0.263,0.885
0.263,0.885
0.263,0.885
0.263,0.885
0.263,0.885
0.263,0.885
0.263,0.885
0.263,0.885
0.263,0.885
0.263,0.885
0.263,0.885
0.263,0.885
0.263,0.885
0.263,0.885
0.263,0.885
0.263,0.885
0.263,0.885
0.263,0.885
0.263,0.885
0.263,0.885
0.263,0.885
0.263,0.885
0.263,0.885
0.263,0.885
0.263,0.885
0.263,0.885
0.263,0.885
0.263,0.885
0.263,0.885
0.263,0.885
0.263,0.885
0.263,0.885
0.263,0.885
0.263,0.885
0.263,0.885
0.263,0.885
0.263,0.885
0.263,0.885
0.263,0.885
0.263,0.885
0.263,0.885
0.263,0.885
0.263,0.885
0.263,0.885
0.263,0.885
0.263,0.885
0.263,0.885
0.263,0.885
0.263,0.885
0.263,0.885
0.263,0.885
0.263,0.885
0.263,0.885
0.263,0.885
0.263,0.885
0.263,0.885
0.263,0.885
0.263,0.885
0.263,0.885
0.263,0.885
0.263,0.885
0.263,0.885
0.263,0.885
0.263,0.885
0.263,0.885
0.263,0.885
0.263,0.885
0.263,0.885
0.263,0.885
0.263,0.885
0.263,0.885
0.263,0.885
0.263,0.885
0.263,0.885
0.263,0.885
0.263,0.885
0.263,0.885
0.263,0.885
0.263,0.885
0.263,0.885
0.263,0.885
0.263,0.885
0.263,0.885
0.263,0.885
0.263,0.885
0.263,0.885
0.263,0.885
0.263,0.885
0.263,0.885
0.263,0.885
0.263,0.885
0.263,0.885
0.263,0.885
0.263,0.885
0.263,0.885
0.263,0.885
0.263,0.885
0.263,0.885
0.263,0.885
0.263,0.885
0.263,0.885
0.263,0.885
0.263,0.885
0.263,0.885
0.263,0.885
0.263,0.885
0.263,0.885
0.263,0.885
0.263,0.885
0.263,0.885
0.263,0.885
0.263,0.885
0.263,0.885
0.263,0.885
0.263,0.885
0.263,0.885
0.263,0.885
0.263,0.885
0.263,0.885
0.263,0.885
0.263,0.885
0.263,0.885
0.263,0.885
0.263,0.885
0.263,0.885
0.263,0.885
0.263,0.885
0.263,0.885
0.263,0.885
0.263,0.885
0.263,0.885
0.263,0.885
0.263,0.885
0.263,0.885
0.263,0.885
0.263,0.885
0.263,0.885
0.263,0.885
0.263,0.885
0.263,0.885
0.263,0.885
0.263,0.885
0.263,0.885
0.263,0.885
0.263,0.885
0.263,0.885
0.263,0.885
0.263,0.885
0.263,0.885
0.263,0.885
0.263,0.885
0.263,0.885
0.263,0.885
0.263,0.885
0.263,0.885
0.263,0.885
0.263,0.885
0.263,0.885
0.263,0.885
0.263,0.885
0.263,0.885
0.263,0.885
0.263,0.885
0.263,0.885
0.263,0.885
0.263,0.885
0.263,0.885
0.263,0.885
0.263,0.885
0.263,0.885
0.263,0.885
0.263,0.885
0.263,0.885
0.263,0.885
0.263,0.885
0.263,0.885
0.263,0.885
0.263,0.885
0.263,0.885
0.263,0.885
0.263,0.885
0.263,0.885
0.263,0.885
0.263,0.885
0.263,0.885
0.263,0.885
0.263,0.885
0.263,0.885
0.263,0.885
0.263,0.885
0.263,0.885
0.263,0.885
0.263,0.885
0.263,0.885
0.263,0.885
0.263,0.885
0.263,0.885
0.263,0.885
0.263,0.885
0.263,0.885
0.263,0.885
0.263,0.885
0.263,0.885
0.263,0.885
0.263,0.885
0.263,0.885
0.263,0.885
0.263,0.885
0.263,0.885
0.263,0.885
0.263,0.885
0.263,0.885
0.263,0.885
0.263,0.885
0.263,0.885
0.263,0.885
0.263,0.885
0.263,0.885
0.263,0.885
0.263,0.885
0.263,0.885
0.263,0.885
0.263,0.885
0.263,0.885
0.263,0.885
0.263,0.885
0.263,0.885
0.263,0.885
0.263,0.885
0.263,0.885
0.263,0.885
0.263,0.885
0.263,0.885
0.263,0.885
0.263,0.885
0.263,0.885
0.263,0.885
0.263,0.885
0.263,0.885
0.263,0.885
0.263,0.885
0.263,0.885
0.263,0.885
0.263,0.885
0.263,0.885
0.263,0.885
0.263,0.885
0.263,0.885
0.263,0.885
0.263,0.885
0.263,0.885
0.263,0.885
0.263,0.885
0.263,0.885
0.263,0.885
0.263,0.885
0.263,0.885
0.263,0.885
0.263,0.885
0.263,0.885
0.263,0.885
0.263,0.885
0.263,0.885
0.263,0.885
0.263,0.885
0.263,0.885
0.263,0.885
0.263,0.885
0.263,0.885
0.263,0.885
0.263,0.885
0.263,0.885
0.263,0.885
0.263,0.885
0.263,0.885
0.263,0.885
0.263,0.885
0.263,0.885
0.263,0.885
0.263,0.885
0.263,0.885
0.263,0.885
0.263,0.885
0.263,0.885
0.263,0.885
0.263,0.885
0.263,0.885
0.263,0.885
0.263,0.885
0.263,0.887
0.263,0.887
0.263,0.887
0.263,0.887
0.263,0.887
0.263,0.887
0.263,0.887
0.263,0.887
0.263,0.887
0.263,0.887
0.263,0.887
0.263,0.887
0.263,0.887
0.263,0.887
0.263,0.887
0.263,0.887
0.263,0.887
0.263,0.887
0.263,0.887
0.263,0.887
0.263,0.887
0.263,0.887
0.263,0.887
0.263,0.887
0.263,0.887
0.263,0.887
0.263,0.887
0.263,0.887
0.263,0.887
0.263,0.887
0.263,0.887
0.263,0.887
0.263,0.887
0.263,0.887
0.263,0.887
0.263,0.887
0.263,0.887
0.263,0.887
0.263,0.887
0.263,0.887
0.263,0.887
0.263,0.887
0.263,0.887
0.263,0.887
0.263,0.887
0.263,0.887
0.263,0.887
0.263,0.887
0.263,0.887
0.263,0.887
0.263,0.887
0.263,0.887
0.263,0.887
0.263,0.887
0.263,0.887
0.263,0.887
0.263,0.887
0.263,0.887
0.263,0.887
0.263,0.887
0.263,0.887
0.263,0.887
0.263,0.887
0.263,0.887
0.263,0.887
0.263,0.887
0.263,0.887
0.263,0.887
0.263,0.887
0.263,0.887
0.263,0.887
0.263,0.887
0.263,0.887
0.263,0.887
0.263,0.887
0.263,0.887
0.263,0.887
0.263,0.887
0.263,0.887
0.263,0.887
0.263,0.887
0.263,0.887
0.263,0.887
0.263,0.887
0.263,0.887
0.263,0.887
0.263,0.887
0.263,0.887
0.263,0.887
0.263,0.887
0.263,0.887
0.263,0.887
0.263,0.887
0.263,0.887
0.263,0.887
0.263,0.887
0.263,0.887
0.263,0.887
0.263,0.887
0.263,0.887
0.263,0.887
0.263,0.887
0.263,0.887
0.263,0.887
0.263,0.887
0.263,0.887
0.263,0.887
0.263,0.887
0.263,0.887
0.263,0.887
0.263,0.887
0.263,0.887
0.263,0.887
0.263,0.887
0.263,0.887
0.263,0.887
0.263,0.887
0.263,0.887
0.263,0.887
0.263,0.887
0.263,0.887
0.263,0.887
0.263,0.887
0.263,0.887
0.263,0.887
0.263,0.887
0.263,0.887
0.263,0.887
0.263,0.887
0.263,0.887
0.263,0.887
0.263,0.887
0.263,0.887
0.263,0.887
0.263,0.887
0.263,0.887
0.263,0.887
0.263,0.887
0.263,0.887
0.263,0.887
0.263,0.887
0.263,0.887
0.263,0.887
0.263,0.887
0.263,0.887
0.263,0.887
0.263,0.887
0.263,0.887
0.263,0.887
0.263,0.887
0.263,0.887
0.263,0.887
0.263,0.887
0.263,0.887
0.263,0.887
0.263,0.887
0.263,0.887
0.263,0.887
0.263,0.887
0.263,0.887
0.263,0.887
0.263,0.887
0.263,0.887
0.263,0.887
0.263,0.887
0.263,0.887
0.263,0.887
0.263,0.887
0.263,0.887
0.263,0.887
0.263,0.887
0.263,0.887
0.263,0.887
0.263,0.887
0.263,0.887
0.263,0.887
0.263,0.887
0.263,0.887
0.263,0.887
0.263,0.887
0.263,0.887
0.263,0.887
0.263,0.887
0.263,0.887
0.263,0.887
0.263,0.887
0.263,0.887
0.263,0.887
0.263,0.887
0.263,0.887
0.263,0.887
0.263,0.887
0.263,0.887
0.263,0.887
0.263,0.887
0.263,0.887
0.263,0.887
0.263,0.887
0.263,0.887
0.263,0.887
0.263,0.887
0.263,0.887
0.263,0.887
0.263,0.887
0.263,0.887
0.263,0.887
0.263,0.887
0.263,0.887
0.263,0.887
0.263,0.887
0.263,0.887
0.263,0.887
0.263,0.887
0.263,0.887
0.263,0.887
0.263,0.887
0.263,0.887
0.263,0.887
0.263,0.887
0.263,0.887
0.263,0.887
0.263,0.887
0.263,0.887
0.263,0.887
0.263,0.887
0.263,0.887
0.263,0.887
0.263,0.887
0.263,0.887
0.263,0.887
0.263,0.887
0.263,0.887
0.263,0.887
0.263,0.887
0.263,0.887
0.263,0.887
0.263,0.887
0.263,0.887
0.263,0.887
0.263,0.887
0.263,0.887
0.263,0.887
0.263,0.887
0.263,0.887
0.263,0.887
0.263,0.887
0.263,0.887
0.263,0.887
0.263,0.887
0.263,0.887
0.263,0.887
0.263,0.887
0.263,0.887
0.263,0.887
0.263,0.887
0.263,0.887
0.263,0.887
0.263,0.887
0.263,0.887
0.263,0.887
0.263,0.887
0.263,0.887
0.263,0.887
0.263,0.887
0.263,0.887
0.263,0.887
0.263,0.887
0.263,0.887
0.263,0.887
0.263,0.887
0.263,0.887
0.263,0.887
0.263,0.887
0.263,0.887
0.263,0.887
0.263,0.887
0.263,0.887
0.263,0.887
0.263,0.887
0.263,0.887
0.263,0.887
0.263,0.887
0.263,0.887
0.263,0.887
0.263,0.887
0.263,0.887
0.263,0.887
0.263,0.887
0.263,0.887
0.263,0.887
0.263,0.887
0.263,0.887
0.263,0.887
0.263,0.887
0.263,0.887
0.263,0.887
0.263,0.887
0.263,0.887
0.263,0.887
0.263,0.887
0.263,0.887
0.263,0.887
0.263,0.887
0.263,0.887
0.263,0.887
0.263,0.887
0.263,0.887
0.263,0.887
0.263,0.887
0.263,0.887
0.263,0.887
0.263,0.887
0.263,0.887
0.263,0.887
0.263,0.887
0.263,0.887
0.263,0.887
0.263,0.887
0.263,0.887
0.263,0.887
0.263,0.887
0.263,0.887
0.263,0.887
0.263,0.887
0.263,0.887
0.263,0.887
0.263,0.887
0.263,0.887
0.263,0.887
0.263,0.887
0.263,0.887
0.263,0.887
0.263,0.887
0.263,0.887
0.263,0.887
0.263,0.887
0.263,0.887
0.263,0.887
0.263,0.887
0.263,0.887
0.263,0.887
0.263,0.887
0.263,0.887
0.263,0.887
0.263,0.887
0.263,0.887
0.263,0.887
0.263,0.887
0.263,0.887
0.263,0.887
0.263,0.887
0.263,0.887
0.263,0.887
0.263,0.887
0.263,0.887
0.263,0.887
0.263,0.887
0.263,0.887
0.263,0.887
0.263,0.887
0.263,0.887
0.263,0.887
0.263,0.887
0.263,0.887
0.263,0.887
0.263,0.887
0.263,0.887
0.263,0.887
0.263,0.887
0.263,0.887
0.263,0.887
0.263,0.887
0.263,0.887
0.263,0.887
0.263,0.887
0.263,0.887
0.263,0.887
0.263,0.887
0.263,0.887
0.263,0.887
0.263,0.887
0.263,0.887
0.263,0.887
0.263,0.887
0.263,0.887
0.263,0.887
0.263,0.887
0.263,0.887
0.263,0.887
0.263,0.887
0.263,0.887
0.263,0.887
0.263,0.887
0.263,0.887
0.263,0.887
0.263,0.887
0.263,0.887
0.263,0.887
0.263,0.887
0.263,0.887
0.263,0.887
0.263,0.887
0.263,0.887
0.263,0.887
0.263,0.887
0.263,0.887
0.263,0.887
0.263,0.887
0.263,0.887
0.263,0.887
0.263,0.887
0.263,0.887
0.263,0.887
0.263,0.887
0.263,0.887
0.263,0.887
0.263,0.887
0.263,0.887
0.263,0.887
0.263,0.887
0.263,0.887
0.263,0.887
0.263,0.887
0.263,0.887
0.263,0.887
0.263,0.887
0.263,0.887
0.263,0.887
0.263,0.887
0.263,0.887
0.263,0.887
0.263,0.887
0.263,0.887
0.263,0.887
0.263,0.887
0.263,0.887
0.263,0.887
0.263,0.887
0.263,0.887
0.263,0.887
0.263,0.887
0.263,0.887
0.263,0.887
0.263,0.887
0.263,0.887
0.263,0.887
0.263,0.887
0.263,0.887
0.263,0.887
0.263,0.887
0.263,0.887
0.263,0.887
0.263,0.887
0.263,0.887
0.263,0.887
0.263,0.887
0.263,0.887
0.263,0.887
0.263,0.887
0.263,0.887
0.263,0.887
0.263,0.887
0.263,0.887
0.263,0.887
0.263,0.887
0.263,0.887
0.263,0.887
0.263,0.887
0.263,0.887
0.263,0.887
0.263,0.887
0.263,0.887
0.263,0.887
0.263,0.887
0.263,0.887
0.263,0.887
0.263,0.887
0.263,0.887
0.263,0.887
0.263,0.887
0.263,0.887
0.263,0.887
0.263,0.887
0.263,0.887
0.263,0.887
0.263,0.887
0.263,0.887
0.263,0.887
0.263,0.887
0.263,0.887
0.263,0.887
0.263,0.887
0.263,0.887
0.263,0.887
0.263,0.887
0.263,0.887
0.263,0.887
0.263,0.887
0.263,0.887
0.263,0.887
0.263,0.887
0.263,0.887
0.263,0.887
0.263,0.887
0.263,0.887
0.263,0.887
0.263,0.887
0.263,0.887
0.263,0.887
0.263,0.887
0.263,0.887
0.263,0.887
0.263,0.887
0.263,0.887
0.263,0.887
0.263,0.887
0.263,0.887
0.263,0.887
0.263,0.887
0.263,0.887
0.263,0.887
0.263,0.887
0.263,0.887
0.263,0.887
0.263,0.887
0.263,0.887
0.263,0.887
0.263,0.887
0.263,0.887
0.263,0.887
0.263,0.887
0.263,0.887
0.263,0.887
0.263,0.887
0.263,0.887
0.263,0.887
0.263,0.887
0.263,0.887
0.263,0.887
0.263,0.887
0.263,0.887
0.263,0.887
0.263,0.887
0.263,0.887
0.263,0.887
0.263,0.887
0.263,0.887
0.263,0.887
0.263,0.887
0.263,0.887
0.263,0.887
0.263,0.887
0.263,0.887
0.263,0.887
0.263,0.887
0.263,0.887
0.263,0.887
0.263,0.887
0.263,0.887
0.263,0.887
0.263,0.887
0.263,0.887
0.263,0.887
0.263,0.887
0.263,0.887
0.263,0.887
0.263,0.887
0.263,0.887
0.263,0.887
0.263,0.887
0.263,0.887
0.263,0.887
0.263,0.887
0.263,0.887
0.263,0.887
0.263,0.887
0.263,0.887
0.263,0.887
0.263,0.887
0.263,0.887
0.263,0.887
0.263,0.887
0.263,0.887
0.263,0.887
0.263,0.887
0.263,0.887
0.263,0.887
0.263,0.887
0.263,0.887
0.263,0.887
0.263,0.887
0.263,0.887
0.263,0.887
0.263,0.887
0.263,0.887
0.263,0.887
0.263,0.887
0.263,0.887
0.263,0.887
0.263,0.887
0.263,0.887
0.263,0.887
0.263,0.887
0.263,0.887
0.263,0.887
0.263,0.887
0.263,0.887
0.263,0.887
0.263,0.887
0.263,0.887
0.263,0.887
0.263,0.887
0.263,0.887
0.263,0.887
0.263,0.887
0.263,0.887
0.263,0.887
0.263,0.887
0.263,0.887
0.263,0.887
0.263,0.887
0.263,0.887
0.263,0.887
0.263,0.887
0.263,0.887
0.263,0.887
0.263,0.887
0.263,0.887
0.263,0.887
0.263,0.887
0.263,0.887
0.263,0.887
0.263,0.887
0.263,0.887
0.263,0.887
0.263,0.887
0.263,0.887
0.263,0.887
0.263,0.887
0.263,0.887
0.263,0.887
0.263,0.887
0.263,0.887
0.263,0.887
0.263,0.887
0.263,0.887
0.263,0.887
0.263,0.887
0.263,0.887
0.263,0.887
0.263,0.887
0.263,0.887
0.263,0.887
0.263,0.887
0.263,0.887
0.263,0.887
0.263,0.887
0.263,0.887
0.263,0.887
0.263,0.887
0.263,0.887
0.263,0.887
0.263,0.887
0.263,0.887
0.263,0.887
0.263,0.887
0.263,0.887
0.263,0.887
0.263,0.887
0.263,0.887
0.263,0.887
0.263,0.887
0.263,0.887
0.263,0.887
0.263,0.887
0.263,0.887
0.263,0.887
0.263,0.887
0.263,0.887
0.263,0.887
0.263,0.887
0.263,0.887
0.263,0.887
0.263,0.887
0.263,0.887
0.263,0.887
0.263,0.887
0.263,0.887
0.263,0.887
0.263,0.887
0.263,0.887
0.263,0.887
0.263,0.887
0.263,0.887
0.263,0.887
0.263,0.887
0.263,0.887
0.263,0.887
0.263,0.887
0.263,0.887
0.263,0.887
0.263,0.887
0.263,0.887
0.263,0.887
0.263,0.887
0.263,0.887
0.263,0.887
0.263,0.887
0.263,0.887
0.263,0.887
0.263,0.887
0.263,0.887
0.263,0.887
0.263,0.887
0.263,0.887
0.263,0.887
0.263,0.887
0.263,0.887
0.263,0.887
0.263,0.887
0.263,0.887
0.263,0.887
0.263,0.887
0.263,0.887
0.263,0.887
0.263,0.887
0.263,0.887
0.263,0.887
0.263,0.887
0.263,0.887
0.263,0.887
0.263,0.887
0.263,0.887
0.263,0.887
0.263,0.887
0.263,0.887
0.263,0.887
0.263,0.887
0.263,0.887
0.263,0.887
0.263,0.887
0.263,0.887
0.263,0.887
0.263,0.887
0.263,0.887
0.263,0.887
0.263,0.887
0.263,0.887
0.263,0.887
0.263,0.887
0.263,0.887
0.263,0.887
0.263,0.887
0.263,0.887
0.263,0.887
0.263,0.887
0.263,0.887
0.263,0.887
0.263,0.887
0.263,0.887
0.263,0.887
0.263,0.887
0.263,0.887
0.263,0.887
0.263,0.887
0.263,0.887
0.263,0.887
0.263,0.887
0.263,0.887
0.263,0.887
0.263,0.887
0.263,0.887
0.263,0.887
0.263,0.887
0.263,0.887
0.263,0.887
0.263,0.887
0.263,0.887
0.263,0.887
0.263,0.887
0.263,0.887
0.263,0.887
0.263,0.887
0.263,0.887
0.263,0.887
0.263,0.887
0.263,0.887
0.263,0.887
0.263,0.887
0.263,0.887
0.263,0.887
0.263,0.887
0.263,0.887
0.263,0.887
0.263,0.887
0.263,0.887
0.263,0.887
0.263,0.887
0.263,0.887
0.263,0.887
0.263,0.887
0.263,0.887
0.263,0.887
0.263,0.887
0.263,0.887
0.263,0.887
0.263,0.887
0.263,0.887
0.263,0.887
0.263,0.887
0.263,0.887
0.263,0.887
0.263,0.887
0.263,0.887
0.263,0.887
0.263,0.887
0.263,0.887
0.263,0.887
0.263,0.887
0.263,0.887
0.263,0.887
0.263,0.887
0.263,0.887
0.263,0.887
0.263,0.887
0.263,0.887
0.263,0.887
0.263,0.887
0.263,0.887
0.263,0.887
0.263,0.887
0.263,0.887
0.263,0.887
0.263,0.887
0.263,0.887
0.263,0.887
0.263,0.887
0.263,0.887
0.263,0.887
0.263,0.887
0.263,0.887
0.263,0.887
0.263,0.887
0.263,0.887
0.263,0.887
0.263,0.887
0.263,0.887
0.263,0.887
0.263,0.887
0.263,0.887
0.263,0.887
0.263,0.887
0.263,0.887
0.263,0.887
0.263,0.887
0.263,0.887
0.263,0.887
0.263,0.887
0.263,0.887
0.263,0.887
0.263,0.887
0.263,0.887
0.263,0.887
0.263,0.887
0.263,0.887
0.263,0.887
0.263,0.887
0.263,0.887
0.263,0.887
0.263,0.887
0.263,0.887
0.263,0.887
0.263,0.887
0.263,0.887
0.263,0.887
0.263,0.887
0.263,0.887
0.263,0.887
0.263,0.887
0.263,0.887
0.263,0.887
0.263,0.887
0.263,0.887
0.263,0.887
0.263,0.887
0.263,0.887
0.263,0.887
0.263,0.887
0.263,0.887
0.263,0.887
0.263,0.887
0.263,0.887
0.263,0.887
0.263,0.887
0.263,0.887
0.263,0.887
0.263,0.887
0.263,0.887
0.263,0.887
0.263,0.887
0.263,0.887
0.263,0.887
0.263,0.887
0.263,0.887
0.263,0.887
0.263,0.887
0.263,0.887
0.263,0.887
0.263,0.887
0.263,0.887
0.263,0.887
0.263,0.887
0.263,0.887
0.263,0.887
0.263,0.887
0.263,0.887
0.263,0.887
0.263,0.887
0.263,0.887
0.263,0.887
0.263,0.887
0.263,0.887
0.263,0.887
0.263,0.887
0.263,0.887
0.263,0.887
0.263,0.887
0.263,0.887
0.263,0.887
0.263,0.887
0.263,0.887
0.263,0.887
0.263,0.887
0.263,0.887
0.263,0.887
0.263,0.887
0.263,0.887
0.263,0.887
0.263,0.887
0.263,0.887
0.263,0.887
0.263,0.887
0.263,0.887
0.263,0.887
0.263,0.887
0.263,0.887
0.263,0.887
0.263,0.887
0.263,0.887
0.263,0.887
0.263,0.887
0.263,0.887
0.263,0.887
0.263,0.887
0.263,0.887
0.263,0.887
0.263,0.887
0.263,0.887
0.263,0.887
0.263,0.887
0.263,0.887
0.263,0.887
0.263,0.887
0.263,0.887
0.263,0.887
0.263,0.887
0.263,0.887
0.263,0.887
0.263,0.887
0.263,0.887
0.263,0.887
0.263,0.887
0.263,0.887
0.263,0.887
0.263,0.887
0.263,0.887
0.263,0.887
0.263,0.887
0.263,0.887
0.263,0.887
0.263,0.887
0.263,0.887
0.263,0.887
0.263,0.887
0.263,0.887
0.263,0.887
0.263,0.887
0.263,0.887
0.263,0.887
0.263,0.887
0.263,0.887
0.263,0.887
0.263,0.887
0.263,0.887
0.263,0.887
0.263,0.887
0.263,0.887
0.263,0.887
0.263,0.887
0.263,0.887
0.263,0.887
0.263,0.887
0.263,0.887
0.263,0.887
0.263,0.887
0.263,0.887
0.263,0.887
0.263,0.887
0.263,0.887
0.263,0.887
0.263,0.887
0.263,0.887
0.263,0.887
0.263,0.887
0.263,0.887
0.263,0.887
0.263,0.887
0.263,0.887
0.263,0.887
0.263,0.887
0.263,0.887
0.263,0.887
0.263,0.887
0.263,0.887
0.263,0.887
0.263,0.887
0.263,0.887
0.263,0.887
0.263,0.887
0.263,0.887
0.263,0.887
0.263,0.887
0.263,0.887
0.263,0.887
0.263,0.887
0.263,0.887
0.263,0.887
0.263,0.887
0.263,0.887
0.263,0.887
0.263,0.887
0.263,0.887
0.263,0.887
0.263,0.887
0.263,0.887
0.263,0.887
0.263,0.887
0.263,0.887
0.263,0.887
0.263,0.887
0.263,0.887
0.263,0.887
0.263,0.887
0.263,0.887
0.263,0.887
0.263,0.887
0.263,0.887
0.263,0.887
0.263,0.887
0.263,0.887
0.263,0.887
0.263,0.887
0.263,0.887
0.263,0.887
0.263,0.887
0.263,0.887
0.263,0.887
0.263,0.887
0.263,0.887
0.263,0.887
0.263,0.887
0.263,0.887
0.263,0.887
0.263,0.887
0.263,0.887
0.263,0.887
0.263,0.887
0.263,0.887
0.263,0.887
0.263,0.887
0.263,0.887
0.263,0.887
0.263,0.887
0.263,0.887
0.263,0.887
0.263,0.887
0.263,0.887
0.263,0.887
0.263,0.887
0.263,0.887
0.263,0.887
0.263,0.887
0.263,0.887
0.263,0.887
0.263,0.887
0.263,0.887
0.263,0.887
0.263,0.887
0.263,0.887
0.263,0.887
0.263,0.887
0.263,0.887
0.263,0.887
0.263,0.887
0.263,0.887
0.263,0.887
0.263,0.887
0.263,0.887
0.263,0.887
0.263,0.887
0.263,0.887
0.263,0.887
0.263,0.887
0.263,0.887
0.263,0.887
0.263,0.887
0.263,0.887
0.263,0.887
0.263,0.887
0.263,0.887
0.263,0.887
0.263,0.887
0.263,0.887
0.263,0.887
0.263,0.887
0.263,0.887
0.263,0.887
0.263,0.887
0.263,0.887
0.263,0.887
0.263,0.887
0.263,0.887
0.263,0.887
0.263,0.887
0.263,0.887
0.263,0.887
0.263,0.887
0.263,0.887
0.263,0.887
0.263,0.887
0.263,0.887
0.263,0.887
0.263,0.887
0.263,0.887
0.263,0.887
0.263,0.887
0.263,0.887
0.263,0.887
0.263,0.887
0.263,0.887
0.263,0.887
0.263,0.887
0.263,0.887
0.263,0.887
0.263,0.887
0.263,0.887
0.263,0.887
0.263,0.887
0.263,0.887
0.263,0.887
0.263,0.887
0.263,0.887
0.263,0.887
0.263,0.887
0.263,0.887
0.263,0.887
0.263,0.887
0.263,0.887
0.263,0.887
0.263,0.887
0.263,0.887
0.263,0.887
0.263,0.887
0.263,0.887
0.263,0.887
0.263,0.887
0.263,0.887
0.263,0.887
0.263,0.887
0.263,0.887
0.263,0.887
0.263,0.887
0.263,0.887
0.263,0.887
0.263,0.887
0.263,0.887
0.263,0.887
0.263,0.887
0.263,0.887
0.263,0.887
0.263,0.887
0.263,0.887
0.263,0.887
0.263,0.887
0.263,0.887
0.263,0.887
0.263,0.887
0.263,0.887
0.263,0.887
0.263,0.887
0.263,0.887
0.263,0.887
0.263,0.887
0.263,0.887
0.263,0.887
0.263,0.887
0.263,0.887
0.263,0.887
0.263,0.887
0.263,0.887
0.263,0.887
0.263,0.887
0.263,0.887
0.263,0.887
0.263,0.887
0.263,0.887
0.263,0.887
0.263,0.887
0.263,0.887
0.263,0.887
0.263,0.887
0.263,0.887
0.263,0.887
0.263,0.887
0.263,0.887
0.263,0.887
0.263,0.887
0.263,0.887
0.263,0.887
0.263,0.887
0.263,0.887
0.263,0.887
0.263,0.887
0.263,0.887
0.263,0.887
0.263,0.887
0.263,0.887
0.263,0.887
0.263,0.887
0.263,0.887
0.263,0.887
0.263,0.887
0.263,0.887
0.263,0.887
0.263,0.887
0.263,0.887
0.263,0.887
0.263,0.887
0.263,0.887
0.263,0.887
0.263,0.887
0.263,0.887
0.263,0.887
0.263,0.887
0.263,0.887
0.263,0.887
0.263,0.887
0.263,0.887
0.263,0.887
0.263,0.887
0.263,0.887
0.263,0.887
0.263,0.887
0.263,0.887
0.263,0.887
0.263,0.887
0.263,0.887
0.263,0.887
0.263,0.887
0.263,0.887
0.263,0.887
0.263,0.887
0.263,0.887
0.263,0.887
0.263,0.887
0.263,0.887
0.263,0.887
0.263,0.887
0.263,0.887
0.263,0.887
0.263,0.887
0.263,0.887
0.263,0.887
0.263,0.887
0.263,0.887
0.263,0.887
0.263,0.887
0.263,0.887
0.263,0.887
0.263,0.887
0.263,0.887
0.263,0.887
0.263,0.887
0.263,0.887
0.263,0.887
0.263,0.887
0.263,0.887
0.263,0.887
0.263,0.887
0.263,0.887
0.263,0.887
0.263,0.887
0.263,0.887
0.263,0.887
0.263,0.887
0.263,0.887
0.263,0.887
0.263,0.887
0.263,0.887
0.263,0.887
0.263,0.887
0.263,0.887
0.263,0.887
0.263,0.887
0.263,0.887
0.263,0.887
0.263,0.887
0.263,0.887
0.263,0.887
0.263,0.887
0.263,0.887
0.263,0.887
0.263,0.887
0.263,0.887
0.263,0.887
0.263,0.887
0.263,0.887
0.263,0.887
0.263,0.887
0.263,0.887
0.263,0.887
0.263,0.887
0.263,0.887
0.263,0.887
0.263,0.887
0.263,0.887
0.263,0.887
0.263,0.887
0.263,0.887
0.263,0.887
0.263,0.887
0.263,0.887
0.263,0.887
0.263,0.887
0.263,0.887
0.263,0.887
0.263,0.887
0.263,0.887
0.263,0.887
0.263,0.887
0.263,0.887
0.263,0.887
0.263,0.887
0.263,0.887
0.263,0.887
0.263,0.887
0.263,0.887
0.263,0.887
0.263,0.887
0.263,0.887
0.263,0.887
0.263,0.887
0.263,0.887
0.263,0.887
0.263,0.887
0.263,0.887
0.263,0.887
0.263,0.887
0.263,0.887
0.263,0.887
0.263,0.887
0.263,0.887
0.263,0.887
0.263,0.887
0.263,0.887
0.263,0.887
0.263,0.887
0.263,0.887
0.263,0.887
0.263,0.887
0.263,0.887
0.263,0.887
0.263,0.887
0.263,0.887
0.263,0.887
0.263,0.887
0.263,0.887
0.263,0.887
0.263,0.887
0.263,0.887
0.263,0.887
0.263,0.887
0.263,0.887
0.263,0.887
0.263,0.887
0.263,0.887
0.263,0.887
0.263,0.887
0.263,0.887
0.263,0.887
0.263,0.887
0.263,0.887
0.263,0.887
0.263,0.887
0.263,0.887
0.263,0.887
0.263,0.887
0.263,0.887
0.263,0.887
0.263,0.887
0.263,0.887
0.263,0.887
0.263,0.887
0.263,0.887
0.263,0.887
0.263,0.887
0.263,0.887
0.263,0.887
0.263,0.887
0.263,0.887
0.263,0.887
0.263,0.887
0.263,0.887
0.263,0.887
0.263,0.887
0.263,0.887
0.263,0.887
0.263,0.887
0.263,0.887
0.263,0.887
0.263,0.887
0.263,0.887
0.263,0.887
0.263,0.887
0.263,0.887
0.263,0.887
0.263,0.887
0.263,0.887
0.263,0.887
0.263,0.887
0.263,0.887
0.263,0.887
0.263,0.887
0.263,0.887
0.263,0.887
0.263,0.887
0.263,0.887
0.263,0.887
0.263,0.887
0.263,0.887
0.263,0.887
0.263,0.887
0.263,0.887
0.263,0.887
0.263,0.887
0.263,0.887
0.263,0.887
0.263,0.887
0.263,0.887
0.263,0.887
0.263,0.887
0.263,0.887
0.263,0.887
0.263,0.887
0.263,0.887
0.263,0.887
0.263,0.887
0.263,0.887
0.263,0.887
0.263,0.887
0.263,0.887
0.263,0.887
0.263,0.887
0.263,0.887
0.263,0.887
0.263,0.887
0.263,0.887
0.263,0.887
0.263,0.887
0.263,0.887
0.263,0.887
0.263,0.887
0.263,0.887
0.263,0.887
0.263,0.887
0.263,0.887
0.263,0.887
0.263,0.887
0.263,0.887
0.263,0.887
0.263,0.887
0.263,0.887
0.263,0.887
0.263,0.887
0.263,0.887
0.263,0.887
0.263,0.887
0.263,0.887
0.263,0.887
0.263,0.887
0.263,0.887
0.263,0.887
0.263,0.887
0.263,0.887
0.263,0.887
0.263,0.887
0.263,0.887
0.263,0.887
0.263,0.887
0.263,0.887
0.263,0.887
0.263,0.887
0.263,0.887
0.263,0.887
0.263,0.887
0.263,0.887
0.263,0.887
0.263,0.887
0.263,0.887
0.263,0.887
0.263,0.887
0.263,0.887
0.263,0.887
0.263,0.887
0.263,0.887
0.263,0.887
0.263,0.887
0.263,0.887
0.263,0.887
0.263,0.887
0.263,0.887
0.263,0.887
0.263,0.887
0.263,0.887
0.263,0.887
0.263,0.887
0.263,0.887
0.263,0.887
0.263,0.887
0.263,0.887
0.263,0.887
0.263,0.887
0.263,0.887
0.263,0.887
0.263,0.887
0.263,0.887
0.263,0.887
0.263,0.887
0.263,0.887
0.263,0.887
0.263,0.887
0.263,0.887
0.263,0.887
0.263,0.887
0.263,0.887
0.263,0.887
0.263,0.887
0.263,0.887
0.263,0.887
0.263,0.887
0.263,0.887
0.263,0.887
0.263,0.887
0.263,0.887
0.263,0.887
0.263,0.887
0.263,0.887
0.263,0.887
0.263,0.887
0.263,0.887
0.263,0.887
0.263,0.887
0.263,0.887
0.263,0.887
0.263,0.887
0.263,0.887
0.263,0.887
0.263,0.887
0.263,0.887
0.263,0.887
0.263,0.887
0.263,0.887
0.263,0.887
0.263,0.887
0.263,0.887
0.263,0.887
0.263,0.887
0.263,0.887
0.263,0.887
0.263,0.887
0.263,0.887
0.263,0.887
0.263,0.887
0.263,0.887
0.263,0.887
0.263,0.887
0.263,0.887
0.263,0.887
0.263,0.887
0.263,0.887
0.263,0.887
0.263,0.887
0.263,0.887
0.263,0.887
0.263,0.887
0.263,0.887
0.263,0.887
0.263,0.887
0.263,0.887
0.263,0.887
0.263,0.887
0.263,0.887
0.263,0.887
0.263,0.887
0.263,0.887
0.263,0.887
0.263,0.887
0.263,0.887
0.263,0.887
0.263,0.887
0.263,0.887
0.263,0.887
0.263,0.887
0.263,0.887
0.263,0.887
0.263,0.887
0.263,0.887
0.263,0.887
0.263,0.887
0.263,0.887
0.263,0.887
0.263,0.887
0.263,0.887
0.263,0.887
0.263,0.887
0.263,0.887
0.263,0.887
0.263,0.887
0.263,0.887
0.263,0.887
0.263,0.887
0.263,0.887
0.263,0.887
0.263,0.887
0.263,0.887
0.263,0.887
0.263,0.887
0.263,0.887
0.263,0.887
0.263,0.887
0.263,0.887
0.263,0.887
0.263,0.887
0.263,0.887
0.263,0.887
0.263,0.887
0.263,0.887
0.263,0.887
0.263,0.887
0.263,0.887
0.263,0.887
0.263,0.887
0.263,0.887
0.263,0.887
0.263,0.887
0.263,0.887
0.263,0.887
0.263,0.887
0.263,0.887
0.263,0.887
0.263,0.887
0.263,0.887
0.263,0.887
0.263,0.887
0.263,0.887
0.263,0.887
0.263,0.887
0.263,0.887
0.263,0.887
0.263,0.887
0.263,0.887
0.263,0.887
0.263,0.887
0.263,0.887
0.263,0.887
0.263,0.887
0.263,0.887
0.263,0.887
0.263,0.887
0.263,0.887
0.263,0.887
0.263,0.887
0.263,0.887
0.263,0.887
0.263,0.887
0.263,0.887
0.263,0.887
0.263,0.887
0.263,0.887
0.263,0.887
0.263,0.887
0.263,0.887
0.263,0.887
0.263,0.887
0.263,0.887
0.263,0.887
0.263,0.887
0.263,0.887
0.263,0.887
0.263,0.887
0.263,0.887
0.263,0.887
0.263,0.887
0.263,0.887
0.263,0.887
0.263,0.887
0.263,0.887
0.263,0.887
0.263,0.887
0.263,0.887
0.263,0.887
0.263,0.887
0.263,0.887
0.263,0.887
0.263,0.887
0.263,0.887
0.263,0.887
0.263,0.887
0.263,0.887
0.263,0.887
0.263,0.887
0.263,0.887
0.263,0.887
0.263,0.887
0.263,0.887
0.263,0.887
0.263,0.887
0.263,0.887
0.263,0.887
0.263,0.887
0.263,0.887
0.263,0.887
0.263,0.887
0.263,0.887
0.263,0.887
0.263,0.887
0.263,0.887
0.263,0.887
0.263,0.887
0.263,0.887
0.263,0.887
0.263,0.887
0.263,0.887
0.263,0.887
0.263,0.887
0.263,0.887
0.263,0.887
0.263,0.887
0.263,0.887
0.263,0.887
0.263,0.887
0.263,0.887
0.263,0.887
0.263,0.887
0.263,0.887
0.263,0.887
0.263,0.887
0.263,0.887
0.263,0.887
0.263,0.887
0.263,0.887
0.263,0.887
0.263,0.887
0.263,0.887
0.263,0.887
0.263,0.887
0.263,0.887
0.263,0.887
0.263,0.887
0.263,0.887
0.263,0.887
0.263,0.887
0.263,0.887
0.263,0.887
0.263,0.887
0.263,0.887
0.263,0.887
0.263,0.887
0.263,0.887
0.263,0.887
0.263,0.887
0.263,0.887
0.263,0.887
0.263,0.887
0.263,0.887
0.263,0.887
0.263,0.887
0.263,0.887
0.263,0.887
0.263,0.887
0.263,0.887
0.263,0.887
0.263,0.887
0.263,0.887
0.263,0.887
0.263,0.887
0.263,0.887
0.263,0.887
0.263,0.887
0.263,0.887
0.263,0.887
0.263,0.887
0.263,0.887
0.263,0.887
0.263,0.887
0.263,0.887
0.263,0.887
0.263,0.887
0.263,0.887
0.263,0.887
0.263,0.887
0.263,0.887
0.263,0.887
0.263,0.887
0.263,0.887
0.263,0.887
0.263,0.887
0.263,0.887
0.263,0.887
0.263,0.887
0.263,0.887
0.263,0.887
0.263,0.887
0.263,0.887
0.263,0.887
0.263,0.887
0.263,0.887
0.263,0.887
0.263,0.887
0.263,0.887
0.263,0.887
0.263,0.887
0.263,0.887
0.263,0.887
0.263,0.887
0.263,0.887
0.263,0.887
0.263,0.887
0.263,0.887
0.263,0.887
0.263,0.887
0.263,0.887
0.263,0.887
0.263,0.887
0.263,0.887
0.263,0.887
0.263,0.887
0.263,0.887
0.263,0.887
0.263,0.887
0.263,0.887
0.263,0.887
0.263,0.887
0.263,0.887
0.263,0.887
0.263,0.887
0.263,0.887
0.263,0.887
0.263,0.887
0.263,0.887
0.263,0.887
0.263,0.887
0.263,0.887
0.263,0.887
0.263,0.887
0.263,0.887
0.263,0.887
0.263,0.887
0.263,0.887
0.263,0.887
0.263,0.887
0.263,0.887
0.263,0.887
0.263,0.887
0.263,0.887
0.263,0.887
0.263,0.887
0.263,0.887
0.263,0.887
0.263,0.887
0.263,0.887
0.263,0.887
0.263,0.887
0.263,0.887
0.263,0.887
0.263,0.887
0.263,0.887
0.263,0.887
0.263,0.887
0.263,0.887
0.263,0.887
0.263,0.887
0.263,0.887
0.263,0.887
0.263,0.887
0.263,0.887
0.263,0.887
0.263,0.887
0.263,0.887
0.263,0.887
0.263,0.887
0.263,0.887
0.263,0.887
0.263,0.887
0.263,0.887
0.263,0.887
0.263,0.887
0.263,0.887
0.263,0.887
0.263,0.887
0.263,0.887
0.263,0.887
0.263,0.887
0.263,0.887
0.263,0.887
0.263,0.887
0.263,0.887
0.263,0.887
0.263,0.887
0.263,0.887
0.263,0.887
0.263,0.887
0.263,0.887
0.263,0.887
0.263,0.887
0.263,0.887
0.263,0.887
0.263,0.887
0.263,0.887
0.263,0.887
0.263,0.887
0.263,0.887
0.263,0.887
0.263,0.887
0.263,0.887
0.263,0.887
0.263,0.887
0.263,0.887
0.263,0.887
0.263,0.887
0.263,0.887
0.263,0.887
0.263,0.887
0.263,0.887
0.263,0.887
0.263,0.887
0.263,0.887
0.263,0.887
0.263,0.887
0.263,0.887
0.263,0.887
0.263,0.887
0.263,0.887
0.263,0.887
0.263,0.887
0.263,0.887
0.263,0.887
0.263,0.887
0.263,0.887
0.263,0.887
0.263,0.887
0.263,0.887
0.263,0.887
0.263,0.887
0.263,0.887
0.263,0.887
0.263,0.887
0.263,0.887
0.263,0.887
0.263,0.887
0.263,0.887
0.263,0.887
0.263,0.887
0.263,0.887
0.263,0.887
0.263,0.887
0.263,0.887
0.263,0.887
0.263,0.887
0.263,0.887
0.263,0.887
0.263,0.887
0.263,0.887
0.263,0.887
0.263,0.887
0.263,0.887
0.263,0.887
0.263,0.887
0.263,0.887
0.263,0.887
0.263,0.887
0.263,0.887
0.263,0.887
0.263,0.887
0.263,0.887
0.263,0.887
0.263,0.887
0.263,0.887
0.263,0.887
0.263,0.887
0.263,0.887
0.263,0.887
0.263,0.887
0.263,0.887
0.263,0.887
0.263,0.887
0.263,0.887
0.263,0.887
0.263,0.887
0.263,0.887
0.263,0.887
0.263,0.887
0.263,0.887
0.263,0.887
0.263,0.887
0.263,0.887
0.263,0.887
0.263,0.887
0.263,0.887
0.263,0.887
0.263,0.887
0.263,0.887
0.263,0.887
0.263,0.887
0.263,0.887
0.263,0.887
0.263,0.887
0.263,0.887
0.263,0.887
0.263,0.887
0.263,0.887
0.263,0.887
0.263,0.887
0.263,0.887
0.263,0.887
0.263,0.887
0.263,0.887
0.263,0.887
0.263,0.887
0.263,0.887
0.263,0.887
0.263,0.887
0.263,0.887
0.263,0.887
0.263,0.887
0.263,0.887
0.263,0.887
0.263,0.887
0.263,0.887
0.263,0.887
0.263,0.887
0.263,0.887
0.263,0.887
0.263,0.887
0.263,0.887
0.263,0.887
0.263,0.887
0.263,0.887
0.263,0.887
0.263,0.887
0.263,0.887
0.263,0.887
0.263,0.887
0.263,0.887
0.263,0.887
0.263,0.887
0.263,0.887
0.263,0.887
0.263,0.887
0.263,0.887
0.263,0.887
0.263,0.887
0.263,0.887
0.263,0.887
0.263,0.887
0.263,0.887
0.263,0.887
0.263,0.887
0.263,0.887
0.263,0.887
0.263,0.887
0.263,0.887
0.263,0.887
0.263,0.887
0.263,0.887
0.263,0.887
0.263,0.887
0.263,0.887
0.263,0.887
0.263,0.887
0.263,0.887
0.263,0.887
0.263,0.887
0.263,0.887
0.263,0.887
0.263,0.887
0.263,0.887
0.263,0.887
0.263,0.887
0.263,0.887
0.263,0.887
0.263,0.887
0.263,0.887
0.263,0.887
0.263,0.887
0.263,0.887
0.263,0.887
0.263,0.887
0.263,0.887
0.263,0.887
0.263,0.887
0.263,0.887
0.263,0.887
0.263,0.887
0.263,0.887
0.263,0.887
0.263,0.887
0.263,0.887
0.263,0.887
0.263,0.887
0.263,0.887
0.263,0.887
0.263,0.887
0.263,0.887
0.263,0.887
0.263,0.887
0.263,0.887
0.263,0.887
0.263,0.887
0.263,0.887
0.263,0.887
0.263,0.887
0.263,0.887
0.263,0.887
0.263,0.887
0.263,0.887
0.263,0.887
0.263,0.887
0.263,0.887
0.263,0.887
0.263,0.887
0.263,0.887
0.263,0.887
0.263,0.887
0.263,0.887
0.263,0.887
0.263,0.887
0.263,0.887
0.263,0.887
0.263,0.887
0.263,0.887
0.263,0.887
0.263,0.887
0.263,0.887
0.263,0.887
0.263,0.887
0.263,0.887
0.263,0.887
0.263,0.887
0.263,0.887
0.263,0.887
0.263,0.887
0.263,0.887
0.263,0.887
0.263,0.887
0.263,0.887
0.263,0.887
0.263,0.887
0.263,0.887
0.263,0.887
0.263,0.887
0.263,0.887
0.263,0.887
0.263,0.887
0.263,0.887
0.263,0.887
0.263,0.887
0.263,0.887
0.263,0.887
0.263,0.887
0.263,0.887
0.263,0.887
0.263,0.887
0.263,0.887
0.263,0.887
0.263,0.887
0.263,0.887
0.263,0.887
0.263,0.887
0.263,0.887
0.263,0.887
0.263,0.887
0.263,0.887
0.263,0.887
0.263,0.887
0.263,0.887
0.263,0.887
0.263,0.887
0.263,0.887
0.263,0.887
0.263,0.887
0.263,0.887
0.263,0.887
0.263,0.887
0.263,0.887
0.263,0.887
0.263,0.887
0.263,0.887
0.263,0.887
0.263,0.887
0.263,0.887
0.263,0.887
0.263,0.887
0.263,0.887
0.263,0.887
0.263,0.887
0.263,0.887
0.263,0.887
0.263,0.887
0.263,0.887
0.263,0.887
0.263,0.887
0.263,0.887
0.263,0.887
0.263,0.887
0.263,0.887
0.263,0.887
0.263,0.887
0.263,0.887
0.263,0.887
0.263,0.887
0.263,0.887
0.263,0.887
0.263,0.887
0.263,0.887
0.263,0.887
0.263,0.887
0.263,0.887
0.263,0.887
0.263,0.887
0.263,0.887
0.263,0.887
0.263,0.887
0.263,0.887
0.263,0.887
0.263,0.887
0.263,0.887
0.263,0.887
0.263,0.887
0.263,0.887
0.263,0.887
0.263,0.887
0.263,0.887
0.263,0.887
0.263,0.887
0.263,0.887
0.263,0.887
0.263,0.887
0.263,0.887
0.263,0.887
0.263,0.887
0.263,0.887
0.263,0.887
0.263,0.887
0.263,0.887
0.263,0.887
0.263,0.887
0.263,0.887
0.263,0.887
0.263,0.887
0.263,0.887
0.263,0.887
0.263,0.887
0.263,0.887
0.263,0.887
0.263,0.887
0.263,0.887
0.263,0.887
0.263,0.887
0.263,0.887
0.263,0.887
0.263,0.887
0.263,0.887
0.263,0.887
0.263,0.887
0.263,0.887
0.263,0.887
0.263,0.887
0.263,0.887
0.263,0.887
0.263,0.887
0.263,0.887
0.263,0.887
0.263,0.887
0.263,0.887
0.263,0.887
0.263,0.887
0.263,0.887
0.263,0.887
0.263,0.887
0.263,0.887
0.263,0.887
0.263,0.887
0.263,0.887
0.263,0.887
0.263,0.887
0.263,0.887
0.263,0.887
0.263,0.887
0.263,0.887
0.263,0.887
0.263,0.887
0.263,0.887
0.263,0.887
0.263,0.887
0.263,0.887
0.263,0.887
0.263,0.887
0.263,0.887
0.263,0.887
0.263,0.887
0.263,0.887
0.263,0.887
0.263,0.887
0.263,0.887
0.263,0.887
0.263,0.887
0.263,0.887
0.263,0.887
0.263,0.887
0.263,0.887
0.263,0.887
0.263,0.887
0.263,0.887
0.263,0.887
0.263,0.887
0.263,0.887
0.263,0.887
0.263,0.887
0.263,0.887
0.263,0.887
0.263,0.887
0.263,0.887
0.263,0.887
0.263,0.887
0.263,0.887
0.263,0.887
0.263,0.887
0.263,0.887
0.263,0.887
0.263,0.887
0.263,0.887
0.263,0.887
0.263,0.887
0.263,0.887
0.263,0.887
0.263,0.887
0.263,0.887
0.263,0.887
0.263,0.887
0.263,0.887
0.263,0.887
0.263,0.887
0.263,0.887
0.263,0.887
0.263,0.887
0.263,0.887
0.263,0.887
0.263,0.887
0.263,0.887
0.263,0.887
0.263,0.887
0.263,0.887
0.263,0.887
0.263,0.887
0.263,0.887
0.263,0.887
0.263,0.887
0.263,0.887
0.263,0.887
0.263,0.887
0.263,0.887
0.263,0.887
0.263,0.887
0.263,0.887
0.263,0.887
0.263,0.887
0.263,0.887
0.263,0.887
0.263,0.887
0.263,0.887
0.263,0.887
0.263,0.887
0.263,0.887
0.263,0.887
0.263,0.887
0.263,0.887
0.263,0.887
0.263,0.887
0.263,0.887
0.263,0.887
0.263,0.887
0.263,0.887
0.263,0.887
0.263,0.887
0.263,0.887
0.263,0.887
0.263,0.887
0.263,0.887
0.263,0.887
0.263,0.887
0.263,0.887
0.263,0.887
0.263,0.887
0.263,0.887
0.263,0.887
0.263,0.887
0.263,0.887
0.263,0.887
0.263,0.887
0.263,0.887
0.263,0.887
0.263,0.887
0.263,0.887
0.263,0.887
0.263,0.887
0.263,0.887
0.263,0.887
0.263,0.887
0.263,0.887
0.263,0.887
0.263,0.887
0.263,0.887
0.263,0.887
0.263,0.887
0.263,0.887
0.263,0.887
0.263,0.887
0.263,0.887
0.263,0.887
0.263,0.887
0.263,0.887
0.263,0.887
0.263,0.887
0.263,0.887
0.263,0.887
0.263,0.887
0.263,0.887
0.263,0.887
0.263,0.887
0.263,0.887
0.263,0.887
0.263,0.887
0.263,0.887
0.263,0.887
0.263,0.887
0.263,0.887
0.263,0.887
0.263,0.887
0.263,0.887
0.263,0.887
0.263,0.887
0.263,0.887
0.263,0.887
0.263,0.887
0.263,0.887
0.263,0.887
0.263,0.887
0.263,0.887
0.263,0.887
0.263,0.887
0.263,0.887
0.263,0.887
0.263,0.887
0.263,0.887
0.263,0.887
0.263,0.887
0.263,0.887
0.263,0.887
0.263,0.887
0.263,0.887
0.263,0.887
0.263,0.887
0.263,0.887
0.263,0.887
0.263,0.887
0.263,0.887
0.263,0.887
0.263,0.887
0.263,0.887
0.263,0.887
0.263,0.887
0.263,0.887
0.263,0.887
0.263,0.887
0.263,0.887
0.263,0.887
0.263,0.887
0.263,0.887
0.263,0.887
0.263,0.887
0.263,0.887
0.263,0.887
0.263,0.887
0.263,0.887
0.263,0.887
0.263,0.887
0.263,0.887
0.263,0.887
0.263,0.887
0.263,0.887
0.263,0.887
0.263,0.887
0.263,0.887
0.263,0.887
0.263,0.887
0.263,0.887
0.263,0.887
0.263,0.887
0.263,0.887
0.263,0.887
0.263,0.887
0.263,0.887
0.263,0.887
0.263,0.887
0.263,0.887
0.263,0.887
0.263,0.887
0.263,0.887
0.263,0.887
0.263,0.887
0.263,0.887
0.263,0.887
0.263,0.887
0.263,0.887
0.263,0.887
0.263,0.887
0.263,0.887
0.263,0.887
0.263,0.887
0.263,0.887
0.263,0.887
0.263,0.887
0.263,0.887
0.263,0.887
0.263,0.887
0.263,0.887
0.263,0.887
0.263,0.887
0.263,0.887
0.263,0.887
0.263,0.887
0.263,0.887
0.263,0.887
0.263,0.887
0.263,0.887
0.263,0.887
0.263,0.887
0.263,0.887
0.263,0.887
0.263,0.887
0.263,0.887
0.263,0.887
0.263,0.887
0.263,0.887
0.263,0.887
0.263,0.887
0.263,0.887
0.263,0.887
0.263,0.887
0.263,0.887
0.263,0.887
0.263,0.887
0.263,0.887
0.263,0.887
0.263,0.887
0.263,0.887
0.263,0.887
0.263,0.887
0.263,0.887
0.263,0.887
0.263,0.887
0.263,0.887
0.263,0.887
0.263,0.887
0.263,0.887
0.263,0.887
0.263,0.887
0.263,0.887
0.263,0.887
0.263,0.887
0.263,0.887
0.263,0.887
0.263,0.887
0.263,0.887
0.263,0.887
0.263,0.887
0.263,0.887
0.263,0.887
0.263,0.887
0.263,0.887
0.263,0.887
0.263,0.887
0.263,0.887
0.263,0.887
0.263,0.887
0.263,0.887
0.263,0.887
0.263,0.887
0.263,0.887
0.263,0.887
0.263,0.887
0.263,0.887
0.263,0.887
0.263,0.887
0.263,0.887
0.263,0.887
0.263,0.887
0.263,0.887
0.263,0.887
0.263,0.887
0.263,0.887
0.263,0.887
0.263,0.887
0.263,0.887
0.263,0.887
0.263,0.887
0.263,0.887
0.263,0.887
0.263,0.887
0.263,0.887
0.263,0.887
0.263,0.887
0.263,0.887
0.263,0.887
0.263,0.887
0.263,0.887
0.263,0.887
0.263,0.887
0.263,0.887
0.263,0.887
0.263,0.887
0.263,0.887
0.263,0.887
0.263,0.887
0.263,0.887
0.263,0.887
0.263,0.887
0.263,0.887
0.263,0.887
0.263,0.887
0.263,0.887
0.263,0.887
0.263,0.887
0.263,0.887
0.263,0.887
0.263,0.887
0.263,0.887
0.263,0.887
0.263,0.887
0.263,0.887
0.263,0.887
0.263,0.887
0.263,0.887
0.263,0.887
0.263,0.887
0.263,0.887
0.263,0.887
0.263,0.887
0.263,0.887
0.263,0.887
0.263,0.887
0.263,0.887
0.263,0.887
0.263,0.887
0.263,0.887
0.263,0.887
0.263,0.887
0.263,0.887
0.263,0.887
0.263,0.887
0.263,0.887
0.263,0.887
0.263,0.887
0.263,0.887
0.263,0.887
0.263,0.887
0.263,0.887
0.263,0.887
0.263,0.887
0.263,0.887
0.263,0.887
0.263,0.887
0.263,0.887
0.263,0.887
0.263,0.887
0.263,0.887
0.263,0.887
0.263,0.887
0.263,0.887
0.263,0.887
0.263,0.887
0.263,0.887
0.263,0.887
0.263,0.887
0.263,0.887
0.263,0.887
0.263,0.887
0.263,0.887
0.263,0.887
0.263,0.887
0.263,0.887
0.263,0.887
0.263,0.887
0.263,0.887
0.263,0.887
0.263,0.887
0.263,0.887
0.263,0.887
0.263,0.887
0.263,0.887
0.263,0.887
0.263,0.887
0.263,0.887
0.263,0.887
0.263,0.887
0.263,0.887
0.263,0.887
0.263,0.887
0.263,0.887
0.263,0.887
0.263,0.887
0.263,0.887
0.263,0.887
0.263,0.887
0.263,0.887
0.263,0.887
0.263,0.887
0.263,0.887
0.263,0.887
0.263,0.887
0.263,0.887
0.263,0.887
0.263,0.887
0.263,0.887
0.263,0.887
0.263,0.887
0.263,0.887
0.263,0.887
0.263,0.887
0.263,0.887
0.263,0.887
0.263,0.887
0.263,0.887
0.263,0.887
0.263,0.887
0.263,0.887
0.263,0.887
0.263,0.887
0.263,0.887
0.263,0.887
0.263,0.887
0.263,0.887
0.263,0.887
0.263,0.887
0.263,0.887
0.263,0.887
0.263,0.887
0.263,0.887
0.263,0.887
0.263,0.887
0.263,0.887
0.263,0.887
0.263,0.887
0.263,0.887
0.263,0.887
0.263,0.887
0.263,0.887
0.263,0.887
0.263,0.887
0.263,0.887
0.263,0.887
0.263,0.887
0.263,0.887
0.263,0.887
0.263,0.887
0.263,0.887
0.263,0.887
0.263,0.887
0.263,0.887
0.263,0.887
0.263,0.887
0.263,0.887
0.263,0.887
0.263,0.887
0.263,0.887
0.263,0.887
0.263,0.887
0.263,0.887
0.263,0.887
0.263,0.887
0.263,0.887
0.263,0.887
0.263,0.887
0.263,0.887
0.263,0.887
0.263,0.887
0.263,0.887
0.263,0.887
0.263,0.887
0.263,0.887
0.263,0.887
0.263,0.887
0.263,0.887
0.263,0.887
0.263,0.887
0.263,0.887
0.263,0.887
0.263,0.887
0.263,0.887
0.263,0.887
0.263,0.887
0.263,0.887
0.263,0.887
0.263,0.887
0.263,0.887
0.263,0.887
0.263,0.887
0.263,0.887
0.263,0.887
0.263,0.887
0.263,0.887
0.263,0.887
0.263,0.887
0.263,0.887
0.263,0.887
0.263,0.887
0.263,0.887
0.263,0.887
0.263,0.887
0.263,0.887
0.263,0.887
0.263,0.887
0.263,0.887
0.263,0.887
0.263,0.887
0.263,0.887
0.263,0.887
0.263,0.887
0.263,0.887
0.263,0.887
0.263,0.887
0.263,0.887
0.263,0.887
0.263,0.887
0.263,0.887
0.263,0.887
0.263,0.887
0.263,0.887
0.263,0.887
0.263,0.887
0.263,0.887
0.263,0.887
0.263,0.887
0.263,0.887
0.263,0.887
0.263,0.887
0.263,0.887
0.263,0.887
0.263,0.887
0.263,0.887
0.263,0.887
0.263,0.887
0.263,0.887
0.263,0.887
0.263,0.887
0.263,0.887
0.263,0.887
0.263,0.887
0.263,0.887
0.263,0.887
0.263,0.887
0.263,0.887
0.263,0.887
0.263,0.887
0.263,0.887
0.263,0.887
0.263,0.887
0.263,0.887
0.263,0.887
0.263,0.887
0.263,0.887
0.263,0.887
0.263,0.887
0.263,0.887
0.263,0.887
0.263,0.887
0.263,0.887
0.263,0.887
0.263,0.887
0.263,0.887
0.263,0.887
0.263,0.887
0.263,0.887
0.263,0.887
0.263,0.887
0.263,0.887
0.263,0.887
0.263,0.887
0.263,0.887
0.263,0.887
0.263,0.887
0.263,0.887
0.263,0.887
0.263,0.887
0.263,0.887
0.263,0.887
0.263,0.887
0.263,0.887
0.263,0.887
0.263,0.887
0.263,0.887
0.263,0.887
0.263,0.887
0.263,0.887
0.263,0.887
0.263,0.887
0.263,0.887
0.263,0.887
0.263,0.887
0.263,0.887
0.263,0.887
0.263,0.887
0.263,0.887
0.263,0.887
0.263,0.887
0.263,0.887
0.263,0.887
0.263,0.887
0.263,0.887
0.263,0.887
0.263,0.887
0.263,0.887
0.263,0.887
0.263,0.887
0.263,0.887
0.263,0.887
0.263,0.887
0.263,0.887
0.263,0.887
0.263,0.887
0.263,0.887
0.263,0.887
0.263,0.887
0.263,0.887
0.263,0.887
0.263,0.887
0.263,0.887
0.263,0.887
0.263,0.887
0.263,0.887
0.263,0.887
0.263,0.887
0.263,0.887
0.263,0.887
0.263,0.887
0.263,0.887
0.263,0.887
0.263,0.887
0.263,0.887
0.263,0.887
0.263,0.887
0.263,0.887
0.263,0.887
0.263,0.887
0.263,0.887
0.263,0.887
0.263,0.887
0.263,0.887
0.263,0.887
0.263,0.887
0.263,0.887
0.263,0.887
0.263,0.887
0.263,0.887
0.263,0.887
0.263,0.887
0.263,0.887
0.263,0.887
0.263,0.887
0.263,0.887
0.263,0.887
0.263,0.887
0.263,0.887
0.263,0.887
0.263,0.887
0.263,0.887
0.263,0.887
0.263,0.887
0.263,0.887
0.263,0.887
0.263,0.887
0.263,0.887
0.263,0.887
0.263,0.887
0.263,0.887
0.263,0.887
0.263,0.887
0.263,0.887
0.263,0.887
0.263,0.887
0.263,0.887
0.263,0.887
0.263,0.887
0.263,0.887
0.263,0.887
0.263,0.887
0.263,0.887
0.263,0.887
0.263,0.887
0.263,0.887
0.263,0.887
0.263,0.887
0.263,0.887
0.263,0.887
0.263,0.887
0.263,0.887
0.263,0.887
0.263,0.887
0.263,0.887
0.263,0.887
0.263,0.887
0.263,0.887
0.263,0.887
0.263,0.887
0.263,0.887
0.263,0.887
0.263,0.887
0.263,0.887
0.263,0.887
0.263,0.887
0.263,0.887
0.263,0.887
0.263,0.887
0.263,0.887
0.263,0.887
0.263,0.887
0.263,0.887
0.263,0.887
0.263,0.887
0.263,0.887
0.263,0.887
0.263,0.887
0.263,0.887
0.263,0.887
0.263,0.887
0.263,0.887
0.263,0.887
0.263,0.887
0.263,0.887
0.263,0.887
0.263,0.887
0.263,0.887
0.263,0.887
0.263,0.887
0.263,0.887
0.263,0.887
0.263,0.887
0.263,0.887
0.263,0.887
0.263,0.887
0.263,0.887
0.263,0.887
0.263,0.887
0.263,0.887
0.263,0.887
0.263,0.887
0.263,0.887
0.263,0.887
0.263,0.887
0.263,0.887
0.263,0.887
0.263,0.887
0.263,0.887
0.263,0.887
0.263,0.887
0.263,0.887
0.263,0.887
0.263,0.887
0.263,0.887
0.263,0.887
0.263,0.887
0.263,0.887
0.263,0.887
0.263,0.887
0.263,0.887
0.263,0.887
0.263,0.887
0.263,0.887
0.263,0.887
0.263,0.887
0.263,0.887
0.263,0.887
0.263,0.887
0.263,0.887
0.263,0.887
0.263,0.887
0.263,0.887
0.263,0.887
0.263,0.887
0.263,0.887
0.263,0.887
0.263,0.887
0.263,0.887
0.263,0.887
0.263,0.887
0.263,0.887
0.263,0.887
0.263,0.887
0.263,0.887
0.263,0.887
0.263,0.887
0.263,0.887
0.263,0.887
0.263,0.887
0.263,0.887
0.263,0.887
0.263,0.887
0.263,0.887
0.263,0.887
0.263,0.887
0.263,0.887
0.263,0.887
0.263,0.887
0.263,0.887
0.263,0.887
0.263,0.887
0.263,0.887
0.263,0.887
0.263,0.887
0.263,0.887
0.263,0.887
0.263,0.887
0.263,0.887
0.263,0.887
0.263,0.887
0.263,0.887
0.263,0.887
0.263,0.887
0.263,0.887
0.263,0.887
0.263,0.887
0.263,0.887
0.263,0.887
0.263,0.887
0.263,0.887
0.263,0.887
0.263,0.887
0.263,0.887
0.263,0.887
0.263,0.887
0.263,0.887
0.263,0.887
0.263,0.887
0.263,0.887
0.263,0.887
0.263,0.887
0.263,0.887
0.263,0.887
0.263,0.887
0.263,0.887
0.263,0.887
0.263,0.887
0.263,0.887
0.263,0.887
0.263,0.887
0.263,0.887
0.263,0.887
0.263,0.887
0.263,0.887
0.263,0.887
0.263,0.887
0.263,0.887
0.263,0.887
0.263,0.887
0.263,0.887
0.263,0.887
0.263,0.887
0.263,0.887
0.263,0.887
0.263,0.887
0.263,0.887
0.263,0.887
0.263,0.887
0.263,0.887
0.263,0.887
0.263,0.887
0.263,0.887
0.263,0.887
0.263,0.887
0.263,0.887
0.263,0.887
0.263,0.887
0.263,0.887
0.263,0.887
0.263,0.887
0.263,0.887
0.263,0.887
0.263,0.887
0.263,0.887
0.263,0.887
0.263,0.887
0.263,0.887
0.263,0.887
0.263,0.887
0.263,0.887
0.263,0.887
0.263,0.887
0.263,0.887
0.263,0.887
0.263,0.887
0.263,0.887
0.263,0.887
0.263,0.887
0.263,0.887
0.263,0.887
0.263,0.887
0.263,0.887
0.263,0.887
0.263,0.887
0.263,0.887
0.263,0.887
0.263,0.887
0.263,0.887
0.263,0.887
0.263,0.887
0.263,0.887
0.263,0.887
0.263,0.887
0.263,0.887
0.263,0.887
0.263,0.887
0.263,0.887
0.263,0.887
0.263,0.887
0.263,0.887
0.263,0.887
0.263,0.887
0.263,0.887
0.263,0.887
0.263,0.887
0.263,0.887
0.263,0.887
0.263,0.887
0.263,0.887
0.263,0.887
0.263,0.887
0.263,0.887
0.263,0.887
0.263,0.887
0.263,0.887
0.263,0.887
0.263,0.887
0.263,0.887
0.263,0.887
0.263,0.887
0.263,0.887
0.263,0.887
0.263,0.887
0.263,0.887
0.263,0.887
0.263,0.887
0.263,0.887
0.263,0.887
0.263,0.887
0.263,0.887
0.263,0.887
0.263,0.887
0.263,0.887
0.263,0.887
0.263,0.887
0.263,0.887
0.263,0.887
0.263,0.887
0.263,0.887
0.263,0.887
0.263,0.887
0.263,0.887
0.263,0.887
0.263,0.887
0.263,0.887
0.263,0.887
0.263,0.887
0.263,0.887
0.263,0.887
0.263,0.887
0.263,0.887
0.263,0.887
0.263,0.887
0.263,0.887
0.263,0.887
0.263,0.887
0.263,0.887
0.263,0.887
0.263,0.887
0.263,0.887
0.263,0.887
0.263,0.887
0.263,0.887
0.263,0.887
0.263,0.887
0.263,0.887
0.263,0.887
0.263,0.887
0.263,0.887
0.263,0.887
0.263,0.887
0.263,0.887
0.263,0.887
0.263,0.887
0.263,0.887
0.263,0.887
0.263,0.887
0.263,0.887
0.263,0.887
0.263,0.887
0.263,0.887
0.263,0.887
0.263,0.887
0.263,0.887
0.263,0.887
0.263,0.887
0.263,0.887
0.263,0.887
0.263,0.887
0.263,0.887
0.263,0.887
0.263,0.887
0.263,0.887
0.263,0.887
0.263,0.887
0.263,0.887
0.263,0.887
0.263,0.887
0.263,0.887
0.263,0.887
0.263,0.887
0.263,0.887
0.263,0.887
0.263,0.887
0.263,0.887
0.263,0.887
0.263,0.887
0.263,0.887
0.263,0.887
0.263,0.887
0.263,0.887
0.263,0.887
0.263,0.887
0.263,0.887
0.263,0.887
0.263,0.887
0.263,0.887
0.263,0.887
0.263,0.887
0.263,0.887
0.263,0.887
0.263,0.887
0.263,0.887
0.263,0.887
0.263,0.887
0.263,0.887
0.263,0.887
0.263,0.887
0.263,0.887
0.263,0.887
0.263,0.887
0.263,0.887
0.263,0.887
0.263,0.887
0.263,0.887
0.263,0.887
0.263,0.887
0.263,0.887
0.263,0.887
0.263,0.887
0.263,0.887
0.263,0.887
0.263,0.887
0.263,0.887
0.263,0.887
0.263,0.887
0.263,0.887
0.263,0.887
0.263,0.887
0.263,0.887
0.263,0.887
0.263,0.887
0.263,0.887
0.263,0.887
0.263,0.887
0.263,0.887
0.263,0.887
0.263,0.887
0.263,0.887
0.263,0.887
0.263,0.887
0.263,0.887
0.263,0.887
0.263,0.887
0.263,0.887
0.263,0.887
0.263,0.887
0.263,0.887
0.263,0.887
0.263,0.887
0.263,0.887
0.263,0.887
0.263,0.887
0.263,0.887
0.263,0.887
0.263,0.887
0.263,0.887
0.263,0.887
0.263,0.887
0.263,0.887
0.263,0.887
0.263,0.887
0.263,0.887
0.263,0.887
0.263,0.887
0.263,0.887
0.263,0.887
0.263,0.887
0.263,0.887
0.263,0.887
0.263,0.887
0.263,0.887
0.263,0.887
0.263,0.887
0.263,0.887
0.263,0.887
0.263,0.887
0.263,0.887
0.263,0.887
0.263,0.887
0.263,0.887
0.263,0.887
0.263,0.887
0.263,0.887
0.263,0.887
0.263,0.887
0.263,0.887
0.263,0.887
0.263,0.887
0.263,0.887
0.263,0.887
0.263,0.887
0.263,0.887
0.263,0.887
0.263,0.887
0.263,0.887
0.263,0.887
0.263,0.887
0.263,0.887
0.263,0.887
0.263,0.887
0.263,0.887
0.263,0.887
0.263,0.887
0.263,0.887
0.263,0.887
0.263,0.887
0.263,0.887
0.263,0.887
0.263,0.887
0.263,0.887
0.263,0.887
0.263,0.887
0.263,0.887
0.263,0.887
0.263,0.887
0.263,0.887
0.263,0.887
0.263,0.887
0.263,0.887
0.263,0.887
0.263,0.887
0.263,0.887
0.263,0.887
0.263,0.887
0.263,0.887
0.263,0.887
0.263,0.887
0.263,0.887
0.263,0.887
0.263,0.887
0.263,0.887
0.263,0.887
0.263,0.887
0.263,0.887
0.263,0.887
0.263,0.887
0.263,0.887
0.263,0.887
0.263,0.887
0.263,0.887
0.263,0.887
0.263,0.887
0.263,0.887
0.263,0.887
0.263,0.887
0.263,0.887
0.263,0.887
0.263,0.887
0.263,0.887
0.263,0.887
0.263,0.887
0.263,0.887
0.263,0.887
0.263,0.887
0.263,0.887
0.263,0.887
0.263,0.887
0.263,0.887
0.263,0.887
0.263,0.887
0.263,0.887
0.263,0.887
0.263,0.887
0.263,0.887
0.263,0.887
0.263,0.887
0.263,0.887
0.263,0.887
0.263,0.887
0.263,0.887
0.263,0.887
0.263,0.887
0.263,0.887
0.263,0.887
0.263,0.887
0.263,0.887
0.263,0.887
0.263,0.887
0.263,0.887
0.263,0.887
0.263,0.887
0.263,0.887
0.263,0.887
0.263,0.887
0.263,0.887
0.263,0.887
0.263,0.887
0.263,0.887
0.263,0.887
0.263,0.887
0.263,0.887
0.263,0.887
0.263,0.887
0.263,0.887
0.263,0.887
0.263,0.887
0.263,0.887
0.263,0.887
0.263,0.887
0.263,0.887
0.263,0.887
0.263,0.887
0.263,0.887
0.263,0.887
0.263,0.887
0.263,0.887
0.263,0.887
0.263,0.887
0.263,0.887
0.263,0.887
0.263,0.887
0.263,0.887
0.263,0.887
0.263,0.887
0.263,0.887
0.263,0.887
0.263,0.887
0.263,0.887
0.263,0.887
0.263,0.887
0.263,0.887
0.263,0.887
0.263,0.887
0.263,0.887
0.263,0.887
0.263,0.887
0.263,0.887
0.263,0.887
0.263,0.887
0.263,0.887
0.263,0.887
0.263,0.887
0.263,0.887
0.263,0.887
0.263,0.887
0.263,0.887
0.263,0.887
0.263,0.887
0.263,0.887
0.263,0.887
0.263,0.887
0.263,0.887
0.263,0.887
0.263,0.887
0.263,0.887
0.263,0.887
0.263,0.887
0.263,0.887
0.263,0.887
0.263,0.887
0.263,0.887
0.263,0.887
0.263,0.887
0.263,0.887
0.263,0.887
0.263,0.887
0.263,0.887
0.263,0.887
0.263,0.887
0.263,0.887
0.263,0.887
0.263,0.887
0.263,0.887
0.263,0.887
0.263,0.887
0.263,0.887
0.263,0.887
0.263,0.887
0.263,0.887
0.263,0.887
0.263,0.887
0.263,0.887
0.263,0.887
0.263,0.887
0.263,0.887
0.263,0.887
0.263,0.887
0.263,0.887
0.263,0.887
0.263,0.887
0.263,0.887
0.263,0.887
0.263,0.887
0.263,0.887
0.263,0.887
0.263,0.887
0.263,0.887
0.263,0.887
0.263,0.887
0.263,0.887
0.263,0.887
0.263,0.887
0.263,0.887
0.263,0.887
0.263,0.887
0.263,0.887
0.263,0.887
0.263,0.887
0.263,0.887
0.263,0.887
0.263,0.887
0.263,0.887
0.263,0.887
0.263,0.887
0.263,0.887
0.263,0.887
0.263,0.887
0.263,0.887
0.263,0.887
0.263,0.887
0.263,0.887
0.263,0.887
0.263,0.887
0.263,0.887
0.263,0.887
0.263,0.887
0.263,0.887
0.263,0.887
0.263,0.887
0.263,0.887
0.263,0.887
0.263,0.887
0.263,0.887
0.263,0.887
0.263,0.887
0.263,0.887
0.263,0.887
0.263,0.887
0.263,0.887
0.263,0.887
0.263,0.887
0.263,0.887
0.263,0.887
0.263,0.887
0.263,0.887
0.263,0.887
0.263,0.887
0.263,0.887
0.263,0.887
0.263,0.887
0.263,0.887
0.263,0.887
0.263,0.887
0.263,0.887
0.263,0.887
0.263,0.887
0.263,0.887
0.263,0.887
0.263,0.887
0.263,0.887
0.263,0.887
0.263,0.887
0.263,0.887
0.263,0.887
0.263,0.887
0.263,0.887
0.263,0.887
0.263,0.887
0.263,0.887
0.263,0.887
0.263,0.887
0.263,0.887
0.263,0.887
0.263,0.887
0.263,0.887
0.263,0.887
0.263,0.887
0.263,0.887
0.263,0.887
0.263,0.887
0.263,0.887
0.263,0.887
0.263,0.887
0.263,0.887
0.263,0.887
0.263,0.887
0.263,0.887
0.263,0.887
0.263,0.887
0.263,0.887
0.263,0.887
0.263,0.887
0.263,0.887
0.263,0.887
0.263,0.887
0.263,0.887
0.263,0.887
0.263,0.887
0.263,0.887
0.263,0.887
0.263,0.887
0.263,0.887
0.263,0.887
0.263,0.887
0.263,0.887
0.263,0.887
0.263,0.887
0.263,0.887
0.263,0.887
0.263,0.887
0.263,0.887
0.263,0.887
0.263,0.887
0.263,0.887
0.263,0.887
0.263,0.887
0.263,0.887
0.263,0.887
0.263,0.887
0.263,0.887
0.263,0.887
0.263,0.887
0.263,0.887
0.263,0.887
0.263,0.887
0.263,0.887
0.263,0.887
0.263,0.887
0.263,0.887
0.263,0.887
0.263,0.887
0.263,0.887
0.263,0.887
0.263,0.887
0.263,0.887
0.263,0.887
0.263,0.887
0.263,0.887
0.263,0.887
0.263,0.887
0.263,0.887
0.263,0.887
0.263,0.887
0.263,0.887
0.263,0.887
0.263,0.887
0.263,0.887
0.263,0.887
0.263,0.887
0.263,0.887
0.263,0.887
0.263,0.887
0.263,0.887
0.263,0.887
0.263,0.887
0.263,0.887
0.263,0.887
0.263,0.887
0.263,0.887
0.263,0.887
0.263,0.887
0.263,0.887
0.263,0.887
0.263,0.887
0.263,0.887
0.263,0.887
0.263,0.887
0.263,0.887
0.263,0.887
0.263,0.887
0.263,0.887
0.263,0.887
0.263,0.887
0.263,0.887
0.263,0.887
0.263,0.887
0.263,0.887
0.263,0.887
0.263,0.887
0.263,0.887
0.263,0.887
0.263,0.887
0.263,0.887
0.263,0.887
0.263,0.887
0.263,0.887
0.263,0.887
0.263,0.887
0.263,0.887
0.263,0.887
0.263,0.887
0.263,0.887
0.263,0.887
0.263,0.887
0.263,0.887
0.263,0.887
0.263,0.887
0.263,0.887
0.263,0.887
0.263,0.887
0.263,0.887
0.263,0.887
0.263,0.887
0.263,0.887
0.263,0.887
0.263,0.887
0.263,0.887
0.263,0.887
0.263,0.887
0.263,0.887
0.263,0.887
0.263,0.887
0.263,0.887
0.263,0.887
0.263,0.887
0.263,0.887
0.263,0.887
0.263,0.887
0.263,0.887
0.263,0.887
0.263,0.887
0.263,0.887
0.263,0.887
0.263,0.887
0.263,0.887
0.263,0.887
0.263,0.887
0.263,0.887
0.263,0.887
0.263,0.887
0.263,0.887
0.263,0.887
0.263,0.887
0.263,0.887
0.263,0.887
0.263,0.887
0.263,0.887
0.263,0.887
0.263,0.887
0.263,0.887
0.263,0.887
0.263,0.887
0.263,0.887
0.263,0.887
0.263,0.887
0.263,0.887
0.263,0.887
0.263,0.887
0.263,0.887
0.263,0.887
0.263,0.887
0.263,0.887
0.263,0.887
0.263,0.887
0.263,0.887
0.263,0.887
0.263,0.887
0.263,0.887
0.263,0.887
0.263,0.887
0.263,0.887
0.263,0.887
0.263,0.887
0.263,0.887
0.263,0.887
0.263,0.887
0.263,0.887
0.263,0.887
0.263,0.887
0.263,0.887
0.263,0.887
0.263,0.887
0.263,0.887
0.263,0.887
0.263,0.887
0.263,0.887
0.263,0.887
0.263,0.887
0.263,0.887
0.263,0.887
0.263,0.887
0.263,0.887
0.263,0.887
0.263,0.887
0.263,0.887
0.263,0.887
0.263,0.887
0.263,0.887
0.263,0.887
0.263,0.887
0.263,0.887
0.263,0.887
0.263,0.887
0.263,0.887
0.263,0.887
0.263,0.887
0.263,0.887
0.263,0.887
0.263,0.887
0.263,0.887
0.263,0.887
0.263,0.887
0.263,0.887
0.263,0.887
0.263,0.887
0.263,0.887
0.263,0.887
0.263,0.887
0.263,0.887
0.263,0.887
0.263,0.887
0.263,0.887
0.263,0.887
0.263,0.887
0.263,0.887
0.263,0.887
0.263,0.887
0.263,0.887
0.263,0.887
0.263,0.887
0.263,0.887
0.263,0.887
0.263,0.887
0.263,0.887
0.263,0.887
0.263,0.887
0.263,0.887
0.263,0.887
0.263,0.887
0.263,0.887
0.263,0.887
0.263,0.887
0.263,0.887
0.263,0.887
0.263,0.887
0.263,0.887
0.263,0.887
0.263,0.887
0.263,0.887
0.263,0.887
0.263,0.887
0.263,0.887
0.263,0.887
0.263,0.887
0.263,0.887
0.263,0.887
0.263,0.887
0.263,0.887
0.263,0.887
0.263,0.887
0.263,0.887
0.263,0.887
0.263,0.887
0.263,0.887
0.263,0.887
0.263,0.887
0.263,0.887
0.263,0.887
0.263,0.887
0.263,0.887
0.263,0.887
0.263,0.887
0.263,0.887
0.263,0.887
0.263,0.887
0.263,0.887
0.263,0.887
0.263,0.887
0.263,0.887
0.263,0.887
0.263,0.887
0.263,0.887
0.263,0.887
0.263,0.887
0.263,0.887
0.263,0.887
0.263,0.887
0.263,0.887
0.263,0.887
0.263,0.887
0.263,0.887
0.263,0.887
0.263,0.887
0.263,0.887
0.263,0.887
0.263,0.887
0.263,0.887
0.263,0.887
0.263,0.887
0.263,0.887
0.263,0.887
0.263,0.887
0.263,0.887
0.263,0.887
0.263,0.887
0.263,0.887
0.263,0.887
0.263,0.887
0.263,0.887
0.263,0.887
0.263,0.887
0.263,0.887
0.263,0.887
0.263,0.887
0.263,0.887
0.263,0.887
0.263,0.887
0.263,0.887
0.263,0.887
0.263,0.887
0.263,0.887
0.263,0.887
0.263,0.887
0.263,0.887
0.263,0.887
0.263,0.887
0.263,0.887
0.263,0.887
0.263,0.887
0.263,0.887
0.263,0.887
0.263,0.887
0.263,0.887
0.263,0.887
0.263,0.887
0.263,0.887
0.263,0.887
0.263,0.887
0.263,0.887
0.263,0.887
0.263,0.887
0.263,0.887
0.263,0.887
0.263,0.887
0.263,0.887
0.263,0.887
0.263,0.887
0.263,0.887
0.263,0.887
0.263,0.887
0.263,0.887
0.263,0.887
0.263,0.887
0.263,0.887
0.263,0.887
0.263,0.887
0.263,0.887
0.263,0.887
0.263,0.887
0.263,0.887
0.263,0.887
0.263,0.887
0.263,0.887
0.263,0.887
0.263,0.887
0.263,0.887
0.263,0.887
0.263,0.887
0.263,0.887
0.263,0.887
0.263,0.887
0.263,0.887
0.263,0.887
0.263,0.887
0.263,0.887
0.263,0.887
0.263,0.887
0.263,0.887
0.263,0.887
0.263,0.887
0.263,0.887
0.263,0.887
0.263,0.887
0.263,0.887
0.263,0.887
0.263,0.887
0.263,0.887
0.263,0.887
0.263,0.887
0.263,0.887
0.263,0.887
0.263,0.887
0.263,0.887
0.263,0.887
0.263,0.887
0.263,0.887
0.263,0.887
0.263,0.887
0.263,0.887
0.263,0.887
0.263,0.887
0.263,0.887
0.263,0.887
0.263,0.887
0.263,0.887
0.263,0.887
0.263,0.887
0.263,0.887
0.263,0.887
0.263,0.887
0.263,0.887
0.263,0.887
0.263,0.887
0.263,0.887
0.263,0.887
0.263,0.887
0.263,0.887
0.263,0.887
0.263,0.887
0.263,0.887
0.263,0.887
0.263,0.887
0.263,0.887
0.263,0.887
0.263,0.887
0.263,0.887
0.263,0.887
0.263,0.887
0.263,0.887
0.263,0.887
0.263,0.887
0.263,0.887
0.263,0.887
0.263,0.887
0.263,0.887
0.263,0.887
0.263,0.887
0.263,0.887
0.263,0.887
0.263,0.887
0.263,0.887
0.263,0.887
0.263,0.887
0.263,0.887
0.263,0.887
0.263,0.887
0.263,0.887
0.263,0.887
0.263,0.887
0.263,0.887
0.263,0.887
0.263,0.887
0.263,0.887
0.263,0.887
0.263,0.887
0.263,0.887
0.263,0.887
0.263,0.887
0.263,0.887
0.263,0.887
0.263,0.887
0.263,0.887
0.263,0.887
0.263,0.887
0.263,0.887
0.263,0.887
0.263,0.887
0.263,0.887
0.263,0.887
0.263,0.887
0.263,0.887
0.263,0.887
0.263,0.887
0.263,0.887
0.263,0.887
0.263,0.887
0.263,0.887
0.263,0.887
0.263,0.887
0.263,0.887
0.263,0.887
0.263,0.887
0.263,0.887
0.263,0.887
0.263,0.887
0.263,0.887
0.263,0.887
0.263,0.887
0.263,0.887
0.263,0.887
0.263,0.887
0.263,0.887
0.263,0.887
0.263,0.887
0.263,0.887
0.263,0.887
0.263,0.887
0.263,0.887
0.263,0.887
0.263,0.887
0.263,0.887
0.263,0.887
0.263,0.887
0.263,0.887
0.263,0.887
0.263,0.887
0.263,0.887
0.263,0.887
0.263,0.887
0.263,0.887
0.263,0.887
0.263,0.887
0.263,0.887
0.263,0.887
0.263,0.887
0.263,0.887
0.263,0.887
0.263,0.887
0.263,0.887
0.263,0.887
0.263,0.887
0.263,0.887
0.263,0.887
0.263,0.887
0.263,0.887
0.263,0.887
0.263,0.887
0.263,0.887
0.263,0.887
0.263,0.887
0.263,0.887
0.263,0.887
0.263,0.887
0.263,0.887
0.263,0.887
0.263,0.887
0.263,0.887
0.263,0.887
0.263,0.887
0.263,0.887
0.263,0.887
0.263,0.887
0.263,0.887
0.263,0.887
0.263,0.887
0.263,0.887
0.263,0.887
0.263,0.887
0.263,0.887
0.263,0.887
0.263,0.887
0.263,0.887
0.263,0.887
0.263,0.887
0.263,0.887
0.263,0.887
0.263,0.887
0.263,0.887
0.263,0.887
0.263,0.887
0.263,0.887
0.263,0.887
0.263,0.887
0.263,0.887
0.263,0.887
0.263,0.887
0.263,0.887
0.263,0.887
0.263,0.887
0.263,0.887
0.263,0.887
0.263,0.887
0.263,0.887
0.263,0.887
0.263,0.887
0.263,0.887
0.263,0.887
0.263,0.887
0.263,0.887
0.263,0.887
0.263,0.887
0.263,0.887
0.263,0.887
0.263,0.887
0.263,0.887
0.263,0.887
0.263,0.887
0.263,0.887
0.263,0.887
0.263,0.887
0.263,0.887
0.263,0.887
0.263,0.887
0.263,0.887
0.263,0.887
0.263,0.887
0.263,0.887
0.263,0.887
0.263,0.887
0.263,0.887
0.263,0.887
0.263,0.887
0.263,0.887
0.263,0.887
0.263,0.887
0.263,0.887
0.263,0.887
0.263,0.887
0.263,0.887
0.263,0.887
0.263,0.887
0.263,0.887
0.263,0.887
0.263,0.887
0.263,0.887
0.263,0.887
0.263,0.887
0.263,0.887
0.263,0.887
0.263,0.887
0.263,0.887
0.263,0.887
0.263,0.887
0.263,0.887
0.263,0.887
0.263,0.887
0.263,0.887
0.263,0.887
0.263,0.887
0.263,0.887
0.263,0.887
0.263,0.887
0.263,0.887
0.263,0.887
0.263,0.887
0.263,0.887
0.263,0.887
0.263,0.887
0.263,0.887
0.263,0.887
0.263,0.887
0.263,0.887
0.263,0.887
0.263,0.887
0.263,0.887
0.263,0.887
0.263,0.887
0.263,0.887
0.263,0.887
0.263,0.887
0.263,0.887
0.263,0.887
0.263,0.887
0.263,0.887
0.263,0.887
0.263,0.887
0.263,0.887
0.263,0.887
0.263,0.887
0.263,0.887
0.263,0.887
0.263,0.887
0.263,0.887
0.263,0.887
0.263,0.887
0.263,0.887
0.263,0.887
0.263,0.887
0.263,0.887
0.263,0.887
0.263,0.887
0.263,0.887
0.263,0.887
0.263,0.887
0.263,0.887
0.263,0.887
0.263,0.887
0.263,0.887
0.263,0.887
0.263,0.887
0.263,0.887
0.263,0.887
0.263,0.887
0.263,0.887
0.263,0.887
0.263,0.887
0.263,0.887
0.263,0.887
0.263,0.887
0.263,0.887
0.263,0.887
0.263,0.887
0.263,0.887
0.263,0.887
0.263,0.887
0.263,0.887
0.263,0.887
0.263,0.887
0.263,0.887
0.263,0.887
0.263,0.887
0.263,0.887
0.263,0.887
0.263,0.887
0.263,0.887
0.263,0.887
0.263,0.887
0.263,0.887
0.263,0.887
0.263,0.887
0.263,0.887
0.263,0.887
0.263,0.887
0.263,0.887
0.263,0.887
0.263,0.887
0.263,0.887
0.263,0.887
0.263,0.887
0.263,0.887
0.263,0.887
0.263,0.887
0.263,0.887
0.263,0.887
0.263,0.887
0.263,0.887
0.263,0.887
0.263,0.887
0.263,0.887
0.263,0.887
0.263,0.887
0.263,0.887
0.263,0.887
0.263,0.887
0.263,0.887
0.263,0.887
0.263,0.887
0.263,0.887
0.263,0.887
0.263,0.887
0.263,0.887
0.263,0.887
0.263,0.887
0.263,0.887
0.263,0.887
0.263,0.887
0.263,0.887
0.263,0.887
0.263,0.887
0.263,0.887
0.263,0.887
0.263,0.887
0.263,0.887
0.263,0.887
0.263,0.887
0.263,0.887
0.263,0.887
0.263,0.887
0.263,0.887
0.263,0.887
0.263,0.887
0.263,0.887
0.263,0.887
0.263,0.887
0.263,0.887
0.263,0.887
0.263,0.887
0.263,0.887
0.263,0.887
0.263,0.887
0.263,0.887
0.263,0.887
0.263,0.887
0.263,0.887
0.263,0.887
0.263,0.887
0.263,0.887
0.263,0.887
0.263,0.887
0.263,0.887
0.263,0.887
0.263,0.887
0.263,0.887
0.263,0.887
0.263,0.887
0.263,0.887
0.263,0.887
0.263,0.887
0.263,0.887
0.263,0.887
0.263,0.887
0.263,0.887
0.263,0.887
0.263,0.887
0.263,0.887
0.263,0.887
0.263,0.887
0.263,0.887
0.263,0.887
0.263,0.887
0.263,0.887
0.263,0.887
0.263,0.887
0.263,0.887
0.263,0.887
0.263,0.887
0.263,0.887
0.263,0.887
0.263,0.887
0.263,0.887
0.263,0.887
0.263,0.887
0.263,0.887
0.263,0.887
0.263,0.887
0.263,0.887
0.263,0.887
0.263,0.887
0.263,0.887
0.263,0.887
0.263,0.887
0.263,0.887
0.263,0.887
0.263,0.887
0.263,0.887
0.263,0.887
0.263,0.887
0.263,0.887
0.263,0.887
0.262,0.887
0.262,0.887
0.262,0.887
0.262,0.887
0.262,0.887
0.262,0.887
0.262,0.887
0.262,0.887
0.262,0.887
0.262,0.887
0.262,0.887
0.262,0.887
0.262,0.887
0.262,0.887
0.262,0.887
0.262,0.887
0.262,0.887
0.262,0.887
0.262,0.887
0.262,0.887
0.262,0.887
0.262,0.887
0.262,0.887
0.262,0.887
0.262,0.887
0.262,0.887
0.262,0.887
0.262,0.887
0.262,0.887
0.262,0.887
0.262,0.887
0.262,0.887
0.262,0.887
0.262,0.887
0.262,0.887
0.262,0.887
0.262,0.887
0.262,0.887
0.262,0.887
0.262,0.887
0.262,0.887
0.262,0.887
0.262,0.887
0.262,0.887
0.262,0.887
0.262,0.887
0.262,0.887
0.262,0.887
0.262,0.887
0.262,0.887
0.262,0.887
0.262,0.887
0.262,0.887
0.262,0.887
0.262,0.887
0.262,0.887
0.262,0.887
0.262,0.887
0.262,0.887
0.262,0.887
0.262,0.887
0.262,0.887
0.262,0.887
0.262,0.887
0.262,0.887
0.262,0.887
0.262,0.887
0.262,0.887
0.262,0.887
0.262,0.887
0.262,0.887
0.262,0.887
0.262,0.887
0.262,0.887
0.262,0.887
0.262,0.887
0.262,0.887
0.262,0.887
0.262,0.887
0.262,0.887
0.262,0.887
0.262,0.887
0.262,0.887
0.262,0.887
0.262,0.887
0.262,0.887
0.262,0.887
0.262,0.887
0.262,0.887
0.262,0.887
0.262,0.887
0.262,0.887
0.262,0.887
0.262,0.887
0.262,0.887
0.262,0.887
0.262,0.887
0.262,0.887
0.262,0.887
0.262,0.887
0.262,0.887
0.262,0.887
0.262,0.887
0.262,0.887
0.262,0.887
0.262,0.887
0.262,0.887
0.262,0.887
0.262,0.887
0.262,0.887
0.262,0.887
0.262,0.887
0.262,0.887
0.262,0.887
0.262,0.887
0.262,0.887
0.262,0.887
0.262,0.887
0.262,0.887
0.262,0.887
0.262,0.887
0.262,0.887
0.262,0.887
0.262,0.887
0.262,0.887
0.262,0.887
0.262,0.887
0.262,0.887
0.262,0.887
0.262,0.887
0.262,0.887
0.262,0.887
0.262,0.887
0.262,0.887
0.262,0.887
0.262,0.887
0.262,0.887
0.262,0.887
0.262,0.887
0.262,0.887
0.262,0.887
0.262,0.887
0.262,0.887
0.262,0.887
0.262,0.887
0.262,0.887
0.262,0.887
0.262,0.887
0.262,0.887
0.262,0.887
0.262,0.887
0.262,0.887
0.262,0.887
0.262,0.887
0.262,0.887
0.262,0.887
0.262,0.887
0.262,0.887
0.262,0.887
0.262,0.887
0.262,0.887
0.262,0.887
0.262,0.887
0.262,0.887
0.262,0.887
0.262,0.887
0.262,0.887
0.262,0.887
0.262,0.887
0.262,0.887
0.262,0.887
0.262,0.887
0.262,0.887
0.262,0.887
0.262,0.887
0.262,0.887
0.262,0.887
0.262,0.887
0.262,0.887
0.262,0.887
0.262,0.887
0.262,0.887
0.262,0.887
0.262,0.887
0.262,0.887
0.262,0.887
0.262,0.887
0.262,0.887
0.262,0.887
0.262,0.887
0.262,0.887
0.262,0.887
0.262,0.887
0.262,0.887
0.262,0.887
0.262,0.887
0.262,0.887
0.262,0.887
0.262,0.887
0.262,0.887
0.262,0.887
0.262,0.887
0.262,0.887
0.262,0.887
0.262,0.887
0.262,0.887
0.262,0.887
0.262,0.887
0.262,0.887
0.262,0.887
0.262,0.887
0.262,0.887
0.262,0.887
0.262,0.887
0.262,0.887
0.262,0.887
0.262,0.887
0.262,0.887
0.262,0.887
0.262,0.887
0.262,0.887
0.262,0.887
0.262,0.887
0.262,0.887
0.262,0.887
0.262,0.887
0.262,0.887
0.262,0.887
0.262,0.887
0.262,0.887
0.262,0.887
0.262,0.887
0.262,0.887
0.262,0.887
0.262,0.887
0.262,0.887
0.262,0.887
0.262,0.887
0.262,0.887
0.262,0.887
0.262,0.887
0.262,0.887
0.262,0.887
0.262,0.887
0.262,0.887
0.262,0.887
0.262,0.887
0.262,0.887
0.262,0.887
0.262,0.887
0.262,0.887
0.262,0.887
0.262,0.887
0.262,0.887
0.262,0.887
0.262,0.887
0.262,0.887
0.262,0.887
0.262,0.887
0.262,0.887
0.262,0.887
0.262,0.887
0.262,0.887
0.262,0.887
0.262,0.887
0.262,0.887
0.262,0.887
0.262,0.887
0.262,0.887
0.262,0.887
0.262,0.887
0.262,0.887
0.262,0.887
0.262,0.887
0.262,0.887
0.262,0.887
0.262,0.887
0.262,0.887
0.262,0.887
0.262,0.887
0.262,0.887
0.262,0.887
0.262,0.887
0.262,0.887
0.262,0.887
0.262,0.887
0.262,0.887
0.262,0.887
0.262,0.887
0.262,0.887
0.262,0.887
0.262,0.887
0.262,0.887
0.262,0.887
0.262,0.887
0.262,0.887
0.262,0.887
0.262,0.887
0.262,0.887
0.262,0.887
0.262,0.887
0.262,0.887
0.262,0.887
0.262,0.887
0.262,0.887
0.262,0.887
0.262,0.887
0.262,0.887
0.262,0.887
0.262,0.887
0.262,0.887
0.262,0.887
0.262,0.887
0.262,0.887
0.262,0.887
0.262,0.887
0.262,0.887
0.262,0.887
0.262,0.887
0.262,0.887
0.262,0.887
0.262,0.887
0.262,0.887
0.262,0.887
0.262,0.887
0.262,0.887
0.262,0.887
0.262,0.887
0.262,0.887
0.262,0.887
0.262,0.887
0.262,0.887
0.262,0.887
0.262,0.887
0.262,0.887
0.262,0.887
0.262,0.887
0.262,0.887
0.262,0.887
0.262,0.887
0.262,0.887
0.262,0.887
0.262,0.887
0.262,0.887
0.262,0.887
0.262,0.887
0.262,0.887
0.262,0.887
0.262,0.887
0.262,0.887
0.262,0.887
0.262,0.887
0.262,0.887
0.262,0.887
0.262,0.887
0.262,0.887
0.262,0.887
0.262,0.887
0.262,0.887
0.262,0.887
0.262,0.887
0.262,0.887
0.262,0.887
0.262,0.887
0.262,0.887
0.262,0.887
0.262,0.887
0.262,0.887
0.262,0.887
0.262,0.887
0.262,0.887
0.262,0.887
0.262,0.887
0.262,0.887
0.262,0.887
0.262,0.887
0.262,0.887
0.262,0.887
0.262,0.887
0.262,0.887
0.262,0.887
0.262,0.887
0.262,0.887
0.262,0.887
0.262,0.887
0.262,0.887
0.262,0.887
0.262,0.887
0.262,0.887
0.262,0.887
0.262,0.887
0.262,0.887
0.262,0.887
0.262,0.887
0.262,0.887
0.262,0.887
0.262,0.887
0.262,0.887
0.262,0.887
0.262,0.887
0.262,0.887
0.262,0.887
0.262,0.887
0.262,0.887
0.262,0.887
0.262,0.887
0.262,0.887
0.262,0.887
0.262,0.887
0.262,0.887
0.262,0.887
0.262,0.887
0.262,0.887
0.262,0.887
0.262,0.887
0.262,0.887
0.262,0.887
0.262,0.887
0.262,0.887
0.262,0.887
0.262,0.887
0.262,0.887
0.262,0.887
0.262,0.887
0.262,0.887
0.262,0.887
0.262,0.887
0.262,0.887
0.262,0.887
0.262,0.887
0.262,0.887
0.262,0.887
0.262,0.887
0.262,0.887
0.262,0.887
0.262,0.887
0.262,0.887
0.262,0.887
0.262,0.887
0.262,0.887
0.262,0.887
0.262,0.887
0.262,0.887
0.262,0.887
0.262,0.887
0.262,0.887
0.262,0.887
0.262,0.887
0.262,0.887
0.262,0.887
0.262,0.887
0.262,0.887
0.262,0.887
0.262,0.887
0.262,0.887
0.262,0.887
0.262,0.887
0.262,0.887
0.262,0.887
0.262,0.887
0.262,0.887
0.262,0.887
0.262,0.887
0.262,0.887
0.262,0.887
0.262,0.887
0.262,0.887
0.262,0.887
0.262,0.887
0.262,0.887
0.262,0.887
0.262,0.887
0.262,0.887
0.262,0.887
0.262,0.887
0.262,0.887
0.262,0.887
0.262,0.887
0.262,0.887
0.262,0.887
0.262,0.887
0.262,0.887
0.262,0.887
0.262,0.887
0.262,0.887
0.262,0.887
0.262,0.887
0.262,0.887
0.262,0.887
0.262,0.887
0.262,0.887
0.262,0.887
0.262,0.887
0.262,0.887
0.262,0.887
0.262,0.887
0.262,0.887
0.262,0.887
0.262,0.887
0.262,0.887
0.262,0.887
0.262,0.887
0.262,0.887
0.262,0.887
0.262,0.887
0.262,0.887
0.262,0.887
0.262,0.887
0.262,0.887
0.262,0.887
0.262,0.887
0.262,0.887
0.262,0.887
0.262,0.887
0.262,0.887
0.262,0.887
0.262,0.887
0.262,0.887
0.262,0.887
0.262,0.887
0.262,0.887
0.262,0.887
0.262,0.887
0.262,0.887
0.262,0.887
0.262,0.887
0.262,0.887
0.262,0.887
0.262,0.887
0.262,0.887
0.262,0.887
0.262,0.887
0.262,0.887
0.262,0.887
0.262,0.887
0.262,0.887
0.262,0.887
0.262,0.887
0.262,0.887
0.262,0.887
0.262,0.887
0.262,0.887
0.262,0.887
0.262,0.887
0.262,0.887
0.262,0.887
0.262,0.887
0.262,0.887
0.262,0.887
0.262,0.887
0.262,0.887
0.262,0.887
0.262,0.887
0.262,0.887
0.262,0.887
0.262,0.887
0.262,0.887
0.262,0.887
0.262,0.887
0.262,0.887
0.262,0.887
0.262,0.887
0.262,0.887
0.262,0.887
0.262,0.887
0.262,0.887
0.262,0.887
0.262,0.887
0.262,0.887
0.262,0.887
0.262,0.887
0.262,0.887
0.262,0.887
0.262,0.887
0.262,0.887
0.262,0.887
0.262,0.887
0.262,0.887
0.262,0.887
0.262,0.887
0.262,0.887
0.262,0.887
0.262,0.887
0.262,0.887
0.262,0.887
0.262,0.887
0.262,0.887
0.262,0.887
0.262,0.887
0.262,0.887
0.262,0.887
0.262,0.887
0.262,0.887
0.262,0.887
0.262,0.887
0.262,0.887
0.262,0.887
0.262,0.887
0.262,0.887
0.262,0.887
0.262,0.887
0.262,0.887
0.262,0.887
0.262,0.887
0.262,0.887
0.262,0.887
0.262,0.887
0.262,0.887
0.262,0.887
0.262,0.887
0.262,0.887
0.262,0.887
0.262,0.887
0.262,0.887
0.262,0.887
0.262,0.887
0.262,0.887
0.262,0.887
0.262,0.887
0.262,0.887
0.262,0.887
0.262,0.887
0.262,0.887
0.262,0.887
0.262,0.887
0.262,0.887
0.262,0.887
0.262,0.887
0.262,0.887
0.262,0.887
0.262,0.887
0.262,0.887
0.262,0.887
0.262,0.887
0.262,0.887
0.262,0.887
0.262,0.887
0.262,0.887
0.262,0.887
0.262,0.887
0.262,0.887
0.262,0.887
0.262,0.887
0.262,0.887
0.262,0.887
0.262,0.887
0.262,0.887
0.262,0.887
0.262,0.887
0.262,0.887
0.262,0.887
0.262,0.887
0.262,0.887
0.262,0.887
0.262,0.887
0.262,0.887
0.262,0.887
0.262,0.887
0.262,0.887
0.262,0.887
0.262,0.887
0.262,0.887
0.262,0.887
0.262,0.887
0.262,0.887
0.262,0.887
0.262,0.887
0.262,0.887
0.262,0.887
0.262,0.887
0.262,0.887
0.262,0.887
0.262,0.887
0.262,0.887
0.262,0.887
0.262,0.887
0.262,0.887
0.262,0.887
0.262,0.887
0.262,0.887
0.262,0.887
0.262,0.887
0.262,0.887
0.262,0.887
0.262,0.887
0.262,0.887
0.262,0.887
0.262,0.887
0.262,0.887
0.262,0.887
0.262,0.887
0.262,0.887
0.262,0.887
0.262,0.887
0.262,0.887
0.262,0.887
0.262,0.887
0.262,0.887
0.262,0.887
0.262,0.887
0.262,0.887
0.262,0.887
0.262,0.887
0.262,0.887
0.262,0.887
0.262,0.887
0.262,0.887
0.262,0.887
0.262,0.887
0.262,0.887
0.262,0.887
0.262,0.887
0.262,0.887
0.262,0.887
0.262,0.887
0.262,0.887
0.262,0.887
0.262,0.887
0.262,0.887
0.262,0.887
0.262,0.887
0.262,0.887
0.262,0.887
0.262,0.887
0.262,0.887
0.262,0.887
0.262,0.887
0.262,0.887
0.262,0.887
0.262,0.887
0.262,0.887
0.262,0.887
0.262,0.887
0.262,0.887
0.262,0.887
0.262,0.887
0.262,0.887
0.262,0.887
0.262,0.887
0.262,0.887
0.262,0.887
0.262,0.887
0.262,0.887
0.262,0.887
0.262,0.887
0.262,0.887
0.262,0.887
0.262,0.887
0.262,0.887
0.262,0.887
0.262,0.887
0.262,0.887
0.262,0.887
0.262,0.887
0.262,0.887
0.262,0.887
0.262,0.887
0.262,0.887
0.262,0.887
0.262,0.887
0.262,0.887
0.262,0.887
0.262,0.887
0.262,0.887
0.262,0.887
0.262,0.887
0.262,0.887
0.262,0.887
0.262,0.887
0.262,0.887
0.262,0.887
0.262,0.887
0.262,0.887
0.262,0.887
0.262,0.887
0.262,0.887
0.262,0.887
0.262,0.887
0.262,0.887
0.262,0.887
0.262,0.887
0.262,0.887
0.262,0.887
0.262,0.887
0.262,0.887
0.262,0.887
0.262,0.887
0.262,0.887
0.262,0.887
0.262,0.887
0.262,0.887
0.262,0.887
0.262,0.887
0.262,0.887
0.262,0.887
0.262,0.887
0.262,0.887
0.262,0.887
0.262,0.887
0.262,0.887
0.262,0.887
0.262,0.887
0.262,0.887
0.262,0.887
0.262,0.887
0.262,0.887
0.262,0.887
0.262,0.887
0.262,0.887
0.262,0.887
0.262,0.887
0.262,0.887
0.262,0.887
0.262,0.887
0.262,0.887
0.262,0.887
0.262,0.887
0.262,0.887
0.262,0.887
0.262,0.887
0.262,0.887
0.262,0.887
0.262,0.887
0.262,0.887
0.262,0.887
0.262,0.887
0.262,0.887
0.262,0.887
0.262,0.887
0.262,0.887
0.262,0.887
0.262,0.887
0.262,0.887
0.262,0.887
0.262,0.887
0.262,0.887
0.262,0.887
0.262,0.887
0.262,0.887
0.262,0.887
0.262,0.887
0.262,0.887
0.262,0.887
0.262,0.887
0.262,0.887
0.262,0.887
0.262,0.887
0.262,0.887
0.262,0.887
0.262,0.887
0.262,0.887
0.262,0.887
0.262,0.887
0.262,0.887
0.262,0.887
0.262,0.887
0.262,0.887
0.262,0.887
0.262,0.887
0.262,0.887
0.262,0.887
0.262,0.887
0.262,0.887
0.262,0.887
0.262,0.887
0.262,0.887
0.262,0.887
0.262,0.887
0.262,0.887
0.262,0.887
0.262,0.887
0.262,0.887
0.262,0.887
0.262,0.887
0.262,0.887
0.262,0.887
0.262,0.887
0.262,0.887
0.262,0.887
0.262,0.887
0.262,0.887
0.262,0.887
0.262,0.887
0.262,0.887
0.262,0.887
0.262,0.887
0.262,0.887
0.262,0.887
0.262,0.887
0.262,0.887
0.262,0.887
0.262,0.887
0.262,0.887
0.262,0.887
0.262,0.887
0.262,0.887
0.262,0.887
0.262,0.887
0.262,0.887
0.262,0.887
0.262,0.887
0.262,0.887
0.262,0.887
0.262,0.887
0.262,0.887
0.262,0.887
0.262,0.887
0.262,0.887
0.262,0.887
0.262,0.887
0.262,0.887
0.262,0.887
0.262,0.887
0.262,0.887
0.262,0.887
0.262,0.887
0.262,0.887
0.262,0.887
0.262,0.887
0.262,0.887
0.262,0.887
0.262,0.887
0.262,0.887
0.262,0.887
0.262,0.887
0.262,0.887
0.262,0.887
0.262,0.887
0.262,0.887
0.262,0.887
0.262,0.887
0.262,0.887
0.262,0.887
0.262,0.887
0.262,0.887
0.262,0.887
0.262,0.887
0.262,0.887
0.262,0.887
0.262,0.887
0.262,0.887
0.262,0.887
0.262,0.887
0.262,0.887
0.262,0.887
0.262,0.887
0.262,0.887
0.262,0.887
0.262,0.887
0.262,0.887
0.262,0.887
0.262,0.887
0.262,0.887
0.262,0.887
0.262,0.887
0.262,0.887
0.262,0.887
0.262,0.887
0.262,0.887
0.262,0.887
0.262,0.887
0.262,0.887
0.262,0.887
0.262,0.887
0.262,0.887
0.262,0.887
0.262,0.887
0.262,0.887
0.262,0.887
0.262,0.887
0.262,0.887
0.262,0.887
0.262,0.887
0.262,0.887
0.262,0.887
0.262,0.887
0.262,0.887
0.262,0.887
0.262,0.887
0.262,0.887
0.262,0.887
0.262,0.887
0.262,0.887
0.262,0.887
0.262,0.887
0.262,0.887
0.262,0.887
0.262,0.887
0.262,0.887
0.262,0.887
0.262,0.887
0.262,0.887
0.262,0.887
0.262,0.887
0.262,0.887
0.262,0.887
0.262,0.887
0.262,0.887
0.262,0.887
0.262,0.887
0.262,0.887
0.262,0.887
0.262,0.887
0.262,0.887
0.262,0.887
0.262,0.887
0.262,0.887
0.262,0.887
0.262,0.887
0.262,0.887
0.262,0.887
0.262,0.887
0.262,0.887
0.262,0.887
0.262,0.887
0.262,0.887
0.262,0.887
0.262,0.887
0.262,0.887
0.262,0.887
0.262,0.887
0.262,0.887
0.262,0.887
0.262,0.887
0.262,0.887
0.262,0.887
0.262,0.887
0.262,0.887
0.262,0.887
0.262,0.887
0.262,0.887
0.262,0.887
0.262,0.887
0.262,0.887
0.262,0.887
0.262,0.887
0.262,0.887
0.262,0.887
0.262,0.887
0.262,0.887
0.262,0.887
0.262,0.887
0.262,0.887
0.262,0.887
0.262,0.887
0.262,0.887
0.262,0.887
0.262,0.887
0.262,0.887
0.262,0.887
0.262,0.887
0.262,0.887
0.262,0.887
0.262,0.887
0.262,0.887
0.262,0.887
0.262,0.887
0.262,0.887
0.262,0.887
0.262,0.887
0.262,0.887
0.262,0.887
0.262,0.887
0.262,0.887
0.262,0.887
0.262,0.887
0.262,0.887
0.262,0.887
0.262,0.887
0.262,0.887
0.262,0.887
0.262,0.887
0.262,0.887
0.262,0.887
0.262,0.887
0.262,0.887
0.262,0.887
0.262,0.887
0.262,0.887
0.262,0.887
0.262,0.887
0.262,0.887
0.262,0.887
0.262,0.887
0.262,0.887
0.262,0.887
0.262,0.887
0.262,0.887
0.262,0.887
0.262,0.887
0.262,0.887
0.262,0.887
0.262,0.887
0.262,0.887
0.262,0.887
0.262,0.887
0.262,0.887
0.262,0.887
0.262,0.887
0.262,0.887
0.262,0.887
0.262,0.887
0.262,0.887
0.262,0.887
0.262,0.887
0.262,0.887
0.262,0.887
0.262,0.887
0.262,0.887
0.262,0.887
0.262,0.887
0.262,0.887
0.262,0.887
0.262,0.887
0.262,0.887
0.262,0.887
0.262,0.887
0.262,0.887
0.262,0.887
0.262,0.887
0.262,0.887
0.262,0.887
0.262,0.887
0.262,0.887
0.262,0.887
0.262,0.887
0.262,0.887
0.262,0.887
0.262,0.887
0.262,0.887
0.262,0.887
0.262,0.887
0.262,0.887
0.262,0.887
0.262,0.887
0.262,0.887
0.262,0.887
0.262,0.887
0.262,0.887
0.262,0.887
0.262,0.887
0.262,0.887
0.262,0.887
0.262,0.887
0.262,0.887
0.262,0.887
0.262,0.887
0.262,0.887
0.262,0.887
0.262,0.887
0.262,0.887
0.262,0.887
0.262,0.887
0.262,0.887
0.262,0.887
0.262,0.887
0.262,0.887
0.262,0.887
0.262,0.887
0.262,0.887
0.262,0.887
0.262,0.887
0.262,0.887
0.262,0.887
0.262,0.887
0.262,0.887
0.262,0.887
0.262,0.887
0.262,0.887
0.262,0.887
0.262,0.887
0.262,0.887
0.262,0.887
0.262,0.887
0.262,0.887
0.262,0.887
0.262,0.887
0.262,0.887
0.262,0.887
0.262,0.887
0.262,0.887
0.262,0.887
0.262,0.887
0.262,0.887
0.262,0.887
0.262,0.887
0.262,0.887
0.262,0.887
0.262,0.887
0.262,0.887
0.262,0.887
0.262,0.887
0.262,0.887
0.262,0.887
0.262,0.887
0.262,0.887
0.262,0.887
0.262,0.887
0.262,0.887
0.262,0.887
0.262,0.887
0.262,0.887
0.262,0.887
0.262,0.887
0.262,0.887
0.262,0.887
0.262,0.887
0.262,0.887
0.262,0.887
0.262,0.887
0.262,0.887
0.262,0.887
0.262,0.887
0.262,0.887
0.262,0.887
0.262,0.887
0.262,0.887
0.262,0.887
0.262,0.887
0.262,0.887
0.262,0.887
0.262,0.887
0.262,0.887
0.262,0.887
0.262,0.887
0.262,0.887
0.262,0.887
0.262,0.887
0.262,0.887
0.262,0.887
0.262,0.887
0.262,0.887
0.262,0.887
0.262,0.887
0.262,0.887
0.262,0.887
0.262,0.887
0.262,0.887
0.262,0.887
0.262,0.887
0.262,0.887
0.262,0.887
0.262,0.887
0.262,0.887
0.262,0.887
0.262,0.887
0.262,0.887
0.262,0.887
0.262,0.887
0.262,0.887
0.262,0.887
0.262,0.887
0.262,0.887
0.262,0.887
0.262,0.887
0.262,0.887
0.262,0.887
0.262,0.887
0.262,0.887
0.262,0.887
0.262,0.887
0.262,0.887
0.262,0.887
0.262,0.887
0.262,0.887
0.262,0.887
0.262,0.887
0.262,0.887
0.262,0.887
0.262,0.887
0.262,0.887
0.262,0.887
0.262,0.887
0.262,0.887
0.262,0.887
0.262,0.887
0.262,0.887
0.262,0.887
0.262,0.887
0.262,0.887
0.262,0.887
0.262,0.887
0.262,0.887
0.262,0.887
0.262,0.887
0.262,0.887
0.262,0.887
0.262,0.887
0.262,0.887
0.262,0.887
0.262,0.887
0.262,0.887
0.262,0.887
0.262,0.887
0.262,0.887
0.262,0.887
0.262,0.887
0.262,0.887
0.262,0.887
0.262,0.887
0.262,0.887
0.262,0.887
0.262,0.887
0.262,0.887
0.262,0.887
0.262,0.887
0.262,0.887
0.262,0.887
0.262,0.887
0.262,0.887
0.262,0.887
0.262,0.887
0.262,0.887
0.262,0.887
0.262,0.887
0.262,0.887
0.262,0.887
0.262,0.887
0.262,0.887
0.262,0.887
0.262,0.887
0.262,0.887
0.262,0.887
0.262,0.887
0.262,0.887
0.262,0.887
0.262,0.887
0.262,0.887
0.262,0.887
0.262,0.887
0.262,0.887
0.262,0.887
0.262,0.887
0.262,0.887
0.262,0.887
0.262,0.887
0.262,0.887
0.262,0.887
0.262,0.887
0.262,0.887
0.262,0.887
0.262,0.887
0.262,0.887
0.262,0.887
0.262,0.887
0.262,0.887
0.262,0.887
0.262,0.887
0.262,0.887
0.262,0.887
0.262,0.887
0.262,0.887
0.262,0.887
0.262,0.887
0.262,0.887
0.262,0.887
0.262,0.887
0.262,0.887
0.262,0.887
0.262,0.887
0.262,0.887
0.262,0.887
0.262,0.887
0.262,0.887
0.262,0.887
0.262,0.887
0.262,0.887
0.262,0.887
0.262,0.887
0.262,0.887
0.262,0.887
0.262,0.887
0.262,0.887
0.262,0.887
0.262,0.887
0.262,0.887
0.262,0.887
0.262,0.887
0.262,0.887
0.262,0.887
0.262,0.887
0.262,0.887
0.262,0.887
0.262,0.887
0.262,0.887
0.262,0.887
0.262,0.887
0.262,0.887
0.262,0.887
0.262,0.887
0.262,0.887
0.262,0.887
0.262,0.887
0.262,0.887
0.262,0.887
0.262,0.887
0.262,0.887
0.262,0.887
0.262,0.887
0.262,0.887
0.262,0.887
0.262,0.887
0.262,0.887
0.262,0.887
0.262,0.887
0.262,0.887
0.262,0.887
0.262,0.887
0.262,0.887
0.262,0.887
0.262,0.887
0.262,0.887
0.262,0.887
0.262,0.887
0.262,0.887
0.262,0.887
0.262,0.887
0.262,0.887
0.262,0.887
0.262,0.887
0.262,0.887
0.262,0.887
0.262,0.887
0.262,0.887
0.262,0.887
0.262,0.887
0.262,0.887
0.262,0.887
0.262,0.887
0.262,0.887
0.262,0.887
0.262,0.887
0.262,0.887
0.262,0.887
0.262,0.887
0.262,0.887
0.262,0.887
0.262,0.887
0.262,0.887
0.262,0.887
0.262,0.887
0.262,0.887
0.262,0.887
0.262,0.887
0.262,0.887
0.262,0.887
0.262,0.887
0.262,0.887
0.262,0.887
0.262,0.887
0.262,0.887
0.262,0.887
0.262,0.887
0.262,0.887
0.262,0.887
0.262,0.887
0.262,0.887
0.262,0.887
0.262,0.887
0.262,0.887
0.262,0.887
0.262,0.887
0.262,0.887
0.262,0.887
0.262,0.887
0.262,0.887
0.262,0.887
0.262,0.887
0.262,0.887
0.262,0.887
0.262,0.887
0.262,0.887
0.262,0.887
0.262,0.887
0.262,0.887
0.262,0.887
0.262,0.887
0.262,0.887
0.262,0.887
0.262,0.887
0.262,0.887
0.262,0.887
0.262,0.887
0.262,0.887
0.262,0.887
0.262,0.887
0.262,0.887
0.262,0.887
0.262,0.887
0.262,0.887
0.262,0.887
0.262,0.887
0.262,0.887
0.262,0.887
0.262,0.887
0.262,0.887
0.262,0.887
0.262,0.887
0.262,0.887
0.262,0.887
0.262,0.887
0.262,0.887
0.262,0.887
0.262,0.887
0.262,0.887
0.262,0.887
0.262,0.887
0.262,0.887
0.262,0.887
0.262,0.887
0.262,0.887
0.262,0.887
0.262,0.887
0.262,0.887
0.262,0.887
0.262,0.887
0.262,0.887
0.262,0.887
0.262,0.887
0.262,0.887
0.262,0.887
0.262,0.887
0.262,0.887
0.262,0.887
0.262,0.887
0.262,0.887
0.262,0.887
0.262,0.887
0.262,0.887
0.262,0.887
0.262,0.887
0.262,0.887
0.262,0.887
0.262,0.887
0.262,0.887
0.262,0.887
0.262,0.887
0.262,0.887
0.262,0.887
0.262,0.887
0.262,0.887
0.262,0.887
0.262,0.887
0.262,0.887
0.262,0.887
0.262,0.887
0.262,0.887
0.262,0.887
0.262,0.887
0.262,0.887
0.262,0.887
0.262,0.887
0.262,0.887
0.262,0.887
0.262,0.887
0.262,0.887
0.262,0.887
0.262,0.887
0.262,0.887
0.262,0.887
0.262,0.887
0.262,0.887
0.262,0.887
0.262,0.887
0.262,0.887
0.262,0.887
0.262,0.887
0.262,0.887
0.262,0.887
0.262,0.887
0.262,0.887
0.262,0.887
0.262,0.887
0.262,0.887
0.262,0.887
0.262,0.887
0.262,0.887
0.262,0.887
0.262,0.887
0.262,0.887
0.262,0.887
0.262,0.887
0.262,0.887
0.262,0.887
0.262,0.887
0.262,0.887
0.262,0.887
0.262,0.887
0.262,0.887
0.262,0.887
0.262,0.887
0.262,0.887
0.262,0.887
0.262,0.887
0.262,0.887
0.262,0.887
0.262,0.887
0.262,0.887
0.262,0.887
0.262,0.887
0.262,0.887
0.262,0.887
0.262,0.887
0.262,0.887
0.262,0.887
0.262,0.887
0.262,0.887
0.262,0.887
0.262,0.887
0.262,0.887
0.262,0.887
0.262,0.887
0.262,0.887
0.262,0.887
0.262,0.887
0.262,0.887
0.262,0.887
0.262,0.887
0.262,0.887
0.262,0.887
0.262,0.887
0.262,0.887
0.262,0.887
0.262,0.887
0.262,0.887
0.262,0.887
0.262,0.887
0.262,0.887
0.262,0.887
0.262,0.887
0.262,0.887
0.262,0.887
0.262,0.887
0.262,0.887
0.262,0.887
0.262,0.887
0.262,0.887
0.262,0.887
0.262,0.887
0.262,0.887
0.262,0.887
0.262,0.887
0.262,0.887
0.262,0.887
0.262,0.887
0.262,0.887
0.262,0.887
0.262,0.887
0.262,0.887
0.262,0.887
0.262,0.887
0.262,0.887
0.262,0.887
0.262,0.887
0.262,0.887
0.262,0.887
0.262,0.887
0.262,0.887
0.262,0.887
0.262,0.887
0.262,0.887
0.262,0.887
0.262,0.887
0.262,0.887
0.262,0.887
0.262,0.887
0.262,0.887
0.262,0.887
0.262,0.887
0.262,0.887
0.262,0.887
0.262,0.887
0.262,0.887
0.262,0.887
0.262,0.887
0.262,0.887
0.262,0.887
0.262,0.887
0.262,0.887
0.262,0.887
0.262,0.887
0.262,0.887
0.262,0.887
0.262,0.887
0.262,0.887
0.262,0.887
0.262,0.887
0.262,0.887
0.262,0.887
0.262,0.887
0.262,0.887
0.262,0.887
0.262,0.887
0.262,0.887
0.262,0.887
0.262,0.887
0.262,0.887
0.262,0.887
0.262,0.887
0.262,0.887
0.262,0.887
0.262,0.887
0.262,0.887
0.262,0.887
0.262,0.887
0.262,0.887
0.262,0.887
0.262,0.887
0.262,0.887
0.262,0.887
0.262,0.887
0.262,0.887
0.262,0.887
0.262,0.887
0.262,0.887
0.262,0.887
0.262,0.887
0.262,0.887
0.262,0.887
0.262,0.887
0.262,0.887
0.262,0.887
0.262,0.887
0.262,0.887
0.262,0.887
0.262,0.887
0.262,0.887
0.262,0.887
0.262,0.887
0.262,0.887
0.262,0.887
0.262,0.887
0.262,0.887
0.262,0.887
0.262,0.887
0.262,0.887
0.262,0.887
0.262,0.887
0.262,0.887
0.262,0.887
0.262,0.887
0.262,0.887
0.262,0.887
0.262,0.887
0.262,0.887
0.262,0.887
0.262,0.887
0.262,0.887
0.262,0.887
0.262,0.887
0.262,0.887
0.262,0.887
0.262,0.887
0.262,0.887
0.262,0.887
0.262,0.887
0.262,0.887
0.262,0.887
0.262,0.887
0.262,0.887
0.262,0.887
0.262,0.887
0.262,0.887
0.262,0.887
0.262,0.887
0.262,0.887
0.262,0.887
0.262,0.887
0.262,0.887
0.262,0.887
0.262,0.887
0.262,0.887
0.262,0.887
0.262,0.887
0.262,0.887
0.262,0.887
0.262,0.887
0.262,0.887
0.262,0.887
0.262,0.887
0.262,0.887
0.262,0.887
0.262,0.887
0.262,0.887
0.262,0.887
0.262,0.887
0.262,0.887
0.262,0.887
0.262,0.887
0.262,0.887
0.262,0.887
0.262,0.887
0.262,0.887
0.262,0.887
0.262,0.887
0.262,0.887
0.262,0.887
0.262,0.887
0.262,0.887
0.262,0.887
0.262,0.887
0.262,0.887
0.262,0.887
0.262,0.887
0.262,0.887
0.262,0.887
0.262,0.887
0.262,0.887
0.262,0.887
0.262,0.887
0.262,0.887
0.262,0.887
0.262,0.887
0.262,0.887
0.262,0.887
0.262,0.887
0.262,0.887
0.262,0.887
0.262,0.887
0.262,0.887
0.262,0.887
0.262,0.887
0.262,0.887
0.262,0.887
0.262,0.887
0.262,0.887
0.262,0.887
0.262,0.887
0.262,0.887
0.262,0.887
0.262,0.887
0.262,0.887
0.262,0.887
0.262,0.887
0.262,0.887
0.262,0.887
0.262,0.887
0.262,0.887
0.262,0.887
0.262,0.887
0.262,0.887
0.262,0.887
0.262,0.887
0.262,0.887
0.262,0.887
0.262,0.887
0.262,0.887
0.262,0.887
0.262,0.887
0.262,0.887
0.262,0.887
0.262,0.887
0.262,0.887
0.262,0.887
0.262,0.887
0.262,0.887
0.262,0.887
0.262,0.887
0.262,0.887
0.262,0.887
0.262,0.887
0.262,0.887
0.262,0.887
0.262,0.887
0.262,0.887
0.262,0.887
0.262,0.887
0.262,0.887
0.262,0.887
0.262,0.887
0.262,0.887
0.262,0.887
0.262,0.887
0.262,0.887
0.262,0.887
0.262,0.887
0.262,0.887
0.262,0.887
0.262,0.887
0.262,0.887
0.262,0.887
0.262,0.887
0.262,0.887
0.262,0.887
0.262,0.887
0.262,0.887
0.262,0.887
0.262,0.887
0.262,0.887
0.262,0.887
0.262,0.887
0.262,0.887
0.262,0.887
0.262,0.887
0.262,0.887
0.262,0.887
0.262,0.887
0.262,0.887
0.262,0.887
0.262,0.887
0.262,0.887
0.262,0.887
0.262,0.887
0.262,0.887
0.262,0.887
0.262,0.887
0.262,0.887
0.262,0.887
0.262,0.887
0.262,0.887
0.262,0.887
0.262,0.887
0.262,0.887
0.262,0.887
0.262,0.887
0.262,0.887
0.262,0.887
0.262,0.887
0.262,0.887
0.262,0.887
0.262,0.887
0.262,0.887
0.262,0.887
0.262,0.887
0.262,0.887
0.262,0.887
0.262,0.887
0.262,0.887
0.262,0.887
0.262,0.887
0.262,0.887
0.262,0.887
0.262,0.887
0.262,0.887
0.262,0.887
0.262,0.887
0.262,0.887
0.262,0.887
0.262,0.887
0.262,0.887
0.262,0.887
0.262,0.887
0.262,0.887
0.262,0.887
0.262,0.887
0.262,0.887
0.262,0.887
0.262,0.887
0.262,0.887
0.262,0.887
0.262,0.887
0.262,0.887
0.262,0.887
0.262,0.887
0.262,0.887
0.262,0.887
0.262,0.887
0.262,0.887
0.262,0.887
0.262,0.887
0.262,0.887
0.262,0.887
0.262,0.887
0.262,0.887
0.262,0.887
0.262,0.887
0.262,0.887
0.262,0.887
0.262,0.887
0.262,0.887
0.262,0.887
0.262,0.887
0.262,0.887
0.262,0.887
0.262,0.887
0.262,0.887
0.262,0.887
0.262,0.887
0.262,0.887
0.262,0.887
0.262,0.887
0.262,0.887
0.262,0.887
0.262,0.887
0.262,0.887
0.262,0.887
0.262,0.887
0.262,0.887
0.262,0.887
0.262,0.887
0.262,0.887
0.262,0.887
0.262,0.887
0.262,0.887
0.262,0.887
0.262,0.887
0.262,0.887
0.262,0.887
0.262,0.887
0.262,0.887
0.262,0.887
0.262,0.887
0.262,0.887
0.262,0.887
0.262,0.887
0.262,0.887
0.262,0.887
0.262,0.887
0.262,0.887
0.262,0.887
0.262,0.887
0.262,0.887
0.262,0.887
0.262,0.887
0.262,0.887
0.262,0.887
0.262,0.887
0.262,0.887
0.262,0.887
0.262,0.887
0.262,0.887
0.262,0.887
0.262,0.887
0.262,0.887
0.262,0.887
0.262,0.887
0.262,0.887
0.262,0.887
0.262,0.887
0.262,0.887
0.262,0.887
0.262,0.887
0.262,0.887
0.262,0.887
0.262,0.887
0.262,0.887
0.262,0.887
0.262,0.887
0.262,0.887
0.262,0.887
0.262,0.887
0.262,0.887
0.262,0.887
0.262,0.887
0.262,0.887
0.262,0.887
0.262,0.887
0.262,0.887
0.262,0.887
0.262,0.887
0.262,0.887
0.262,0.887
0.262,0.887
0.262,0.887
0.262,0.887
0.262,0.887
0.262,0.887
0.262,0.887
0.262,0.887
0.262,0.887
0.262,0.887
0.262,0.887
0.262,0.887
0.262,0.887
0.262,0.887
0.262,0.887
0.262,0.887
0.262,0.887
0.262,0.887
0.262,0.887
0.262,0.887
0.262,0.887
0.262,0.887
0.262,0.887
0.262,0.887
0.262,0.887
0.262,0.887
0.262,0.887
0.262,0.887
0.262,0.887
0.262,0.887
0.262,0.887
0.262,0.887
0.262,0.887
0.262,0.887
0.262,0.887
0.262,0.887
0.262,0.887
0.262,0.887
0.262,0.887
0.262,0.887
0.262,0.887
0.262,0.887
0.262,0.887
0.262,0.887
0.262,0.887
0.262,0.887
0.262,0.887
0.262,0.887
0.262,0.887
0.262,0.887
0.262,0.887
0.262,0.887
0.262,0.887
0.262,0.887
0.262,0.887
0.262,0.887
0.262,0.887
0.262,0.887
0.262,0.887
0.262,0.887
0.262,0.887
0.262,0.887
0.262,0.887
0.262,0.887
0.262,0.887
0.262,0.887
0.262,0.887
0.262,0.887
0.262,0.887
0.262,0.887
0.262,0.887
0.262,0.887
0.262,0.887
0.262,0.887
0.262,0.887
0.262,0.887
0.262,0.887
0.262,0.887
0.262,0.887
0.262,0.887
0.262,0.887
0.262,0.887
0.262,0.887
0.262,0.887
0.262,0.887
0.262,0.887
0.262,0.887
0.262,0.887
0.262,0.887
0.262,0.887
0.262,0.887
0.262,0.887
0.262,0.887
0.262,0.887
0.262,0.887
0.262,0.887
0.262,0.887
0.262,0.887
0.262,0.887
0.262,0.887
0.262,0.887
0.262,0.887
0.262,0.887
0.262,0.887
0.262,0.887
0.262,0.887
0.262,0.887
0.262,0.887
0.262,0.887
0.262,0.887
0.262,0.887
0.262,0.887
0.262,0.887
0.262,0.887
0.262,0.887
0.262,0.887
0.262,0.887
0.262,0.887
0.262,0.887
0.262,0.887
0.262,0.887
0.262,0.887
0.262,0.887
0.262,0.887
0.262,0.887
0.262,0.887
0.262,0.887
0.262,0.887
0.262,0.887
0.262,0.887
0.262,0.887
0.262,0.887
0.262,0.887
0.262,0.887
0.262,0.887
0.262,0.887
0.262,0.887
0.262,0.887
0.262,0.887
0.262,0.887
0.262,0.887
0.262,0.887
0.262,0.887
0.262,0.887
0.262,0.887
0.262,0.887
0.262,0.887
0.262,0.887
0.262,0.887
0.262,0.887
0.262,0.887
0.262,0.887
0.262,0.887
0.262,0.887
0.262,0.887
0.262,0.887
0.262,0.887
0.262,0.887
0.262,0.887
0.262,0.887
0.262,0.887
0.262,0.887
0.262,0.887
0.262,0.887
0.262,0.887
0.262,0.887
0.262,0.887
0.262,0.887
0.262,0.887
0.262,0.887
0.262,0.887
0.262,0.887
0.262,0.887
0.262,0.887
0.262,0.887
0.262,0.887
0.262,0.887
0.262,0.887
0.262,0.887
0.262,0.887
0.262,0.887
0.262,0.887
0.262,0.887
0.262,0.887
0.262,0.887
0.262,0.887
0.262,0.887
0.262,0.887
0.262,0.887
0.262,0.887
0.262,0.887
0.262,0.887
0.262,0.887
0.262,0.887
0.262,0.887
0.262,0.887
0.262,0.887
0.262,0.887
0.262,0.887
0.262,0.887
0.262,0.887
0.262,0.887
0.262,0.887
0.262,0.887
0.262,0.887
0.262,0.887
0.262,0.887
0.262,0.887
0.262,0.887
0.262,0.887
0.262,0.887
0.262,0.887
0.262,0.887
0.262,0.887
0.262,0.887
0.262,0.887
0.262,0.887
0.262,0.887
0.262,0.887
0.262,0.887
0.262,0.887
0.262,0.887
0.262,0.887
0.262,0.887
0.262,0.887
0.262,0.887
0.262,0.887
0.262,0.887
0.262,0.887
0.262,0.887
0.262,0.887
0.262,0.887
0.262,0.887
0.262,0.887
0.262,0.887
0.262,0.887
0.262,0.887
0.262,0.887
0.262,0.887
0.262,0.887
0.262,0.887
0.262,0.887
0.262,0.887
0.262,0.887
0.262,0.887
0.262,0.887
0.262,0.887
0.262,0.887
0.262,0.887
0.262,0.887
0.262,0.887
0.262,0.887
0.262,0.887
0.262,0.887
0.262,0.887
0.262,0.887
0.262,0.887
0.262,0.887
0.262,0.887
0.262,0.887
0.262,0.887
0.262,0.887
0.262,0.887
0.262,0.887
0.262,0.887
0.262,0.887
0.262,0.887
0.262,0.887
0.262,0.887
0.262,0.887
0.262,0.887
0.262,0.887
0.262,0.887
0.262,0.887
0.262,0.887
0.262,0.887
0.262,0.887
0.262,0.887
0.262,0.887
0.262,0.887
0.262,0.887
0.262,0.887
0.262,0.887
0.262,0.887
0.262,0.887
0.262,0.887
0.262,0.887
0.262,0.887
0.262,0.887
0.262,0.887
0.262,0.887
0.262,0.887
0.262,0.887
0.262,0.887
0.262,0.887
0.262,0.887
0.262,0.887
0.262,0.887
0.262,0.887
0.262,0.887
0.262,0.887
0.262,0.887
0.262,0.887
0.262,0.887
0.262,0.887
0.262,0.887
0.262,0.887
0.262,0.887
0.262,0.887
0.262,0.887
0.262,0.887
0.262,0.887
0.262,0.887
0.262,0.887
0.262,0.887
0.262,0.887
0.262,0.887
0.262,0.887
0.262,0.887
0.262,0.887
0.262,0.887
0.262,0.887
0.262,0.887
0.262,0.887
0.262,0.887
0.262,0.887
0.262,0.887
0.262,0.887
0.262,0.887
0.262,0.887
0.262,0.887
0.262,0.887
0.262,0.887
0.262,0.887
0.262,0.887
0.262,0.887
0.262,0.887
0.262,0.887
0.262,0.887
0.262,0.887
0.262,0.887
0.262,0.887
0.262,0.887
0.262,0.887
0.262,0.887
0.262,0.887
0.262,0.887
0.262,0.887
0.262,0.887
0.262,0.887
0.262,0.887
0.262,0.887
0.262,0.887
0.262,0.887
0.262,0.887
0.262,0.887
0.262,0.887
0.262,0.887
0.262,0.887
0.262,0.887
0.262,0.887
0.262,0.887
0.262,0.887
0.262,0.887
0.262,0.887
0.262,0.887
0.262,0.887
0.262,0.887
0.262,0.887
0.262,0.887
0.262,0.887
0.262,0.887
0.262,0.887
0.262,0.887
0.262,0.887
0.262,0.887
0.262,0.887
0.262,0.887
0.262,0.887
0.262,0.887
0.262,0.887
0.262,0.887
0.262,0.887
0.262,0.887
0.262,0.887
0.262,0.887
0.262,0.887
0.262,0.887
0.262,0.887
0.262,0.887
0.262,0.887
0.262,0.887
0.262,0.887
0.262,0.887
0.262,0.887
0.262,0.887
0.262,0.887
0.262,0.887
0.262,0.887
0.262,0.887
0.262,0.887
0.262,0.887
0.262,0.887
0.262,0.887
0.262,0.887
0.262,0.887
0.262,0.887
0.262,0.887
0.262,0.887
0.262,0.887
0.262,0.887
0.262,0.887
0.262,0.887
0.262,0.887
0.262,0.887
0.262,0.887
0.262,0.887
0.262,0.887
0.262,0.887
0.262,0.887
0.262,0.887
0.262,0.887
0.262,0.887
0.262,0.887
0.262,0.887
0.262,0.887
0.262,0.887
0.262,0.887
0.262,0.887
0.262,0.887
0.262,0.887
0.262,0.887
0.262,0.887
0.262,0.887
0.262,0.887
0.262,0.887
0.262,0.887
0.262,0.887
0.262,0.887
0.262,0.887
0.262,0.887
0.262,0.887
0.262,0.887
0.262,0.887
0.262,0.887
0.262,0.887
0.262,0.887
0.262,0.887
0.262,0.887
0.262,0.887
0.262,0.887
0.262,0.887
0.262,0.887
0.262,0.887
0.262,0.887
0.262,0.887
0.262,0.887
0.262,0.887
0.262,0.887
0.262,0.887
0.262,0.887
0.262,0.887
0.262,0.887
0.262,0.887
0.262,0.887
0.262,0.887
0.262,0.887
0.262,0.887
0.262,0.887
0.262,0.887
0.262,0.887
0.262,0.887
0.262,0.887
0.262,0.887
0.262,0.887
0.262,0.887
0.262,0.887
0.262,0.887
0.262,0.887
0.262,0.887
0.262,0.887
0.262,0.887
0.262,0.887
0.262,0.887
0.262,0.887
0.262,0.887
0.262,0.887
0.262,0.887
0.262,0.887
0.262,0.887
0.262,0.887
0.262,0.887
0.262,0.887
0.262,0.887
0.262,0.887
0.262,0.887
0.262,0.887
0.262,0.887
0.262,0.887
0.262,0.887
0.262,0.887
0.262,0.887
0.262,0.887
0.262,0.887
0.262,0.887
0.262,0.887
0.262,0.887
0.262,0.887
0.262,0.887
0.262,0.887
0.262,0.887
0.262,0.887
0.262,0.887
0.262,0.887
0.262,0.887
0.262,0.887
0.262,0.887
0.262,0.887
0.262,0.887
0.262,0.887
0.262,0.887
0.262,0.887
0.262,0.887
0.262,0.887
0.262,0.887
0.262,0.887
0.262,0.887
0.262,0.887
0.262,0.887
0.262,0.887
0.262,0.887
0.262,0.887
0.262,0.887
0.262,0.887
0.262,0.887
0.262,0.887
0.262,0.887
0.262,0.887
0.262,0.887
0.262,0.887
0.262,0.887
0.262,0.887
0.262,0.887
0.262,0.887
0.262,0.887
0.262,0.887
0.262,0.887
0.262,0.887
0.262,0.887
0.262,0.887
0.262,0.887
0.262,0.887
0.262,0.887
0.262,0.887
0.262,0.887
0.262,0.887
0.262,0.887
0.262,0.887
0.262,0.887
0.262,0.887
0.262,0.887
0.262,0.887
0.262,0.887
0.262,0.887
0.262,0.887
0.262,0.887
0.262,0.887
0.262,0.887
0.262,0.887
0.262,0.887
0.262,0.887
0.262,0.887
0.262,0.887
0.262,0.887
0.262,0.887
0.262,0.887
0.262,0.887
0.262,0.887
0.262,0.887
0.262,0.887
0.262,0.887
0.262,0.887
0.262,0.887
0.262,0.887
0.262,0.887
0.262,0.887
0.262,0.887
0.262,0.887
0.262,0.887
0.262,0.887
0.262,0.887
0.262,0.887
0.262,0.887
0.262,0.887
0.262,0.887
0.262,0.887
0.262,0.887
0.262,0.887
0.262,0.887
0.262,0.887
0.262,0.887
0.262,0.887
0.262,0.887
0.262,0.887
0.262,0.887
0.262,0.887
0.262,0.887
0.262,0.887
0.262,0.887
0.262,0.887
0.262,0.887
0.262,0.887
0.262,0.887
0.262,0.887
0.262,0.887
0.262,0.887
0.262,0.887
0.262,0.887
0.262,0.887
0.262,0.887
0.262,0.887
0.262,0.887
0.262,0.887
0.262,0.887
0.262,0.887
0.262,0.887
0.262,0.887
0.262,0.887
0.262,0.887
0.262,0.887
0.262,0.887
0.262,0.887
0.262,0.887
0.262,0.887
0.262,0.887
0.262,0.887
0.262,0.887
0.262,0.887
0.262,0.887
0.262,0.887
0.262,0.887
0.262,0.887
0.262,0.887
0.262,0.887
0.262,0.887
0.262,0.887
0.262,0.887
0.262,0.887
0.262,0.887
0.262,0.887
0.262,0.887
0.262,0.887
0.262,0.887
0.262,0.887
0.262,0.887
0.262,0.887
0.262,0.887
0.262,0.887
0.262,0.887
0.262,0.887
0.262,0.887
0.262,0.887
0.262,0.887
0.262,0.887
0.262,0.887
0.262,0.887
0.262,0.887
0.262,0.887
0.262,0.887
0.262,0.887
0.262,0.887
0.262,0.887
0.262,0.887
0.262,0.887
0.262,0.887
0.262,0.887
0.262,0.887
0.262,0.887
0.262,0.887
0.262,0.887
0.262,0.887
0.262,0.887
0.262,0.887
0.262,0.887
0.262,0.887
0.262,0.887
0.262,0.887
0.262,0.887
0.262,0.887
0.262,0.887
0.262,0.887
0.262,0.887
0.262,0.887
0.262,0.887
0.262,0.887
0.262,0.887
0.262,0.887
0.262,0.887
0.262,0.887
0.262,0.887
0.262,0.887
0.262,0.887
0.262,0.887
0.262,0.887
0.262,0.887
0.262,0.887
0.262,0.887
0.262,0.887
0.262,0.887
0.262,0.887
0.262,0.887
0.262,0.887
0.262,0.887
0.262,0.887
0.262,0.887
0.262,0.887
0.262,0.887
0.262,0.887
0.262,0.887
0.262,0.887
0.262,0.887
0.262,0.887
0.262,0.887
0.262,0.887
0.262,0.887
0.262,0.887
0.262,0.887
0.262,0.887
0.262,0.887
0.262,0.887
0.262,0.887
0.262,0.887
0.262,0.887
0.262,0.887
0.262,0.887
0.262,0.887
0.262,0.887
0.262,0.887
0.262,0.887
0.262,0.887
0.262,0.887
0.262,0.887
0.262,0.887
0.262,0.887
0.262,0.887
0.262,0.887
0.262,0.887
0.262,0.887
0.262,0.887
0.262,0.887
0.262,0.887
0.262,0.887
0.262,0.887
0.262,0.887
0.262,0.887
0.262,0.887
0.262,0.887
0.262,0.887
0.262,0.887
0.262,0.887
0.262,0.887
0.262,0.887
0.262,0.887
0.262,0.887
0.262,0.887
0.262,0.887
0.262,0.887
0.262,0.887
0.262,0.887
0.262,0.887
0.262,0.887
0.262,0.887
0.262,0.887
0.262,0.887
0.262,0.887
0.262,0.887
0.262,0.887
0.262,0.887
0.262,0.887
0.262,0.887
0.262,0.887
0.262,0.887
0.262,0.887
0.262,0.887
0.262,0.887
0.262,0.887
0.262,0.887
0.262,0.887
0.262,0.887
0.262,0.887
0.262,0.887
0.262,0.887
0.262,0.887
0.262,0.887
0.262,0.887
0.262,0.887
0.262,0.887
0.262,0.887
0.262,0.887
0.262,0.887
0.262,0.887
0.262,0.887
0.262,0.887
0.262,0.887
0.262,0.887
0.262,0.887
0.262,0.887
0.262,0.887
0.262,0.887
0.262,0.887
0.262,0.887
0.262,0.887
0.262,0.887
0.262,0.887
0.262,0.887
0.262,0.887
0.262,0.887
0.262,0.887
0.262,0.887
0.262,0.887
0.262,0.887
0.262,0.887
0.262,0.887
0.262,0.887
0.262,0.887
0.262,0.887
0.262,0.887
0.262,0.887
0.262,0.887
0.262,0.887
0.262,0.887
0.262,0.887
0.262,0.887
0.262,0.887
0.262,0.887
0.262,0.887
0.262,0.887
0.262,0.887
0.262,0.887
0.262,0.887
0.262,0.887
0.262,0.887
0.262,0.887
0.262,0.887
0.262,0.887
0.262,0.887
0.262,0.887
0.262,0.887
0.262,0.887
0.262,0.887
0.262,0.887
0.262,0.887
0.262,0.887
0.262,0.887
0.262,0.887
0.262,0.887
0.262,0.887
0.262,0.887
0.262,0.887
0.262,0.887
0.262,0.887
0.262,0.887
0.262,0.887
0.262,0.887
0.262,0.887
0.262,0.887
0.262,0.887
0.262,0.887
0.262,0.887
0.262,0.887
0.262,0.887
0.262,0.887
0.262,0.887
0.262,0.887
0.262,0.887
0.262,0.887
0.262,0.887
0.262,0.887
0.262,0.887
0.262,0.887
0.262,0.887
0.262,0.887
0.262,0.887
0.262,0.887
0.262,0.887
0.262,0.887
0.262,0.887
0.262,0.887
0.262,0.887
0.262,0.887
0.262,0.887
0.262,0.887
0.262,0.887
0.262,0.887
0.262,0.887
0.262,0.887
0.262,0.887
0.262,0.887
0.262,0.887
0.262,0.887
0.262,0.887
0.262,0.887
0.262,0.887
0.262,0.887
0.262,0.887
0.262,0.887
0.262,0.887
0.262,0.887
0.262,0.887
0.262,0.887
0.262,0.887
0.262,0.887
0.262,0.887
0.262,0.887
0.262,0.887
0.262,0.887
0.262,0.887
0.262,0.887
0.262,0.887
0.262,0.887
0.262,0.887
0.262,0.887
0.262,0.887
0.262,0.887
0.262,0.887
0.262,0.887
0.262,0.887
0.262,0.887
0.262,0.887
0.262,0.887
0.262,0.887
0.262,0.887
0.262,0.887
0.262,0.887
0.262,0.887
0.262,0.887
0.262,0.887
0.262,0.887
0.262,0.887
0.262,0.887
0.262,0.887
0.262,0.887
0.262,0.887
0.262,0.887
0.262,0.887
0.262,0.887
0.262,0.887
0.262,0.887
0.262,0.887
0.262,0.887
0.262,0.887
0.262,0.887
0.262,0.887
0.262,0.887
0.262,0.887
0.262,0.887
0.262,0.887
0.262,0.887
0.262,0.887
0.262,0.887
0.262,0.887
0.262,0.887
0.262,0.887
0.262,0.887
0.262,0.887
0.262,0.887
0.262,0.887
0.262,0.887
0.262,0.887
0.262,0.887
0.262,0.887
0.262,0.887
0.262,0.887
0.262,0.887
0.262,0.887
0.262,0.887
0.262,0.887
0.262,0.887
0.262,0.887
0.262,0.887
0.262,0.887
0.262,0.887
0.262,0.887
0.262,0.887
0.262,0.887
0.262,0.887
0.262,0.887
0.262,0.887
0.262,0.887
0.262,0.887
0.262,0.887
0.262,0.887
0.262,0.887
0.262,0.887
0.262,0.887
0.262,0.887
0.262,0.887
0.262,0.887
0.262,0.887
0.262,0.887
0.262,0.887
0.262,0.887
0.262,0.887
0.262,0.887
0.262,0.887
0.262,0.887
0.262,0.887
0.262,0.887
0.262,0.887
0.262,0.887
0.262,0.887
0.262,0.887
0.262,0.887
0.262,0.887
0.262,0.887
0.262,0.887
0.262,0.887
0.262,0.887
0.262,0.887
0.262,0.887
0.262,0.887
0.262,0.887
0.262,0.887
0.262,0.887
0.262,0.887
0.262,0.887
0.262,0.887
0.262,0.887
0.262,0.887
0.262,0.887
0.262,0.887
0.262,0.887
0.262,0.887
0.262,0.887
0.262,0.887
0.262,0.887
0.262,0.887
0.262,0.887
0.262,0.887
0.262,0.887
0.262,0.887
0.262,0.887
0.262,0.887
0.262,0.887
0.262,0.887
0.262,0.887
0.262,0.887
0.262,0.887
0.262,0.887
0.262,0.887
0.262,0.887
0.262,0.887
0.262,0.887
0.262,0.887
0.262,0.887
0.262,0.887
0.262,0.887
0.262,0.887
0.262,0.887
0.262,0.887
0.262,0.887
0.262,0.887
0.262,0.887
0.262,0.887
0.262,0.887
0.262,0.887
0.262,0.887
0.262,0.887
0.262,0.887
0.262,0.887
0.262,0.887
0.262,0.887
0.262,0.887
0.262,0.887
0.262,0.887
0.262,0.887
0.262,0.887
0.262,0.887
0.262,0.887
0.262,0.887
0.262,0.887
0.262,0.887
0.262,0.887
0.262,0.887
0.262,0.887
0.262,0.887
0.262,0.887
0.262,0.887
0.262,0.887
0.262,0.887
0.262,0.887
0.262,0.887
0.262,0.887
0.262,0.887
0.262,0.887
0.262,0.887
0.262,0.887
0.262,0.887
0.262,0.887
0.262,0.887
0.262,0.887
0.262,0.887
0.262,0.887
0.262,0.887
0.262,0.887
0.262,0.887
0.262,0.887
0.262,0.887
0.262,0.887
0.262,0.887
0.262,0.887
0.262,0.887
0.262,0.887
0.262,0.887
0.262,0.887
0.262,0.887
0.262,0.887
0.262,0.887
0.262,0.887
0.262,0.887
0.262,0.887
0.262,0.887
0.262,0.887
0.262,0.887
0.262,0.887
0.262,0.887
0.262,0.887
0.262,0.887
0.262,0.887
0.262,0.887
0.262,0.887
0.262,0.887
0.262,0.887
0.262,0.887
0.262,0.887
0.262,0.887
0.262,0.887
0.262,0.887
0.262,0.887
0.262,0.887
0.262,0.887
0.262,0.887
0.262,0.887
0.262,0.887
0.262,0.887
0.262,0.887
0.262,0.887
0.262,0.887
0.262,0.887
0.262,0.887
0.262,0.887
0.262,0.887
0.262,0.887
0.262,0.887
0.262,0.887
0.262,0.887
0.262,0.887
0.262,0.887
0.262,0.887
0.262,0.887
0.262,0.887
0.262,0.887
0.262,0.887
0.262,0.887
0.262,0.887
0.262,0.887
0.262,0.887
0.262,0.887
0.262,0.887
0.262,0.887
0.262,0.887
0.262,0.887
0.262,0.887
0.262,0.887
0.262,0.887
0.262,0.887
0.262,0.887
0.262,0.887
0.262,0.887
0.262,0.887
0.262,0.887
0.262,0.887
0.262,0.887
0.262,0.887
0.262,0.887
0.262,0.887
0.262,0.887
0.262,0.887
0.262,0.887
0.262,0.887
0.262,0.887
0.262,0.887
0.262,0.887
0.262,0.887
0.262,0.887
0.262,0.887
0.262,0.887
0.262,0.887
0.262,0.887
0.262,0.887
0.262,0.887
0.262,0.887
0.262,0.887
0.262,0.887
0.262,0.887
0.262,0.887
0.262,0.887
0.262,0.887
0.262,0.887
0.262,0.887
0.262,0.887
0.262,0.887
0.262,0.887
0.262,0.887
0.262,0.887
0.262,0.887
0.262,0.887
0.262,0.887
0.262,0.887
0.262,0.887
0.262,0.887
0.262,0.887
0.262,0.887
0.262,0.887
0.262,0.887
0.262,0.887
0.262,0.887
0.262,0.887
0.262,0.887
0.262,0.887
0.262,0.887
0.262,0.887
0.262,0.887
0.262,0.887
0.262,0.887
0.262,0.887
0.262,0.887
0.262,0.887
0.262,0.887
0.262,0.887
0.262,0.887
0.262,0.887
0.262,0.887
0.262,0.887
0.262,0.887
0.262,0.887
0.262,0.887
0.262,0.887
0.262,0.887
0.262,0.887
0.262,0.887
0.262,0.887
0.262,0.887
0.262,0.887
0.262,0.887
0.262,0.887
0.262,0.887
0.262,0.887
0.262,0.887
0.262,0.887
0.262,0.887
0.262,0.887
0.262,0.887
0.262,0.887
0.262,0.887
0.262,0.887
0.262,0.887
0.262,0.887
0.262,0.887
0.262,0.887
0.262,0.887
0.262,0.887
0.262,0.887
0.262,0.887
0.262,0.887
0.262,0.887
0.262,0.887
0.262,0.887
0.262,0.887
0.262,0.887
0.262,0.887
0.262,0.887
0.262,0.887
0.262,0.887
0.262,0.887
0.262,0.887
0.262,0.887
0.262,0.887
0.262,0.887
0.262,0.887
0.262,0.887
0.262,0.887
0.262,0.887
0.262,0.887
0.262,0.887
0.262,0.887
0.262,0.887
0.262,0.887
0.262,0.887
0.262,0.887
0.262,0.887
0.262,0.887
0.262,0.887
0.262,0.887
0.262,0.887
0.262,0.887
0.262,0.887
0.262,0.887
0.262,0.887
0.262,0.887
0.262,0.887
0.262,0.887
0.262,0.887
0.262,0.887
0.262,0.887
0.262,0.887
0.262,0.887
0.262,0.887
0.262,0.887
0.262,0.887
0.262,0.887
0.262,0.887
0.262,0.887
0.262,0.887
0.262,0.887
0.262,0.887
0.262,0.887
0.262,0.887
0.262,0.887
0.262,0.887
0.262,0.887
0.262,0.887
0.262,0.887
0.262,0.887
0.262,0.887
0.262,0.887
0.262,0.887
0.262,0.887
0.262,0.887
0.262,0.887
0.262,0.887
0.262,0.887
0.262,0.887
0.262,0.887
0.262,0.887
0.262,0.887
0.262,0.887
0.262,0.887
0.262,0.887
0.262,0.887
0.262,0.887
0.262,0.887
0.262,0.887
0.262,0.887
0.262,0.887
0.262,0.887
0.262,0.887
0.262,0.887
0.262,0.887
0.262,0.887
0.262,0.887
0.262,0.887
0.262,0.887
0.262,0.887
0.262,0.887
0.262,0.887
0.262,0.887
0.262,0.887
0.262,0.887
0.262,0.887
0.262,0.887
0.262,0.887
0.262,0.887
0.262,0.887
0.262,0.887
0.262,0.887
0.262,0.887
0.262,0.887
0.262,0.887
0.262,0.887
0.262,0.887
0.262,0.887
0.262,0.887
0.262,0.887
0.262,0.887
0.262,0.887
0.262,0.887
0.262,0.887
0.262,0.887
0.262,0.887
0.262,0.887
0.262,0.887
0.262,0.887
0.262,0.887
0.262,0.887
0.262,0.887
0.262,0.887
0.262,0.887
0.262,0.887
0.262,0.887
0.262,0.887
0.262,0.887
0.262,0.887
0.262,0.887
0.262,0.887
0.262,0.887
0.262,0.887
0.262,0.887
0.262,0.887
0.262,0.887
0.262,0.887
0.262,0.887
0.262,0.887
0.262,0.887
0.262,0.887
0.262,0.887
0.262,0.887
0.262,0.887
0.262,0.887
0.262,0.887
0.262,0.887
0.262,0.887
0.262,0.887
0.262,0.887
0.262,0.887
0.262,0.887
0.262,0.887
0.262,0.887
0.262,0.887
0.262,0.887
0.262,0.887
0.262,0.887
0.262,0.887
0.262,0.887
0.262,0.887
0.262,0.887
0.262,0.887
0.262,0.887
0.262,0.887
0.262,0.887
0.262,0.887
0.262,0.887
0.262,0.887
0.262,0.887
0.262,0.887
0.262,0.887
0.262,0.887
0.262,0.887
0.262,0.887
0.262,0.887
0.262,0.887
0.262,0.887
0.262,0.887
0.262,0.887
0.262,0.887
0.262,0.887
0.262,0.887
0.262,0.887
0.262,0.887
0.262,0.887
0.262,0.887
0.262,0.887
0.262,0.887
0.262,0.887
0.262,0.887
0.262,0.887
0.262,0.887
0.262,0.887
0.262,0.887
0.262,0.887
0.262,0.887
0.262,0.887
0.262,0.887
0.262,0.887
0.262,0.887
0.262,0.887
0.262,0.887
0.262,0.887
0.262,0.887
0.262,0.887
0.262,0.887
0.262,0.887
0.262,0.887
0.262,0.887
0.262,0.887
0.262,0.887
0.262,0.887
0.262,0.887
0.262,0.887
0.262,0.887
0.262,0.887
0.262,0.887
0.262,0.887
0.262,0.887
0.262,0.887
0.262,0.887
0.262,0.887
0.262,0.887
0.262,0.887
0.262,0.887
0.262,0.887
0.262,0.887
0.262,0.887
0.262,0.887
0.262,0.887
0.262,0.887
0.262,0.887
0.262,0.887
0.262,0.887
0.262,0.887
0.262,0.887
0.262,0.887
0.262,0.887
0.262,0.887
0.262,0.887
0.262,0.887
0.262,0.887
0.262,0.887
0.262,0.887
0.262,0.887
0.262,0.887
0.262,0.887
0.262,0.887
0.262,0.887
0.262,0.887
0.262,0.887
0.262,0.887
0.262,0.887
0.262,0.887
0.262,0.887
0.262,0.887
0.262,0.887
0.262,0.887
0.262,0.887
0.262,0.887
0.262,0.887
0.262,0.887
0.262,0.887
0.262,0.887
0.262,0.887
0.262,0.887
0.262,0.887
0.262,0.887
0.262,0.887
0.262,0.887
0.262,0.887
0.262,0.887
0.262,0.887
0.262,0.887
0.262,0.887
0.262,0.887
0.262,0.887
0.262,0.887
0.262,0.887
0.262,0.887
0.262,0.887
0.262,0.887
0.262,0.887
0.262,0.887
0.262,0.887
0.262,0.887
0.262,0.887
0.262,0.887
0.262,0.887
0.262,0.887
0.262,0.887
0.262,0.887
0.262,0.887
0.262,0.887
0.262,0.887
0.262,0.887
0.262,0.887
0.262,0.887
0.262,0.887
0.262,0.887
0.262,0.887
0.262,0.887
0.262,0.887
0.262,0.887
0.262,0.887
0.262,0.887
0.262,0.887
0.262,0.887
0.262,0.887
0.262,0.887
0.262,0.887
0.262,0.887
0.262,0.887
0.262,0.887
0.262,0.887
0.262,0.887
0.262,0.887
0.262,0.887
0.262,0.887
0.262,0.887
0.262,0.887
0.262,0.887
0.262,0.887
0.262,0.887
0.262,0.887
0.262,0.887
0.262,0.887
0.262,0.887
0.262,0.887
0.262,0.887
0.262,0.887
0.262,0.887
0.262,0.887
0.262,0.887
0.262,0.887
0.262,0.887
0.262,0.887
0.262,0.887
0.262,0.887
0.262,0.887
0.262,0.887
0.262,0.887
0.262,0.887
0.262,0.887
0.262,0.887
0.262,0.887
0.262,0.887
0.262,0.887
0.262,0.887
0.262,0.887
0.262,0.887
0.262,0.887
0.262,0.887
0.262,0.887
0.262,0.887
